rv	V(n003)	Ix(D1:-)
1.000000000000000e-05	8.254546e+00	1.094001e-01
5.000010000000000e+00	8.251330e+00	1.037303e-01
1.000001000000000e+01	8.248356e+00	9.861998e-02
1.500001000000000e+01	8.245592e+00	9.399019e-02
2.000001000000000e+01	8.243013e+00	8.977617e-02
2.500001000000000e+01	8.240600e+00	8.592430e-02
3.000001000000000e+01	8.238333e+00	8.238979e-02
3.500001000000000e+01	8.236197e+00	7.913496e-02
4.000001000000000e+01	8.234179e+00	7.612784e-02
4.500001000000000e+01	8.232266e+00	7.334123e-02
5.000001000000000e+01	8.230451e+00	7.075167e-02
5.500001000000000e+01	8.228724e+00	6.833900e-02
6.000001000000000e+01	8.227077e+00	6.608567e-02
6.500001000000000e+01	8.225506e+00	6.397638e-02
7.000001000000000e+01	8.224001e+00	6.199776e-02
7.500001000000000e+01	8.222561e+00	6.013802e-02
8.000001000000000e+01	8.221177e+00	5.838676e-02
8.500001000000000e+01	8.219847e+00	5.673474e-02
9.000001000000000e+01	8.218568e+00	5.517377e-02
9.500001000000000e+01	8.217335e+00	5.369651e-02
1.000000100000000e+02	8.216146e+00	5.229640e-02
1.050000100000000e+02	8.214997e+00	5.096755e-02
1.100000100000000e+02	8.213887e+00	4.970465e-02
1.150000100000000e+02	8.212813e+00	4.850291e-02
1.200000100000000e+02	8.211773e+00	4.735799e-02
1.250000100000000e+02	8.210765e+00	4.626595e-02
1.300000100000000e+02	8.209787e+00	4.522320e-02
1.350000100000000e+02	8.208837e+00	4.422649e-02
1.400000100000000e+02	8.207913e+00	4.327283e-02
1.450000100000000e+02	8.207016e+00	4.235949e-02
1.500000100000000e+02	8.206142e+00	4.148395e-02
1.550000100000000e+02	8.205292e+00	4.064393e-02
1.600000100000000e+02	8.204463e+00	3.983730e-02
1.650000100000000e+02	8.203655e+00	3.906211e-02
1.700000100000000e+02	8.202868e+00	3.831655e-02
1.750000100000000e+02	8.202099e+00	3.759896e-02
1.800000100000000e+02	8.201347e+00	3.690779e-02
1.850000100000000e+02	8.200614e+00	3.624161e-02
1.900000100000000e+02	8.199897e+00	3.559908e-02
1.950000100000000e+02	8.199196e+00	3.497898e-02
2.000000100000000e+02	8.198509e+00	3.438013e-02
2.050000100000000e+02	8.197838e+00	3.380148e-02
2.100000100000000e+02	8.197180e+00	3.324201e-02
2.150000100000000e+02	8.196536e+00	3.270078e-02
2.200000100000000e+02	8.195905e+00	3.217692e-02
2.250000100000000e+02	8.195288e+00	3.166960e-02
2.300000100000000e+02	8.194680e+00	3.117806e-02
2.350000100000000e+02	8.194084e+00	3.070156e-02
2.400000100000000e+02	8.193501e+00	3.023943e-02
2.450000100000000e+02	8.192926e+00	2.979102e-02
2.500000100000000e+02	8.192363e+00	2.935574e-02
2.550000100000000e+02	8.191810e+00	2.893301e-02
2.600000100000000e+02	8.191266e+00	2.852231e-02
2.650000100000000e+02	8.190732e+00	2.812311e-02
2.700000100000000e+02	8.190207e+00	2.773495e-02
2.750000100000000e+02	8.189691e+00	2.735737e-02
2.800000100000000e+02	8.189182e+00	2.698996e-02
2.850000100000000e+02	8.188683e+00	2.663229e-02
2.900000100000000e+02	8.188190e+00	2.628399e-02
2.950000100000000e+02	8.187707e+00	2.594470e-02
3.000000100000000e+02	8.187230e+00	2.561407e-02
3.050000100000000e+02	8.186760e+00	2.529177e-02
3.100000100000000e+02	8.186297e+00	2.497749e-02
3.150000100000000e+02	8.185843e+00	2.467094e-02
3.200000100000000e+02	8.185393e+00	2.437183e-02
3.250000100000000e+02	8.184951e+00	2.407990e-02
3.300000100000000e+02	8.184514e+00	2.379490e-02
3.350000100000000e+02	8.184084e+00	2.351656e-02
3.400000100000000e+02	8.183661e+00	2.324468e-02
3.450000100000000e+02	8.183242e+00	2.297901e-02
3.500000100000000e+02	8.182829e+00	2.271936e-02
3.550000100000000e+02	8.182422e+00	2.246552e-02
3.600000100000000e+02	8.182019e+00	2.221730e-02
3.650000100000000e+02	8.181623e+00	2.197451e-02
3.700000100000000e+02	8.181231e+00	2.173698e-02
3.750000100000000e+02	8.180844e+00	2.150453e-02
3.800000100000000e+02	8.180463e+00	2.127701e-02
3.850000100000000e+02	8.180085e+00	2.105427e-02
3.900000100000000e+02	8.179713e+00	2.083614e-02
3.950000100000000e+02	8.179346e+00	2.062249e-02
4.000000100000000e+02	8.178982e+00	2.041319e-02
4.050000100000000e+02	8.178622e+00	2.020810e-02
4.100000100000000e+02	8.178267e+00	2.000709e-02
4.150000100000000e+02	8.177916e+00	1.981005e-02
4.200000100000000e+02	8.177568e+00	1.961686e-02
4.250000100000000e+02	8.177225e+00	1.942741e-02
4.300000100000000e+02	8.176886e+00	1.924158e-02
4.350000100000000e+02	8.176550e+00	1.905929e-02
4.400000100000000e+02	8.176218e+00	1.888041e-02
4.450000100000000e+02	8.175890e+00	1.870487e-02
4.500000100000000e+02	8.175565e+00	1.853257e-02
4.550000100000000e+02	8.175243e+00	1.836342e-02
4.600000100000000e+02	8.174925e+00	1.819733e-02
4.650000100000000e+02	8.174610e+00	1.803423e-02
4.700000100000000e+02	8.174298e+00	1.787402e-02
4.750000100000000e+02	8.173990e+00	1.771665e-02
4.800000100000000e+02	8.173685e+00	1.756202e-02
4.850000100000000e+02	8.173383e+00	1.741007e-02
4.900000100000000e+02	8.173083e+00	1.726074e-02
4.950000100000000e+02	8.172788e+00	1.711394e-02
5.000000100000000e+02	8.172494e+00	1.696963e-02
5.050000100000000e+02	8.172203e+00	1.682773e-02
5.100000100000000e+02	8.171915e+00	1.668819e-02
5.150000100000000e+02	8.171630e+00	1.655095e-02
5.200000100000000e+02	8.171348e+00	1.641595e-02
5.250000100000000e+02	8.171068e+00	1.628314e-02
5.300000100000000e+02	8.170791e+00	1.615246e-02
5.350000100000000e+02	8.170516e+00	1.602387e-02
5.400000100000000e+02	8.170243e+00	1.589731e-02
5.450000100000000e+02	8.169973e+00	1.577274e-02
5.500000100000000e+02	8.169706e+00	1.565011e-02
5.550000100000000e+02	8.169441e+00	1.552937e-02
5.600000100000000e+02	8.169178e+00	1.541048e-02
5.650000100000000e+02	8.168918e+00	1.529341e-02
5.700000100000000e+02	8.168659e+00	1.517810e-02
5.750000100000000e+02	8.168403e+00	1.506452e-02
5.800000100000000e+02	8.168149e+00	1.495263e-02
5.850000100000000e+02	8.167897e+00	1.484239e-02
5.900000100000000e+02	8.167647e+00	1.473376e-02
5.950000100000000e+02	8.167399e+00	1.462672e-02
6.000000100000000e+02	8.167155e+00	1.452122e-02
6.050000100000000e+02	8.166911e+00	1.441724e-02
6.100000100000000e+02	8.166670e+00	1.431474e-02
6.150000100000000e+02	8.166430e+00	1.421369e-02
6.200000100000000e+02	8.166191e+00	1.411405e-02
6.250000100000000e+02	8.165956e+00	1.401581e-02
6.300000100000000e+02	8.165721e+00	1.391893e-02
6.350000100000000e+02	8.165488e+00	1.382337e-02
6.400000100000000e+02	8.165257e+00	1.372913e-02
6.450000100000000e+02	8.165029e+00	1.363616e-02
6.500000100000000e+02	8.164802e+00	1.354444e-02
6.550000100000000e+02	8.164576e+00	1.345395e-02
6.600000100000000e+02	8.164352e+00	1.336467e-02
6.650000100000000e+02	8.164130e+00	1.327656e-02
6.700000100000000e+02	8.163910e+00	1.318961e-02
6.750000100000000e+02	8.163691e+00	1.310379e-02
6.800000100000000e+02	8.163473e+00	1.301908e-02
6.850000100000000e+02	8.163258e+00	1.293546e-02
6.900000100000000e+02	8.163043e+00	1.285291e-02
6.950000100000000e+02	8.162830e+00	1.277141e-02
7.000000100000000e+02	8.162620e+00	1.269094e-02
7.050000100000000e+02	8.162410e+00	1.261148e-02
7.100000100000000e+02	8.162202e+00	1.253301e-02
7.150000100000000e+02	8.161995e+00	1.245551e-02
7.200000100000000e+02	8.161789e+00	1.237896e-02
7.250000100000000e+02	8.161586e+00	1.230335e-02
7.300000100000000e+02	8.161383e+00	1.222866e-02
7.350000100000000e+02	8.161181e+00	1.215487e-02
7.400000100000000e+02	8.160981e+00	1.208197e-02
7.450000100000000e+02	8.160783e+00	1.200994e-02
7.500000100000000e+02	8.160585e+00	1.193876e-02
7.550000100000000e+02	8.160390e+00	1.186843e-02
7.600000100000000e+02	8.160195e+00	1.179892e-02
7.650000100000000e+02	8.160002e+00	1.173022e-02
7.700000100000000e+02	8.159809e+00	1.166231e-02
7.750000100000000e+02	8.159618e+00	1.159519e-02
7.800000100000000e+02	8.159429e+00	1.152884e-02
7.850000100000000e+02	8.159240e+00	1.146325e-02
7.900000100000000e+02	8.159053e+00	1.139839e-02
7.950000100000000e+02	8.158867e+00	1.133427e-02
8.000000100000000e+02	8.158682e+00	1.127087e-02
8.050000100000000e+02	8.158498e+00	1.120817e-02
8.100000100000000e+02	8.158315e+00	1.114617e-02
8.150000100000000e+02	8.158134e+00	1.108485e-02
8.200000100000000e+02	8.157953e+00	1.102420e-02
8.250000100000000e+02	8.157774e+00	1.096422e-02
8.300000100000000e+02	8.157594e+00	1.090488e-02
8.350000100000000e+02	8.157416e+00	1.084619e-02
8.400000100000000e+02	8.157240e+00	1.078812e-02
8.450000100000000e+02	8.157064e+00	1.073068e-02
8.500000100000000e+02	8.156890e+00	1.067384e-02
8.550000100000000e+02	8.156716e+00	1.061760e-02
8.600000100000000e+02	8.156545e+00	1.056195e-02
8.650000100000000e+02	8.156373e+00	1.050689e-02
8.700000100000000e+02	8.156202e+00	1.045239e-02
8.750000100000000e+02	8.156034e+00	1.039846e-02
8.800000100000000e+02	8.155865e+00	1.034508e-02
8.850000100000000e+02	8.155697e+00	1.029225e-02
8.900000100000000e+02	8.155531e+00	1.023996e-02
8.950000100000000e+02	8.155365e+00	1.018820e-02
9.000000100000000e+02	8.155200e+00	1.013695e-02
9.050000100000000e+02	8.155037e+00	1.008623e-02
9.100000100000000e+02	8.154874e+00	1.003600e-02
9.150000100000000e+02	8.154712e+00	9.986280e-03
9.200000100000000e+02	8.154551e+00	9.937046e-03
9.250000100000000e+02	8.154390e+00	9.888297e-03
9.300000100000000e+02	8.154230e+00	9.840025e-03
9.350000100000000e+02	8.154072e+00	9.792222e-03
9.400000100000000e+02	8.153914e+00	9.744882e-03
9.450000100000000e+02	8.153757e+00	9.697997e-03
9.500000100000000e+02	8.153601e+00	9.651563e-03
9.550000100000000e+02	8.153446e+00	9.605572e-03
9.600000100000000e+02	8.153292e+00	9.560018e-03
9.650000100000000e+02	8.153137e+00	9.514894e-03
9.700000100000000e+02	8.152985e+00	9.470196e-03
9.750000100000000e+02	8.152832e+00	9.425915e-03
9.800000100000000e+02	8.152681e+00	9.382048e-03
9.850000100000000e+02	8.152531e+00	9.338587e-03
9.900000100000000e+02	8.152381e+00	9.295528e-03
9.950000100000000e+02	8.152231e+00	9.252864e-03
1.000000010000000e+03	8.152083e+00	9.210591e-03
1.005000010000000e+03	8.151936e+00	9.168703e-03
1.010000010000000e+03	8.151789e+00	9.127195e-03
1.015000010000000e+03	8.151642e+00	9.086062e-03
1.020000010000000e+03	8.151497e+00	9.045298e-03
1.025000010000000e+03	8.151352e+00	9.004899e-03
1.030000010000000e+03	8.151208e+00	8.964860e-03
1.035000010000000e+03	8.151065e+00	8.925175e-03
1.040000010000000e+03	8.150922e+00	8.885842e-03
1.045000010000000e+03	8.150780e+00	8.846853e-03
1.050000010000000e+03	8.150639e+00	8.808206e-03
1.055000010000000e+03	8.150497e+00	8.769896e-03
1.060000010000000e+03	8.150358e+00	8.731917e-03
1.065000010000000e+03	8.150218e+00	8.694267e-03
1.070000010000000e+03	8.150080e+00	8.656940e-03
1.075000010000000e+03	8.149941e+00	8.619933e-03
1.080000010000000e+03	8.149804e+00	8.583242e-03
1.085000010000000e+03	8.149668e+00	8.546863e-03
1.090000010000000e+03	8.149531e+00	8.510790e-03
1.095000010000000e+03	8.149396e+00	8.475021e-03
1.100000010000000e+03	8.149261e+00	8.439553e-03
1.105000010000000e+03	8.149126e+00	8.404380e-03
1.110000010000000e+03	8.148993e+00	8.369500e-03
1.115000010000000e+03	8.148859e+00	8.334908e-03
1.120000010000000e+03	8.148726e+00	8.300602e-03
1.125000010000000e+03	8.148595e+00	8.266577e-03
1.130000010000000e+03	8.148463e+00	8.232830e-03
1.135000010000000e+03	8.148333e+00	8.199358e-03
1.140000010000000e+03	8.148203e+00	8.166158e-03
1.145000010000000e+03	8.148073e+00	8.133226e-03
1.150000010000000e+03	8.147943e+00	8.100559e-03
1.155000010000000e+03	8.147815e+00	8.068154e-03
1.160000010000000e+03	8.147687e+00	8.036006e-03
1.165000010000000e+03	8.147560e+00	8.004115e-03
1.170000010000000e+03	8.147432e+00	7.972476e-03
1.175000010000000e+03	8.147306e+00	7.941087e-03
1.180000010000000e+03	8.147181e+00	7.909944e-03
1.185000010000000e+03	8.147056e+00	7.879045e-03
1.190000010000000e+03	8.146931e+00	7.848387e-03
1.195000010000000e+03	8.146807e+00	7.817967e-03
1.200000010000000e+03	8.146683e+00	7.787782e-03
1.205000010000000e+03	8.146560e+00	7.757829e-03
1.210000010000000e+03	8.146437e+00	7.728106e-03
1.215000010000000e+03	8.146315e+00	7.698611e-03
1.220000010000000e+03	8.146193e+00	7.669340e-03
1.225000010000000e+03	8.146071e+00	7.640291e-03
1.230000010000000e+03	8.145950e+00	7.611462e-03
1.235000010000000e+03	8.145830e+00	7.582850e-03
1.240000010000000e+03	8.145711e+00	7.554453e-03
1.245000010000000e+03	8.145592e+00	7.526267e-03
1.250000010000000e+03	8.145473e+00	7.498292e-03
1.255000010000000e+03	8.145354e+00	7.470524e-03
1.260000010000000e+03	8.145236e+00	7.442961e-03
1.265000010000000e+03	8.145119e+00	7.415602e-03
1.270000010000000e+03	8.145002e+00	7.388442e-03
1.275000010000000e+03	8.144886e+00	7.361482e-03
1.280000010000000e+03	8.144770e+00	7.334718e-03
1.285000010000000e+03	8.144654e+00	7.308147e-03
1.290000010000000e+03	8.144539e+00	7.281770e-03
1.295000010000000e+03	8.144424e+00	7.255581e-03
1.300000010000000e+03	8.144310e+00	7.229581e-03
1.305000010000000e+03	8.144197e+00	7.203767e-03
1.310000010000000e+03	8.144083e+00	7.178137e-03
1.315000010000000e+03	8.143970e+00	7.152689e-03
1.320000010000000e+03	8.143858e+00	7.127421e-03
1.325000010000000e+03	8.143745e+00	7.102331e-03
1.330000010000000e+03	8.143634e+00	7.077417e-03
1.335000010000000e+03	8.143522e+00	7.052678e-03
1.340000010000000e+03	8.143412e+00	7.028112e-03
1.345000010000000e+03	8.143301e+00	7.003716e-03
1.350000010000000e+03	8.143190e+00	6.979490e-03
1.355000010000000e+03	8.143081e+00	6.955430e-03
1.360000010000000e+03	8.142971e+00	6.931537e-03
1.365000010000000e+03	8.142862e+00	6.907807e-03
1.370000010000000e+03	8.142754e+00	6.884239e-03
1.375000010000000e+03	8.142646e+00	6.860831e-03
1.380000010000000e+03	8.142538e+00	6.837583e-03
1.385000010000000e+03	8.142431e+00	6.814491e-03
1.390000010000000e+03	8.142323e+00	6.791556e-03
1.395000010000000e+03	8.142218e+00	6.768774e-03
1.400000010000000e+03	8.142111e+00	6.746145e-03
1.405000010000000e+03	8.142006e+00	6.723667e-03
1.410000010000000e+03	8.141900e+00	6.701339e-03
1.415000010000000e+03	8.141795e+00	6.679158e-03
1.420000010000000e+03	8.141690e+00	6.657124e-03
1.425000010000000e+03	8.141586e+00	6.635236e-03
1.430000010000000e+03	8.141482e+00	6.613491e-03
1.435000010000000e+03	8.141378e+00	6.591888e-03
1.440000010000000e+03	8.141275e+00	6.570426e-03
1.445000010000000e+03	8.141172e+00	6.549104e-03
1.450000010000000e+03	8.141070e+00	6.527919e-03
1.455000010000000e+03	8.140968e+00	6.506872e-03
1.460000010000000e+03	8.140866e+00	6.485960e-03
1.465000010000000e+03	8.140765e+00	6.465182e-03
1.470000010000000e+03	8.140664e+00	6.444537e-03
1.475000010000000e+03	8.140563e+00	6.424024e-03
1.480000010000000e+03	8.140463e+00	6.403641e-03
1.485000010000000e+03	8.140363e+00	6.383387e-03
1.490000010000000e+03	8.140263e+00	6.363261e-03
1.495000010000000e+03	8.140163e+00	6.343262e-03
1.500000010000000e+03	8.140064e+00	6.323388e-03
1.505000010000000e+03	8.139966e+00	6.303639e-03
1.510000010000000e+03	8.139868e+00	6.284013e-03
1.515000010000000e+03	8.139770e+00	6.264509e-03
1.520000010000000e+03	8.139671e+00	6.245125e-03
1.525000010000000e+03	8.139574e+00	6.225862e-03
1.530000010000000e+03	8.139477e+00	6.206717e-03
1.535000010000000e+03	8.139380e+00	6.187689e-03
1.540000010000000e+03	8.139284e+00	6.168779e-03
1.545000010000000e+03	8.139188e+00	6.149983e-03
1.550000010000000e+03	8.139091e+00	6.131302e-03
1.555000010000000e+03	8.138996e+00	6.112734e-03
1.560000010000000e+03	8.138901e+00	6.094278e-03
1.565000010000000e+03	8.138806e+00	6.075934e-03
1.570000010000000e+03	8.138711e+00	6.057700e-03
1.575000010000000e+03	8.138617e+00	6.039575e-03
1.580000010000000e+03	8.138523e+00	6.021559e-03
1.585000010000000e+03	8.138429e+00	6.003650e-03
1.590000010000000e+03	8.138335e+00	5.985847e-03
1.595000010000000e+03	8.138243e+00	5.968150e-03
1.600000010000000e+03	8.138149e+00	5.950557e-03
1.605000010000000e+03	8.138057e+00	5.933068e-03
1.610000010000000e+03	8.137964e+00	5.915681e-03
1.615000010000000e+03	8.137873e+00	5.898396e-03
1.620000010000000e+03	8.137781e+00	5.881212e-03
1.625000010000000e+03	8.137690e+00	5.864128e-03
1.630000010000000e+03	8.137598e+00	5.847143e-03
1.635000010000000e+03	8.137507e+00	5.830257e-03
1.640000010000000e+03	8.137417e+00	5.813467e-03
1.645000010000000e+03	8.137326e+00	5.796775e-03
1.650000010000000e+03	8.137237e+00	5.780178e-03
1.655000010000000e+03	8.137147e+00	5.763676e-03
1.660000010000000e+03	8.137057e+00	5.747268e-03
1.665000010000000e+03	8.136968e+00	5.730953e-03
1.670000010000000e+03	8.136879e+00	5.714731e-03
1.675000010000000e+03	8.136790e+00	5.698600e-03
1.680000010000000e+03	8.136702e+00	5.682561e-03
1.685000010000000e+03	8.136614e+00	5.666612e-03
1.690000010000000e+03	8.136525e+00	5.650752e-03
1.695000010000000e+03	8.136438e+00	5.634980e-03
1.700000010000000e+03	8.136351e+00	5.619297e-03
1.705000010000000e+03	8.136263e+00	5.603701e-03
1.710000010000000e+03	8.136176e+00	5.588191e-03
1.715000010000000e+03	8.136089e+00	5.572767e-03
1.720000010000000e+03	8.136003e+00	5.557428e-03
1.725000010000000e+03	8.135918e+00	5.542174e-03
1.730000010000000e+03	8.135831e+00	5.527003e-03
1.735000010000000e+03	8.135746e+00	5.511914e-03
1.740000010000000e+03	8.135660e+00	5.496909e-03
1.745000010000000e+03	8.135575e+00	5.481984e-03
1.750000010000000e+03	8.135490e+00	5.467142e-03
1.755000010000000e+03	8.135406e+00	5.452379e-03
1.760000010000000e+03	8.135321e+00	5.437695e-03
1.765000010000000e+03	8.135237e+00	5.423091e-03
1.770000010000000e+03	8.135153e+00	5.408565e-03
1.775000010000000e+03	8.135069e+00	5.394117e-03
1.780000010000000e+03	8.134986e+00	5.379746e-03
1.785000010000000e+03	8.134902e+00	5.365451e-03
1.790000010000000e+03	8.134819e+00	5.351232e-03
1.795000010000000e+03	8.134737e+00	5.337088e-03
1.800000010000000e+03	8.134654e+00	5.323020e-03
1.805000010000000e+03	8.134572e+00	5.309025e-03
1.810000010000000e+03	8.134490e+00	5.295104e-03
1.815000010000000e+03	8.134408e+00	5.281256e-03
1.820000010000000e+03	8.134326e+00	5.267479e-03
1.825000010000000e+03	8.134245e+00	5.253776e-03
1.830000010000000e+03	8.134164e+00	5.240142e-03
1.835000010000000e+03	8.134083e+00	5.226580e-03
1.840000010000000e+03	8.134002e+00	5.213088e-03
1.845000010000000e+03	8.133921e+00	5.199665e-03
1.850000010000000e+03	8.133841e+00	5.186312e-03
1.855000010000000e+03	8.133760e+00	5.173027e-03
1.860000010000000e+03	8.133680e+00	5.159810e-03
1.865000010000000e+03	8.133601e+00	5.146660e-03
1.870000010000000e+03	8.133522e+00	5.133578e-03
1.875000010000000e+03	8.133442e+00	5.120561e-03
1.880000010000000e+03	8.133364e+00	5.107611e-03
1.885000010000000e+03	8.133285e+00	5.094726e-03
1.890000010000000e+03	8.133205e+00	5.081906e-03
1.895000010000000e+03	8.133127e+00	5.069151e-03
1.900000010000000e+03	8.133049e+00	5.056459e-03
1.905000010000000e+03	8.132971e+00	5.043832e-03
1.910000010000000e+03	8.132894e+00	5.031267e-03
1.915000010000000e+03	8.132815e+00	5.018764e-03
1.920000010000000e+03	8.132738e+00	5.006324e-03
1.925000010000000e+03	8.132661e+00	4.993945e-03
1.930000010000000e+03	8.132585e+00	4.981628e-03
1.935000010000000e+03	8.132507e+00	4.969371e-03
1.940000010000000e+03	8.132431e+00	4.957174e-03
1.945000010000000e+03	8.132355e+00	4.945037e-03
1.950000010000000e+03	8.132278e+00	4.932960e-03
1.955000010000000e+03	8.132202e+00	4.920941e-03
1.960000010000000e+03	8.132126e+00	4.908981e-03
1.965000010000000e+03	8.132051e+00	4.897079e-03
1.970000010000000e+03	8.131975e+00	4.885235e-03
1.975000010000000e+03	8.131900e+00	4.873448e-03
1.980000010000000e+03	8.131824e+00	4.861718e-03
1.985000010000000e+03	8.131750e+00	4.850044e-03
1.990000010000000e+03	8.131676e+00	4.838426e-03
1.995000010000000e+03	8.131600e+00	4.826864e-03
2.000000010000000e+03	8.131527e+00	4.815357e-03
2.005000010000000e+03	8.131453e+00	4.803905e-03
2.010000010000000e+03	8.131378e+00	4.792507e-03
2.015000010000000e+03	8.131305e+00	4.781163e-03
2.020000010000000e+03	8.131231e+00	4.769873e-03
2.025000010000000e+03	8.131158e+00	4.758637e-03
2.030000010000000e+03	8.131084e+00	4.747453e-03
2.035000010000000e+03	8.131011e+00	4.736322e-03
2.040000010000000e+03	8.130939e+00	4.725242e-03
2.045000010000000e+03	8.130866e+00	4.714215e-03
2.050000010000000e+03	8.130794e+00	4.703239e-03
2.055000010000000e+03	8.130721e+00	4.692314e-03
2.060000010000000e+03	8.130649e+00	4.681440e-03
2.065000010000000e+03	8.130577e+00	4.670616e-03
2.070000010000000e+03	8.130506e+00	4.659842e-03
2.075000010000000e+03	8.130434e+00	4.649118e-03
2.080000010000000e+03	8.130363e+00	4.638443e-03
2.085000010000000e+03	8.130291e+00	4.627817e-03
2.090000010000000e+03	8.130219e+00	4.617240e-03
2.095000010000000e+03	8.130149e+00	4.606711e-03
2.100000010000000e+03	8.130078e+00	4.596230e-03
2.105000010000000e+03	8.130008e+00	4.585797e-03
2.110000010000000e+03	8.129937e+00	4.575411e-03
2.115000010000000e+03	8.129867e+00	4.565072e-03
2.120000010000000e+03	8.129797e+00	4.554780e-03
2.125000010000000e+03	8.129726e+00	4.544534e-03
2.130000010000000e+03	8.129657e+00	4.534334e-03
2.135000010000000e+03	8.129587e+00	4.524180e-03
2.140000010000000e+03	8.129518e+00	4.514071e-03
2.145000010000000e+03	8.129449e+00	4.504008e-03
2.150000010000000e+03	8.129379e+00	4.493989e-03
2.155000010000000e+03	8.129311e+00	4.484015e-03
2.160000010000000e+03	8.129242e+00	4.474085e-03
2.165000010000000e+03	8.129173e+00	4.464199e-03
2.170000010000000e+03	8.129105e+00	4.454357e-03
2.175000010000000e+03	8.129036e+00	4.444558e-03
2.180000010000000e+03	8.128968e+00	4.434802e-03
2.185000010000000e+03	8.128901e+00	4.425089e-03
2.190000010000000e+03	8.128832e+00	4.415418e-03
2.195000010000000e+03	8.128764e+00	4.405790e-03
2.200000010000000e+03	8.128697e+00	4.396204e-03
2.205000010000000e+03	8.128630e+00	4.386659e-03
2.210000010000000e+03	8.128562e+00	4.377156e-03
2.215000010000000e+03	8.128495e+00	4.367694e-03
2.220000010000000e+03	8.128428e+00	4.358273e-03
2.225000010000000e+03	8.128362e+00	4.348892e-03
2.230000010000000e+03	8.128295e+00	4.339552e-03
2.235000010000000e+03	8.128228e+00	4.330252e-03
2.240000010000000e+03	8.128162e+00	4.320991e-03
2.245000010000000e+03	8.128096e+00	4.311771e-03
2.250000010000000e+03	8.128030e+00	4.302589e-03
2.255000010000000e+03	8.127964e+00	4.293447e-03
2.260000010000000e+03	8.127898e+00	4.284344e-03
2.265000010000000e+03	8.127832e+00	4.275279e-03
2.270000010000000e+03	8.127768e+00	4.266252e-03
2.275000010000000e+03	8.127702e+00	4.257264e-03
2.280000010000000e+03	8.127637e+00	4.248313e-03
2.285000010000000e+03	8.127572e+00	4.239400e-03
2.290000010000000e+03	8.127506e+00	4.230524e-03
2.295000010000000e+03	8.127442e+00	4.221686e-03
2.300000010000000e+03	8.127378e+00	4.212884e-03
2.305000010000000e+03	8.127313e+00	4.204119e-03
2.310000010000000e+03	8.127249e+00	4.195391e-03
2.315000010000000e+03	8.127184e+00	4.186699e-03
2.320000010000000e+03	8.127120e+00	4.178042e-03
2.325000010000000e+03	8.127056e+00	4.169422e-03
2.330000010000000e+03	8.126992e+00	4.160837e-03
2.335000010000000e+03	8.126929e+00	4.152287e-03
2.340000010000000e+03	8.126865e+00	4.143773e-03
2.345000010000000e+03	8.126802e+00	4.135293e-03
2.350000010000000e+03	8.126739e+00	4.126848e-03
2.355000010000000e+03	8.126676e+00	4.118438e-03
2.360000010000000e+03	8.126613e+00	4.110062e-03
2.365000010000000e+03	8.126550e+00	4.101720e-03
2.370000010000000e+03	8.126488e+00	4.093411e-03
2.375000010000000e+03	8.126425e+00	4.085137e-03
2.380000010000000e+03	8.126362e+00	4.076895e-03
2.385000010000000e+03	8.126300e+00	4.068688e-03
2.390000010000000e+03	8.126238e+00	4.060512e-03
2.395000010000000e+03	8.126176e+00	4.052370e-03
2.400000010000000e+03	8.126114e+00	4.044261e-03
2.405000010000000e+03	8.126052e+00	4.036184e-03
2.410000010000000e+03	8.125991e+00	4.028139e-03
2.415000010000000e+03	8.125929e+00	4.020127e-03
2.420000010000000e+03	8.125868e+00	4.012146e-03
2.425000010000000e+03	8.125806e+00	4.004196e-03
2.430000010000000e+03	8.125745e+00	3.996279e-03
2.435000010000000e+03	8.125684e+00	3.988392e-03
2.440000010000000e+03	8.125623e+00	3.980537e-03
2.445000010000000e+03	8.125563e+00	3.972712e-03
2.450000010000000e+03	8.125502e+00	3.964919e-03
2.455000010000000e+03	8.125442e+00	3.957156e-03
2.460000010000000e+03	8.125381e+00	3.949423e-03
2.465000010000000e+03	8.125320e+00	3.941721e-03
2.470000010000000e+03	8.125260e+00	3.934048e-03
2.475000010000000e+03	8.125200e+00	3.926406e-03
2.480000010000000e+03	8.125140e+00	3.918793e-03
2.485000010000000e+03	8.125081e+00	3.911209e-03
2.490000010000000e+03	8.125021e+00	3.903655e-03
2.495000010000000e+03	8.124961e+00	3.896130e-03
2.500000010000000e+03	8.124902e+00	3.888634e-03
2.505000010000000e+03	8.124843e+00	3.881167e-03
2.510000010000000e+03	8.124784e+00	3.873729e-03
2.515000010000000e+03	8.124724e+00	3.866319e-03
2.520000010000000e+03	8.124665e+00	3.858937e-03
2.525000010000000e+03	8.124606e+00	3.851584e-03
2.530000010000000e+03	8.124548e+00	3.844259e-03
2.535000010000000e+03	8.124489e+00	3.836961e-03
2.540000010000000e+03	8.124431e+00	3.829691e-03
2.545000010000000e+03	8.124372e+00	3.822449e-03
2.550000010000000e+03	8.124314e+00	3.815234e-03
2.555000010000000e+03	8.124256e+00	3.808046e-03
2.560000010000000e+03	8.124198e+00	3.800886e-03
2.565000010000000e+03	8.124140e+00	3.793752e-03
2.570000010000000e+03	8.124083e+00	3.786645e-03
2.575000010000000e+03	8.124024e+00	3.779565e-03
2.580000010000000e+03	8.123967e+00	3.772511e-03
2.585000010000000e+03	8.123909e+00	3.765483e-03
2.590000010000000e+03	8.123852e+00	3.758482e-03
2.595000010000000e+03	8.123795e+00	3.751507e-03
2.600000010000000e+03	8.123737e+00	3.744557e-03
2.605000010000000e+03	8.123680e+00	3.737633e-03
2.610000010000000e+03	8.123624e+00	3.730735e-03
2.615000010000000e+03	8.123567e+00	3.723863e-03
2.620000010000000e+03	8.123510e+00	3.717015e-03
2.625000010000000e+03	8.123453e+00	3.710193e-03
2.630000010000000e+03	8.123397e+00	3.703396e-03
2.635000010000000e+03	8.123341e+00	3.696623e-03
2.640000010000000e+03	8.123284e+00	3.689876e-03
2.645000010000000e+03	8.123228e+00	3.683153e-03
2.650000010000000e+03	8.123172e+00	3.676455e-03
2.655000010000000e+03	8.123116e+00	3.669781e-03
2.660000010000000e+03	8.123060e+00	3.663131e-03
2.665000010000000e+03	8.123005e+00	3.656505e-03
2.670000010000000e+03	8.122949e+00	3.649903e-03
2.675000010000000e+03	8.122893e+00	3.643325e-03
2.680000010000000e+03	8.122838e+00	3.636771e-03
2.685000010000000e+03	8.122783e+00	3.630240e-03
2.690000010000000e+03	8.122727e+00	3.623733e-03
2.695000010000000e+03	8.122672e+00	3.617249e-03
2.700000010000000e+03	8.122618e+00	3.610789e-03
2.705000010000000e+03	8.122562e+00	3.604351e-03
2.710000010000000e+03	8.122507e+00	3.597936e-03
2.715000010000000e+03	8.122453e+00	3.591544e-03
2.720000010000000e+03	8.122398e+00	3.585175e-03
2.725000010000000e+03	8.122344e+00	3.578829e-03
2.730000010000000e+03	8.122290e+00	3.572505e-03
2.735000010000000e+03	8.122235e+00	3.566203e-03
2.740000010000000e+03	8.122181e+00	3.559923e-03
2.745000010000000e+03	8.122127e+00	3.553666e-03
2.750000010000000e+03	8.122072e+00	3.547431e-03
2.755000010000000e+03	8.122019e+00	3.541217e-03
2.760000010000000e+03	8.121964e+00	3.535025e-03
2.765000010000000e+03	8.121911e+00	3.528855e-03
2.770000010000000e+03	8.121858e+00	3.522706e-03
2.775000010000000e+03	8.121804e+00	3.516579e-03
2.780000010000000e+03	8.121751e+00	3.510473e-03
2.785000010000000e+03	8.121697e+00	3.504389e-03
2.790000010000000e+03	8.121644e+00	3.498325e-03
2.795000010000000e+03	8.121591e+00	3.492282e-03
2.800000010000000e+03	8.121538e+00	3.486261e-03
2.805000010000000e+03	8.121485e+00	3.480260e-03
2.810000010000000e+03	8.121432e+00	3.474279e-03
2.815000010000000e+03	8.121379e+00	3.468320e-03
2.820000010000000e+03	8.121326e+00	3.462380e-03
2.825000010000000e+03	8.121274e+00	3.456461e-03
2.830000010000000e+03	8.121222e+00	3.450562e-03
2.835000010000000e+03	8.121169e+00	3.444684e-03
2.840000010000000e+03	8.121117e+00	3.438825e-03
2.845000010000000e+03	8.121064e+00	3.432986e-03
2.850000010000000e+03	8.121013e+00	3.427167e-03
2.855000010000000e+03	8.120960e+00	3.421368e-03
2.860000010000000e+03	8.120909e+00	3.415589e-03
2.865000010000000e+03	8.120856e+00	3.409829e-03
2.870000010000000e+03	8.120805e+00	3.404088e-03
2.875000010000000e+03	8.120753e+00	3.398367e-03
2.880000010000000e+03	8.120702e+00	3.392665e-03
2.885000010000000e+03	8.120650e+00	3.386982e-03
2.890000010000000e+03	8.120599e+00	3.381318e-03
2.895000010000000e+03	8.120547e+00	3.375673e-03
2.900000010000000e+03	8.120496e+00	3.370047e-03
2.905000010000000e+03	8.120445e+00	3.364440e-03
2.910000010000000e+03	8.120394e+00	3.358851e-03
2.915000010000000e+03	8.120343e+00	3.353281e-03
2.920000010000000e+03	8.120291e+00	3.347730e-03
2.925000010000000e+03	8.120240e+00	3.342196e-03
2.930000010000000e+03	8.120190e+00	3.336681e-03
2.935000010000000e+03	8.120138e+00	3.331185e-03
2.940000010000000e+03	8.120088e+00	3.325706e-03
2.945000010000000e+03	8.120038e+00	3.320245e-03
2.950000010000000e+03	8.119987e+00	3.314802e-03
2.955000010000000e+03	8.119937e+00	3.309378e-03
2.960000010000000e+03	8.119886e+00	3.303970e-03
2.965000010000000e+03	8.119837e+00	3.298581e-03
2.970000010000000e+03	8.119786e+00	3.293209e-03
2.975000010000000e+03	8.119737e+00	3.287855e-03
2.980000010000000e+03	8.119687e+00	3.282518e-03
2.985000010000000e+03	8.119637e+00	3.277198e-03
2.990000010000000e+03	8.119587e+00	3.271896e-03
2.995000010000000e+03	8.119537e+00	3.266610e-03
3.000000010000000e+03	8.119489e+00	3.261342e-03
3.005000010000000e+03	8.119439e+00	3.256091e-03
3.010000010000000e+03	8.119390e+00	3.250857e-03
3.015000010000000e+03	8.119340e+00	3.245639e-03
3.020000010000000e+03	8.119291e+00	3.240438e-03
3.025000010000000e+03	8.119242e+00	3.235254e-03
3.030000010000000e+03	8.119193e+00	3.230087e-03
3.035000010000000e+03	8.119143e+00	3.224936e-03
3.040000010000000e+03	8.119095e+00	3.219801e-03
3.045000010000000e+03	8.119046e+00	3.214683e-03
3.050000010000000e+03	8.118998e+00	3.209581e-03
3.055000010000000e+03	8.118949e+00	3.204495e-03
3.060000010000000e+03	8.118900e+00	3.199426e-03
3.065000010000000e+03	8.118852e+00	3.194372e-03
3.070000010000000e+03	8.118803e+00	3.189335e-03
3.075000010000000e+03	8.118755e+00	3.184313e-03
3.080000010000000e+03	8.118707e+00	3.179307e-03
3.085000010000000e+03	8.118659e+00	3.174317e-03
3.090000010000000e+03	8.118610e+00	3.169342e-03
3.095000010000000e+03	8.118563e+00	3.164383e-03
3.100000010000000e+03	8.118515e+00	3.159440e-03
3.105000010000000e+03	8.118466e+00	3.154512e-03
3.110000010000000e+03	8.118419e+00	3.149599e-03
3.115000010000000e+03	8.118371e+00	3.144702e-03
3.120000010000000e+03	8.118323e+00	3.139820e-03
3.125000010000000e+03	8.118277e+00	3.134953e-03
3.130000010000000e+03	8.118229e+00	3.130101e-03
3.135000010000000e+03	8.118181e+00	3.125264e-03
3.140000010000000e+03	8.118134e+00	3.120443e-03
3.145000010000000e+03	8.118087e+00	3.115636e-03
3.150000010000000e+03	8.118040e+00	3.110843e-03
3.155000010000000e+03	8.117992e+00	3.106066e-03
3.160000010000000e+03	8.117946e+00	3.101303e-03
3.165000010000000e+03	8.117899e+00	3.096555e-03
3.170000010000000e+03	8.117851e+00	3.091821e-03
3.175000010000000e+03	8.117805e+00	3.087102e-03
3.180000010000000e+03	8.117758e+00	3.082398e-03
3.185000010000000e+03	8.117711e+00	3.077707e-03
3.190000010000000e+03	8.117665e+00	3.073031e-03
3.195000010000000e+03	8.117619e+00	3.068369e-03
3.200000010000000e+03	8.117572e+00	3.063721e-03
3.205000010000000e+03	8.117526e+00	3.059088e-03
3.210000010000000e+03	8.117479e+00	3.054468e-03
3.215000010000000e+03	8.117434e+00	3.049862e-03
3.220000010000000e+03	8.117387e+00	3.045270e-03
3.225000010000000e+03	8.117341e+00	3.040692e-03
3.230000010000000e+03	8.117295e+00	3.036128e-03
3.235000010000000e+03	8.117249e+00	3.031577e-03
3.240000010000000e+03	8.117203e+00	3.027041e-03
3.245000010000000e+03	8.117157e+00	3.022517e-03
3.250000010000000e+03	8.117112e+00	3.018007e-03
3.255000010000000e+03	8.117066e+00	3.013511e-03
3.260000010000000e+03	8.117021e+00	3.009028e-03
3.265000010000000e+03	8.116975e+00	3.004559e-03
3.270000010000000e+03	8.116930e+00	3.000102e-03
3.275000010000000e+03	8.116884e+00	2.995659e-03
3.280000010000000e+03	8.116838e+00	2.991229e-03
3.285000010000000e+03	8.116794e+00	2.986812e-03
3.290000010000000e+03	8.116749e+00	2.982409e-03
3.295000010000000e+03	8.116703e+00	2.978018e-03
3.300000010000000e+03	8.116658e+00	2.973640e-03
3.305000010000000e+03	8.116613e+00	2.969275e-03
3.310000010000000e+03	8.116569e+00	2.964922e-03
3.315000010000000e+03	8.116524e+00	2.960583e-03
3.320000010000000e+03	8.116479e+00	2.956256e-03
3.325000010000000e+03	8.116434e+00	2.951942e-03
3.330000010000000e+03	8.116389e+00	2.947641e-03
3.335000010000000e+03	8.116345e+00	2.943352e-03
3.340000010000000e+03	8.116301e+00	2.939075e-03
3.345000010000000e+03	8.116257e+00	2.934811e-03
3.350000010000000e+03	8.116212e+00	2.930559e-03
3.355000010000000e+03	8.116168e+00	2.926320e-03
3.360000010000000e+03	8.116123e+00	2.922093e-03
3.365000010000000e+03	8.116079e+00	2.917878e-03
3.370000010000000e+03	8.116035e+00	2.913675e-03
3.375000010000000e+03	8.115992e+00	2.909485e-03
3.380000010000000e+03	8.115947e+00	2.905306e-03
3.385000010000000e+03	8.115903e+00	2.901139e-03
3.390000010000000e+03	8.115860e+00	2.896985e-03
3.395000010000000e+03	8.115816e+00	2.892842e-03
3.400000010000000e+03	8.115772e+00	2.888711e-03
3.405000010000000e+03	8.115728e+00	2.884592e-03
3.410000010000000e+03	8.115685e+00	2.880485e-03
3.415000010000000e+03	8.115642e+00	2.876389e-03
3.420000010000000e+03	8.115598e+00	2.872305e-03
3.425000010000000e+03	8.115555e+00	2.868233e-03
3.430000010000000e+03	8.115511e+00	2.864172e-03
3.435000010000000e+03	8.115468e+00	2.860123e-03
3.440000010000000e+03	8.115425e+00	2.856085e-03
3.445000010000000e+03	8.115381e+00	2.852058e-03
3.450000010000000e+03	8.115338e+00	2.848043e-03
3.455000010000000e+03	8.115295e+00	2.844039e-03
3.460000010000000e+03	8.115252e+00	2.840047e-03
3.465000010000000e+03	8.115210e+00	2.836065e-03
3.470000010000000e+03	8.115167e+00	2.832095e-03
3.475000010000000e+03	8.115125e+00	2.828136e-03
3.480000010000000e+03	8.115082e+00	2.824188e-03
3.485000010000000e+03	8.115039e+00	2.820251e-03
3.490000010000000e+03	8.114996e+00	2.816325e-03
3.495000010000000e+03	8.114954e+00	2.812410e-03
3.500000010000000e+03	8.114911e+00	2.808506e-03
3.505000010000000e+03	8.114869e+00	2.804613e-03
3.510000010000000e+03	8.114827e+00	2.800730e-03
3.515000010000000e+03	8.114784e+00	2.796858e-03
3.520000010000000e+03	8.114742e+00	2.792997e-03
3.525000010000000e+03	8.114700e+00	2.789146e-03
3.530000010000000e+03	8.114658e+00	2.785307e-03
3.535000010000000e+03	8.114616e+00	2.781478e-03
3.540000010000000e+03	8.114574e+00	2.777659e-03
3.545000010000000e+03	8.114532e+00	2.773850e-03
3.550000010000000e+03	8.114491e+00	2.770053e-03
3.555000010000000e+03	8.114449e+00	2.766265e-03
3.560000010000000e+03	8.114407e+00	2.762488e-03
3.565000010000000e+03	8.114365e+00	2.758722e-03
3.570000010000000e+03	8.114324e+00	2.754965e-03
3.575000010000000e+03	8.114282e+00	2.751219e-03
3.580000010000000e+03	8.114241e+00	2.747483e-03
3.585000010000000e+03	8.114199e+00	2.743757e-03
3.590000010000000e+03	8.114158e+00	2.740041e-03
3.595000010000000e+03	8.114117e+00	2.736336e-03
3.600000010000000e+03	8.114075e+00	2.732640e-03
3.605000010000000e+03	8.114034e+00	2.728954e-03
3.610000010000000e+03	8.113993e+00	2.725278e-03
3.615000010000000e+03	8.113952e+00	2.721613e-03
3.620000010000000e+03	8.113911e+00	2.717957e-03
3.625000010000000e+03	8.113870e+00	2.714310e-03
3.630000010000000e+03	8.113829e+00	2.710674e-03
3.635000010000000e+03	8.113788e+00	2.707047e-03
3.640000010000000e+03	8.113747e+00	2.703430e-03
3.645000010000000e+03	8.113707e+00	2.699823e-03
3.650000010000000e+03	8.113666e+00	2.696226e-03
3.655000010000000e+03	8.113625e+00	2.692637e-03
3.660000010000000e+03	8.113585e+00	2.689059e-03
3.665000010000000e+03	8.113544e+00	2.685490e-03
3.670000010000000e+03	8.113503e+00	2.681931e-03
3.675000010000000e+03	8.113462e+00	2.678381e-03
3.680000010000000e+03	8.113422e+00	2.674840e-03
3.685000010000000e+03	8.113382e+00	2.671309e-03
3.690000010000000e+03	8.113342e+00	2.667787e-03
3.695000010000000e+03	8.113301e+00	2.664274e-03
3.700000010000000e+03	8.113261e+00	2.660770e-03
3.705000010000000e+03	8.113221e+00	2.657276e-03
3.710000010000000e+03	8.113181e+00	2.653791e-03
3.715000010000000e+03	8.113141e+00	2.650315e-03
3.720000010000000e+03	8.113102e+00	2.646848e-03
3.725000010000000e+03	8.113062e+00	2.643391e-03
3.730000010000000e+03	8.113022e+00	2.639942e-03
3.735000010000000e+03	8.112982e+00	2.636502e-03
3.740000010000000e+03	8.112943e+00	2.633072e-03
3.745000010000000e+03	8.112903e+00	2.629650e-03
3.750000010000000e+03	8.112863e+00	2.626237e-03
3.755000010000000e+03	8.112823e+00	2.622833e-03
3.760000010000000e+03	8.112784e+00	2.619438e-03
3.765000010000000e+03	8.112744e+00	2.616051e-03
3.770000010000000e+03	8.112705e+00	2.612673e-03
3.775000010000000e+03	8.112666e+00	2.609305e-03
3.780000010000000e+03	8.112626e+00	2.605944e-03
3.785000010000000e+03	8.112587e+00	2.602593e-03
3.790000010000000e+03	8.112548e+00	2.599250e-03
3.795000010000000e+03	8.112509e+00	2.595915e-03
3.800000010000000e+03	8.112470e+00	2.592590e-03
3.805000010000000e+03	8.112431e+00	2.589272e-03
3.810000010000000e+03	8.112391e+00	2.585964e-03
3.815000010000000e+03	8.112352e+00	2.582663e-03
3.820000010000000e+03	8.112314e+00	2.579371e-03
3.825000010000000e+03	8.112275e+00	2.576088e-03
3.830000010000000e+03	8.112236e+00	2.572813e-03
3.835000010000000e+03	8.112198e+00	2.569546e-03
3.840000010000000e+03	8.112159e+00	2.566287e-03
3.845000010000000e+03	8.112121e+00	2.563037e-03
3.850000010000000e+03	8.112082e+00	2.559795e-03
3.855000010000000e+03	8.112043e+00	2.556561e-03
3.860000010000000e+03	8.112004e+00	2.553335e-03
3.865000010000000e+03	8.111966e+00	2.550118e-03
3.870000010000000e+03	8.111928e+00	2.546908e-03
3.875000010000000e+03	8.111890e+00	2.543707e-03
3.880000010000000e+03	8.111852e+00	2.540514e-03
3.885000010000000e+03	8.111813e+00	2.537329e-03
3.890000010000000e+03	8.111774e+00	2.534151e-03
3.895000010000000e+03	8.111736e+00	2.530982e-03
3.900000010000000e+03	8.111698e+00	2.527820e-03
3.905000010000000e+03	8.111661e+00	2.524667e-03
3.910000010000000e+03	8.111623e+00	2.521521e-03
3.915000010000000e+03	8.111585e+00	2.518384e-03
3.920000010000000e+03	8.111547e+00	2.515254e-03
3.925000010000000e+03	8.111509e+00	2.512131e-03
3.930000010000000e+03	8.111471e+00	2.509017e-03
3.935000010000000e+03	8.111433e+00	2.505910e-03
3.940000010000000e+03	8.111396e+00	2.502811e-03
3.945000010000000e+03	8.111358e+00	2.499720e-03
3.950000010000000e+03	8.111320e+00	2.496636e-03
3.955000010000000e+03	8.111283e+00	2.493560e-03
3.960000010000000e+03	8.111245e+00	2.490492e-03
3.965000010000000e+03	8.111208e+00	2.487431e-03
3.970000010000000e+03	8.111171e+00	2.484377e-03
3.975000010000000e+03	8.111133e+00	2.481331e-03
3.980000010000000e+03	8.111095e+00	2.478293e-03
3.985000010000000e+03	8.111058e+00	2.475262e-03
3.990000010000000e+03	8.111021e+00	2.472238e-03
3.995000010000000e+03	8.110984e+00	2.469222e-03
4.000000010000000e+03	8.110947e+00	2.466213e-03
4.005000010000000e+03	8.110909e+00	2.463212e-03
4.010000010000000e+03	8.110873e+00	2.460217e-03
4.015000010000000e+03	8.110836e+00	2.457230e-03
4.020000010000000e+03	8.110799e+00	2.454251e-03
4.025000010000000e+03	8.110762e+00	2.451278e-03
4.030000010000000e+03	8.110725e+00	2.448313e-03
4.035000010000000e+03	8.110688e+00	2.445355e-03
4.040000010000000e+03	8.110652e+00	2.442404e-03
4.045000010000000e+03	8.110615e+00	2.439460e-03
4.050000010000000e+03	8.110579e+00	2.436523e-03
4.055000010000000e+03	8.110541e+00	2.433594e-03
4.060000010000000e+03	8.110505e+00	2.430671e-03
4.065000010000000e+03	8.110469e+00	2.427756e-03
4.070000010000000e+03	8.110432e+00	2.424847e-03
4.075000010000000e+03	8.110395e+00	2.421946e-03
4.080000010000000e+03	8.110359e+00	2.419051e-03
4.085000010000000e+03	8.110323e+00	2.416163e-03
4.090000010000000e+03	8.110287e+00	2.413282e-03
4.095000010000000e+03	8.110250e+00	2.410408e-03
4.100000010000000e+03	8.110214e+00	2.407541e-03
4.105000010000000e+03	8.110178e+00	2.404681e-03
4.110000010000000e+03	8.110142e+00	2.401827e-03
4.115000010000000e+03	8.110106e+00	2.398981e-03
4.120000010000000e+03	8.110069e+00	2.396141e-03
4.125000010000000e+03	8.110033e+00	2.393307e-03
4.130000010000000e+03	8.109998e+00	2.390481e-03
4.135000010000000e+03	8.109962e+00	2.387661e-03
4.140000010000000e+03	8.109925e+00	2.384848e-03
4.145000010000000e+03	8.109890e+00	2.382041e-03
4.150000010000000e+03	8.109854e+00	2.379241e-03
4.155000010000000e+03	8.109818e+00	2.376448e-03
4.160000010000000e+03	8.109782e+00	2.373661e-03
4.165000010000000e+03	8.109747e+00	2.370881e-03
4.170000010000000e+03	8.109712e+00	2.368107e-03
4.175000010000000e+03	8.109675e+00	2.365340e-03
4.180000010000000e+03	8.109640e+00	2.362579e-03
4.185000010000000e+03	8.109605e+00	2.359825e-03
4.190000010000000e+03	8.109570e+00	2.357077e-03
4.195000010000000e+03	8.109534e+00	2.354335e-03
4.200000010000000e+03	8.109498e+00	2.351600e-03
4.205000010000000e+03	8.109463e+00	2.348871e-03
4.210000010000000e+03	8.109427e+00	2.346149e-03
4.215000010000000e+03	8.109392e+00	2.343433e-03
4.220000010000000e+03	8.109358e+00	2.340723e-03
4.225000010000000e+03	8.109323e+00	2.338019e-03
4.230000010000000e+03	8.109287e+00	2.335322e-03
4.235000010000000e+03	8.109252e+00	2.332631e-03
4.240000010000000e+03	8.109217e+00	2.329946e-03
4.245000010000000e+03	8.109182e+00	2.327267e-03
4.250000010000000e+03	8.109147e+00	2.324594e-03
4.255000010000000e+03	8.109112e+00	2.321928e-03
4.260000010000000e+03	8.109077e+00	2.319268e-03
4.265000010000000e+03	8.109042e+00	2.316613e-03
4.270000010000000e+03	8.109008e+00	2.313965e-03
4.275000010000000e+03	8.108973e+00	2.311323e-03
4.280000010000000e+03	8.108938e+00	2.308687e-03
4.285000010000000e+03	8.108904e+00	2.306057e-03
4.290000010000000e+03	8.108869e+00	2.303433e-03
4.295000010000000e+03	8.108834e+00	2.300815e-03
4.300000010000000e+03	8.108800e+00	2.298203e-03
4.305000010000000e+03	8.108766e+00	2.295597e-03
4.310000010000000e+03	8.108731e+00	2.292997e-03
4.315000010000000e+03	8.108697e+00	2.290402e-03
4.320000010000000e+03	8.108663e+00	2.287814e-03
4.325000010000000e+03	8.108627e+00	2.285231e-03
4.330000010000000e+03	8.108594e+00	2.282654e-03
4.335000010000000e+03	8.108560e+00	2.280083e-03
4.340000010000000e+03	8.108525e+00	2.277518e-03
4.345000010000000e+03	8.108491e+00	2.274959e-03
4.350000010000000e+03	8.108457e+00	2.272405e-03
4.355000010000000e+03	8.108422e+00	2.269857e-03
4.360000010000000e+03	8.108389e+00	2.267315e-03
4.365000010000000e+03	8.108355e+00	2.264778e-03
4.370000010000000e+03	8.108320e+00	2.262247e-03
4.375000010000000e+03	8.108287e+00	2.259722e-03
4.380000010000000e+03	8.108253e+00	2.257203e-03
4.385000010000000e+03	8.108219e+00	2.254689e-03
4.390000010000000e+03	8.108185e+00	2.252180e-03
4.395000010000000e+03	8.108151e+00	2.249678e-03
4.400000010000000e+03	8.108117e+00	2.247180e-03
4.405000010000000e+03	8.108084e+00	2.244689e-03
4.410000010000000e+03	8.108050e+00	2.242203e-03
4.415000010000000e+03	8.108016e+00	2.239722e-03
4.420000010000000e+03	8.107983e+00	2.237247e-03
4.425000010000000e+03	8.107949e+00	2.234777e-03
4.430000010000000e+03	8.107916e+00	2.232313e-03
4.435000010000000e+03	8.107882e+00	2.229854e-03
4.440000010000000e+03	8.107849e+00	2.227401e-03
4.445000010000000e+03	8.107816e+00	2.224953e-03
4.450000010000000e+03	8.107782e+00	2.222511e-03
4.455000010000000e+03	8.107749e+00	2.220073e-03
4.460000010000000e+03	8.107716e+00	2.217642e-03
4.465000010000000e+03	8.107682e+00	2.215215e-03
4.470000010000000e+03	8.107649e+00	2.212794e-03
4.475000010000000e+03	8.107615e+00	2.210378e-03
4.480000010000000e+03	8.107582e+00	2.207967e-03
4.485000010000000e+03	8.107550e+00	2.205562e-03
4.490000010000000e+03	8.107516e+00	2.203162e-03
4.495000010000000e+03	8.107483e+00	2.200767e-03
4.500000010000000e+03	8.107450e+00	2.198377e-03
4.505000010000000e+03	8.107417e+00	2.195993e-03
4.510000010000000e+03	8.107385e+00	2.193613e-03
4.515000010000000e+03	8.107351e+00	2.191239e-03
4.520000010000000e+03	8.107319e+00	2.188870e-03
4.525000010000000e+03	8.107285e+00	2.186506e-03
4.530000010000000e+03	8.107253e+00	2.184147e-03
4.535000010000000e+03	8.107221e+00	2.181794e-03
4.540000010000000e+03	8.107187e+00	2.179445e-03
4.545000010000000e+03	8.107155e+00	2.177102e-03
4.550000010000000e+03	8.107122e+00	2.174763e-03
4.555000010000000e+03	8.107090e+00	2.172430e-03
4.560000010000000e+03	8.107057e+00	2.170101e-03
4.565000010000000e+03	8.107024e+00	2.167778e-03
4.570000010000000e+03	8.106992e+00	2.165459e-03
4.575000010000000e+03	8.106959e+00	2.163146e-03
4.580000010000000e+03	8.106927e+00	2.160837e-03
4.585000010000000e+03	8.106894e+00	2.158533e-03
4.590000010000000e+03	8.106862e+00	2.156235e-03
4.595000010000000e+03	8.106830e+00	2.153941e-03
4.600000010000000e+03	8.106798e+00	2.151652e-03
4.605000010000000e+03	8.106766e+00	2.149367e-03
4.610000010000000e+03	8.106733e+00	2.147088e-03
4.615000010000000e+03	8.106701e+00	2.144814e-03
4.620000010000000e+03	8.106669e+00	2.142544e-03
4.625000010000000e+03	8.106637e+00	2.140279e-03
4.630000010000000e+03	8.106605e+00	2.138020e-03
4.635000010000000e+03	8.106573e+00	2.135764e-03
4.640000010000000e+03	8.106541e+00	2.133514e-03
4.645000010000000e+03	8.106509e+00	2.131268e-03
4.650000010000000e+03	8.106477e+00	2.129027e-03
4.655000010000000e+03	8.106445e+00	2.126791e-03
4.660000010000000e+03	8.106413e+00	2.124559e-03
4.665000010000000e+03	8.106381e+00	2.122332e-03
4.670000010000000e+03	8.106349e+00	2.120110e-03
4.675000010000000e+03	8.106318e+00	2.117892e-03
4.680000010000000e+03	8.106286e+00	2.115679e-03
4.685000010000000e+03	8.106255e+00	2.113471e-03
4.690000010000000e+03	8.106222e+00	2.111268e-03
4.695000010000000e+03	8.106191e+00	2.109068e-03
4.700000010000000e+03	8.106159e+00	2.106874e-03
4.705000010000000e+03	8.106128e+00	2.104684e-03
4.710000010000000e+03	8.106096e+00	2.102498e-03
4.715000010000000e+03	8.106065e+00	2.100318e-03
4.720000010000000e+03	8.106033e+00	2.098141e-03
4.725000010000000e+03	8.106002e+00	2.095969e-03
4.730000010000000e+03	8.105970e+00	2.093802e-03
4.735000010000000e+03	8.105939e+00	2.091639e-03
4.740000010000000e+03	8.105907e+00	2.089481e-03
4.745000010000000e+03	8.105877e+00	2.087327e-03
4.750000010000000e+03	8.105845e+00	2.085177e-03
4.755000010000000e+03	8.105814e+00	2.083033e-03
4.760000010000000e+03	8.105783e+00	2.080892e-03
4.765000010000000e+03	8.105752e+00	2.078756e-03
4.770000010000000e+03	8.105721e+00	2.076624e-03
4.775000010000000e+03	8.105689e+00	2.074496e-03
4.780000010000000e+03	8.105659e+00	2.072373e-03
4.785000010000000e+03	8.105627e+00	2.070255e-03
4.790000010000000e+03	8.105597e+00	2.068140e-03
4.795000010000000e+03	8.105565e+00	2.066030e-03
4.800000010000000e+03	8.105535e+00	2.063924e-03
4.805000010000000e+03	8.105503e+00	2.061823e-03
4.810000010000000e+03	8.105473e+00	2.059726e-03
4.815000010000000e+03	8.105442e+00	2.057633e-03
4.820000010000000e+03	8.105411e+00	2.055544e-03
4.825000010000000e+03	8.105380e+00	2.053459e-03
4.830000010000000e+03	8.105350e+00	2.051379e-03
4.835000010000000e+03	8.105319e+00	2.049303e-03
4.840000010000000e+03	8.105288e+00	2.047231e-03
4.845000010000000e+03	8.105257e+00	2.045164e-03
4.850000010000000e+03	8.105227e+00	2.043100e-03
4.855000010000000e+03	8.105196e+00	2.041041e-03
4.860000010000000e+03	8.105165e+00	2.038986e-03
4.865000010000000e+03	8.105135e+00	2.036935e-03
4.870000010000000e+03	8.105104e+00	2.034888e-03
4.875000010000000e+03	8.105074e+00	2.032846e-03
4.880000010000000e+03	8.105043e+00	2.030807e-03
4.885000010000000e+03	8.105013e+00	2.028772e-03
4.890000010000000e+03	8.104983e+00	2.026742e-03
4.895000010000000e+03	8.104953e+00	2.024716e-03
4.900000010000000e+03	8.104922e+00	2.022693e-03
4.905000010000000e+03	8.104892e+00	2.020675e-03
4.910000010000000e+03	8.104861e+00	2.018661e-03
4.915000010000000e+03	8.104832e+00	2.016651e-03
4.920000010000000e+03	8.104801e+00	2.014644e-03
4.925000010000000e+03	8.104772e+00	2.012642e-03
4.930000010000000e+03	8.104741e+00	2.010644e-03
4.935000010000000e+03	8.104711e+00	2.008649e-03
4.940000010000000e+03	8.104681e+00	2.006659e-03
4.945000010000000e+03	8.104650e+00	2.004673e-03
4.950000010000000e+03	8.104621e+00	2.002690e-03
4.955000010000000e+03	8.104591e+00	2.000712e-03
4.960000010000000e+03	8.104561e+00	1.998737e-03
4.965000010000000e+03	8.104531e+00	1.996766e-03
4.970000010000000e+03	8.104501e+00	1.994800e-03
4.975000010000000e+03	8.104471e+00	1.992837e-03
4.980000010000000e+03	8.104442e+00	1.990878e-03
4.985000010000000e+03	8.104412e+00	1.988922e-03
4.990000010000000e+03	8.104382e+00	1.986971e-03
4.995000010000000e+03	8.104352e+00	1.985023e-03
5.000000010000000e+03	8.104322e+00	1.983080e-03
5.005000010000000e+03	8.104293e+00	1.981140e-03
5.010000010000000e+03	8.104263e+00	1.979203e-03
5.015000010000000e+03	8.104234e+00	1.977271e-03
5.020000010000000e+03	8.104204e+00	1.975343e-03
5.025000010000000e+03	8.104175e+00	1.973418e-03
5.030000010000000e+03	8.104145e+00	1.971497e-03
5.035000010000000e+03	8.104115e+00	1.969579e-03
5.040000010000000e+03	8.104086e+00	1.967666e-03
5.045000010000000e+03	8.104056e+00	1.965756e-03
5.050000010000000e+03	8.104027e+00	1.963850e-03
5.055000010000000e+03	8.103998e+00	1.961947e-03
5.060000010000000e+03	8.103969e+00	1.960048e-03
5.065000010000000e+03	8.103939e+00	1.958153e-03
5.070000010000000e+03	8.103909e+00	1.956262e-03
5.075000010000000e+03	8.103881e+00	1.954374e-03
5.080000010000000e+03	8.103851e+00	1.952490e-03
5.085000010000000e+03	8.103822e+00	1.950610e-03
5.090000010000000e+03	8.103793e+00	1.948733e-03
5.095000010000000e+03	8.103764e+00	1.946860e-03
5.100000010000000e+03	8.103735e+00	1.944990e-03
5.105000010000000e+03	8.103705e+00	1.943124e-03
5.110000010000000e+03	8.103677e+00	1.941261e-03
5.115000010000000e+03	8.103647e+00	1.939402e-03
5.120000010000000e+03	8.103619e+00	1.937547e-03
5.125000010000000e+03	8.103590e+00	1.935695e-03
5.130000010000000e+03	8.103560e+00	1.933847e-03
5.135000010000000e+03	8.103532e+00	1.932002e-03
5.140000010000000e+03	8.103503e+00	1.930161e-03
5.145000010000000e+03	8.103474e+00	1.928323e-03
5.150000010000000e+03	8.103445e+00	1.926489e-03
5.155000010000000e+03	8.103416e+00	1.924659e-03
5.160000010000000e+03	8.103388e+00	1.922831e-03
5.165000010000000e+03	8.103359e+00	1.921008e-03
5.170000010000000e+03	8.103330e+00	1.919187e-03
5.175000010000000e+03	8.103301e+00	1.917370e-03
5.180000010000000e+03	8.103272e+00	1.915557e-03
5.185000010000000e+03	8.103244e+00	1.913747e-03
5.190000010000000e+03	8.103215e+00	1.911941e-03
5.195000010000000e+03	8.103187e+00	1.910137e-03
5.200000010000000e+03	8.103158e+00	1.908338e-03
5.205000010000000e+03	8.103129e+00	1.906542e-03
5.210000010000000e+03	8.103102e+00	1.904748e-03
5.215000010000000e+03	8.103073e+00	1.902959e-03
5.220000010000000e+03	8.103045e+00	1.901173e-03
5.225000010000000e+03	8.103016e+00	1.899390e-03
5.230000010000000e+03	8.102987e+00	1.897610e-03
5.235000010000000e+03	8.102960e+00	1.895834e-03
5.240000010000000e+03	8.102931e+00	1.894061e-03
5.245000010000000e+03	8.102902e+00	1.892292e-03
5.250000010000000e+03	8.102874e+00	1.890526e-03
5.255000010000000e+03	8.102846e+00	1.888763e-03
5.260000010000000e+03	8.102818e+00	1.887003e-03
5.265000010000000e+03	8.102790e+00	1.885247e-03
5.270000010000000e+03	8.102761e+00	1.883494e-03
5.275000010000000e+03	8.102734e+00	1.881744e-03
5.280000010000000e+03	8.102705e+00	1.879997e-03
5.285000010000000e+03	8.102677e+00	1.878254e-03
5.290000010000000e+03	8.102649e+00	1.876514e-03
5.295000010000000e+03	8.102621e+00	1.874777e-03
5.300000010000000e+03	8.102592e+00	1.873043e-03
5.305000010000000e+03	8.102565e+00	1.871313e-03
5.310000010000000e+03	8.102537e+00	1.869586e-03
5.315000010000000e+03	8.102509e+00	1.867862e-03
5.320000010000000e+03	8.102481e+00	1.866141e-03
5.325000010000000e+03	8.102453e+00	1.864423e-03
5.330000010000000e+03	8.102426e+00	1.862709e-03
5.335000010000000e+03	8.102398e+00	1.860997e-03
5.340000010000000e+03	8.102369e+00	1.859289e-03
5.345000010000000e+03	8.102342e+00	1.857584e-03
5.350000010000000e+03	8.102314e+00	1.855882e-03
5.355000010000000e+03	8.102286e+00	1.854183e-03
5.360000010000000e+03	8.102259e+00	1.852488e-03
5.365000010000000e+03	8.102231e+00	1.850795e-03
5.370000010000000e+03	8.102203e+00	1.849105e-03
5.375000010000000e+03	8.102176e+00	1.847419e-03
5.380000010000000e+03	8.102148e+00	1.845736e-03
5.385000010000000e+03	8.102120e+00	1.844055e-03
5.390000010000000e+03	8.102093e+00	1.842378e-03
5.395000010000000e+03	8.102065e+00	1.840704e-03
5.400000010000000e+03	8.102038e+00	1.839033e-03
5.405000010000000e+03	8.102011e+00	1.837365e-03
5.410000010000000e+03	8.101983e+00	1.835700e-03
5.415000010000000e+03	8.101955e+00	1.834038e-03
5.420000010000000e+03	8.101929e+00	1.832379e-03
5.425000010000000e+03	8.101901e+00	1.830723e-03
5.430000010000000e+03	8.101873e+00	1.829070e-03
5.435000010000000e+03	8.101847e+00	1.827420e-03
5.440000010000000e+03	8.101819e+00	1.825772e-03
5.445000010000000e+03	8.101791e+00	1.824128e-03
5.450000010000000e+03	8.101765e+00	1.822487e-03
5.455000010000000e+03	8.101737e+00	1.820849e-03
5.460000010000000e+03	8.101710e+00	1.819214e-03
5.465000010000000e+03	8.101683e+00	1.817581e-03
5.470000010000000e+03	8.101656e+00	1.815952e-03
5.475000010000000e+03	8.101628e+00	1.814326e-03
5.480000010000000e+03	8.101602e+00	1.812702e-03
5.485000010000000e+03	8.101575e+00	1.811081e-03
5.490000010000000e+03	8.101547e+00	1.809464e-03
5.495000010000000e+03	8.101521e+00	1.807849e-03
5.500000010000000e+03	8.101494e+00	1.806237e-03
5.505000010000000e+03	8.101466e+00	1.804628e-03
5.510000010000000e+03	8.101439e+00	1.803022e-03
5.515000010000000e+03	8.101413e+00	1.801418e-03
5.520000010000000e+03	8.101386e+00	1.799818e-03
5.525000010000000e+03	8.101358e+00	1.798220e-03
5.530000010000000e+03	8.101332e+00	1.796625e-03
5.535000010000000e+03	8.101305e+00	1.795033e-03
5.540000010000000e+03	8.101278e+00	1.793444e-03
5.545000010000000e+03	8.101252e+00	1.791858e-03
5.550000010000000e+03	8.101225e+00	1.790274e-03
5.555000010000000e+03	8.101198e+00	1.788694e-03
5.560000010000000e+03	8.101171e+00	1.787116e-03
5.565000010000000e+03	8.101145e+00	1.785541e-03
5.570000010000000e+03	8.101118e+00	1.783968e-03
5.575000010000000e+03	8.101091e+00	1.782399e-03
5.580000010000000e+03	8.101065e+00	1.780832e-03
5.585000010000000e+03	8.101038e+00	1.779268e-03
5.590000010000000e+03	8.101011e+00	1.777706e-03
5.595000010000000e+03	8.100986e+00	1.776148e-03
5.600000010000000e+03	8.100959e+00	1.774592e-03
5.605000010000000e+03	8.100932e+00	1.773039e-03
5.610000010000000e+03	8.100905e+00	1.771488e-03
5.615000010000000e+03	8.100879e+00	1.769941e-03
5.620000010000000e+03	8.100853e+00	1.768396e-03
5.625000010000000e+03	8.100826e+00	1.766854e-03
5.630000010000000e+03	8.100800e+00	1.765314e-03
5.635000010000000e+03	8.100774e+00	1.763777e-03
5.640000010000000e+03	8.100747e+00	1.762243e-03
5.645000010000000e+03	8.100721e+00	1.760711e-03
5.650000010000000e+03	8.100695e+00	1.759182e-03
5.655000010000000e+03	8.100669e+00	1.757656e-03
5.660000010000000e+03	8.100642e+00	1.756132e-03
5.665000010000000e+03	8.100616e+00	1.754611e-03
5.670000010000000e+03	8.100590e+00	1.753093e-03
5.675000010000000e+03	8.100564e+00	1.751577e-03
5.680000010000000e+03	8.100537e+00	1.750064e-03
5.685000010000000e+03	8.100512e+00	1.748554e-03
5.690000010000000e+03	8.100485e+00	1.747046e-03
5.695000010000000e+03	8.100459e+00	1.745541e-03
5.700000010000000e+03	8.100433e+00	1.744038e-03
5.705000010000000e+03	8.100408e+00	1.742538e-03
5.710000010000000e+03	8.100381e+00	1.741041e-03
5.715000010000000e+03	8.100355e+00	1.739546e-03
5.720000010000000e+03	8.100329e+00	1.738054e-03
5.725000010000000e+03	8.100304e+00	1.736564e-03
5.730000010000000e+03	8.100277e+00	1.735077e-03
5.735000010000000e+03	8.100251e+00	1.733592e-03
5.740000010000000e+03	8.100225e+00	1.732110e-03
5.745000010000000e+03	8.100200e+00	1.730630e-03
5.750000010000000e+03	8.100174e+00	1.729153e-03
5.755000010000000e+03	8.100148e+00	1.727679e-03
5.760000010000000e+03	8.100122e+00	1.726207e-03
5.765000010000000e+03	8.100097e+00	1.724737e-03
5.770000010000000e+03	8.100071e+00	1.723270e-03
5.775000010000000e+03	8.100045e+00	1.721806e-03
5.780000010000000e+03	8.100019e+00	1.720344e-03
5.785000010000000e+03	8.099994e+00	1.718884e-03
5.790000010000000e+03	8.099968e+00	1.717427e-03
5.795000010000000e+03	8.099942e+00	1.715972e-03
5.800000010000000e+03	8.099917e+00	1.714520e-03
5.805000010000000e+03	8.099892e+00	1.713071e-03
5.810000010000000e+03	8.099866e+00	1.711623e-03
5.815000010000000e+03	8.099840e+00	1.710179e-03
5.820000010000000e+03	8.099814e+00	1.708736e-03
5.825000010000000e+03	8.099790e+00	1.707296e-03
5.830000010000000e+03	8.099764e+00	1.705859e-03
5.835000010000000e+03	8.099738e+00	1.704424e-03
5.840000010000000e+03	8.099713e+00	1.702991e-03
5.845000010000000e+03	8.099688e+00	1.701561e-03
5.850000010000000e+03	8.099662e+00	1.700133e-03
5.855000010000000e+03	8.099637e+00	1.698708e-03
5.860000010000000e+03	8.099611e+00	1.697285e-03
5.865000010000000e+03	8.099586e+00	1.695864e-03
5.870000010000000e+03	8.099561e+00	1.694446e-03
5.875000010000000e+03	8.099536e+00	1.693030e-03
5.880000010000000e+03	8.099510e+00	1.691617e-03
5.885000010000000e+03	8.099485e+00	1.690206e-03
5.890000010000000e+03	8.099460e+00	1.688797e-03
5.895000010000000e+03	8.099435e+00	1.687390e-03
5.900000010000000e+03	8.099410e+00	1.685986e-03
5.905000010000000e+03	8.099384e+00	1.684585e-03
5.910000010000000e+03	8.099360e+00	1.683185e-03
5.915000010000000e+03	8.099335e+00	1.681788e-03
5.920000010000000e+03	8.099309e+00	1.680393e-03
5.925000010000000e+03	8.099284e+00	1.679001e-03
5.930000010000000e+03	8.099259e+00	1.677611e-03
5.935000010000000e+03	8.099234e+00	1.676223e-03
5.940000010000000e+03	8.099209e+00	1.674837e-03
5.945000010000000e+03	8.099184e+00	1.673454e-03
5.950000010000000e+03	8.099159e+00	1.672073e-03
5.955000010000000e+03	8.099134e+00	1.670694e-03
5.960000010000000e+03	8.099110e+00	1.669318e-03
5.965000010000000e+03	8.099085e+00	1.667944e-03
5.970000010000000e+03	8.099059e+00	1.666572e-03
5.975000010000000e+03	8.099034e+00	1.665202e-03
5.980000010000000e+03	8.099010e+00	1.663835e-03
5.985000010000000e+03	8.098985e+00	1.662470e-03
5.990000010000000e+03	8.098960e+00	1.661107e-03
5.995000010000000e+03	8.098935e+00	1.659746e-03
6.000000010000000e+03	8.098910e+00	1.658388e-03
6.005000010000000e+03	8.098886e+00	1.657032e-03
6.010000010000000e+03	8.098862e+00	1.655678e-03
6.015000010000000e+03	8.098837e+00	1.654326e-03
6.020000010000000e+03	8.098812e+00	1.652976e-03
6.025000010000000e+03	8.098787e+00	1.651629e-03
6.030000010000000e+03	8.098763e+00	1.650284e-03
6.035000010000000e+03	8.098738e+00	1.648941e-03
6.040000010000000e+03	8.098714e+00	1.647600e-03
6.045000010000000e+03	8.098689e+00	1.646262e-03
6.050000010000000e+03	8.098664e+00	1.644925e-03
6.055000010000000e+03	8.098639e+00	1.643591e-03
6.060000010000000e+03	8.098616e+00	1.642259e-03
6.065000010000000e+03	8.098591e+00	1.640929e-03
6.070000010000000e+03	8.098566e+00	1.639601e-03
6.075000010000000e+03	8.098542e+00	1.638276e-03
6.080000010000000e+03	8.098517e+00	1.636952e-03
6.085000010000000e+03	8.098494e+00	1.635631e-03
6.090000010000000e+03	8.098469e+00	1.634312e-03
6.095000010000000e+03	8.098445e+00	1.632995e-03
6.100000010000000e+03	8.098420e+00	1.631680e-03
6.105000010000000e+03	8.098396e+00	1.630367e-03
6.110000010000000e+03	8.098372e+00	1.629056e-03
6.115000010000000e+03	8.098348e+00	1.627747e-03
6.120000010000000e+03	8.098323e+00	1.626441e-03
6.125000010000000e+03	8.098299e+00	1.625137e-03
6.130000010000000e+03	8.098274e+00	1.623834e-03
6.135000010000000e+03	8.098250e+00	1.622534e-03
6.140000010000000e+03	8.098227e+00	1.621236e-03
6.145000010000000e+03	8.098202e+00	1.619940e-03
6.150000010000000e+03	8.098178e+00	1.618646e-03
6.155000010000000e+03	8.098154e+00	1.617354e-03
6.160000010000000e+03	8.098129e+00	1.616064e-03
6.165000010000000e+03	8.098105e+00	1.614776e-03
6.170000010000000e+03	8.098082e+00	1.613491e-03
6.175000010000000e+03	8.098058e+00	1.612207e-03
6.180000010000000e+03	8.098034e+00	1.610925e-03
6.185000010000000e+03	8.098009e+00	1.609646e-03
6.190000010000000e+03	8.097985e+00	1.608368e-03
6.195000010000000e+03	8.097961e+00	1.607093e-03
6.200000010000000e+03	8.097938e+00	1.605819e-03
6.205000010000000e+03	8.097914e+00	1.604548e-03
6.210000010000000e+03	8.097890e+00	1.603278e-03
6.215000010000000e+03	8.097866e+00	1.602011e-03
6.220000010000000e+03	8.097842e+00	1.600745e-03
6.225000010000000e+03	8.097818e+00	1.599482e-03
6.230000010000000e+03	8.097795e+00	1.598220e-03
6.235000010000000e+03	8.097771e+00	1.596961e-03
6.240000010000000e+03	8.097747e+00	1.595703e-03
6.245000010000000e+03	8.097723e+00	1.594448e-03
6.250000010000000e+03	8.097699e+00	1.593194e-03
6.255000010000000e+03	8.097675e+00	1.591943e-03
6.260000010000000e+03	8.097651e+00	1.590693e-03
6.265000010000000e+03	8.097628e+00	1.589446e-03
6.270000010000000e+03	8.097605e+00	1.588200e-03
6.275000010000000e+03	8.097581e+00	1.586956e-03
6.280000010000000e+03	8.097557e+00	1.585715e-03
6.285000010000000e+03	8.097533e+00	1.584475e-03
6.290000010000000e+03	8.097510e+00	1.583237e-03
6.295000010000000e+03	8.097486e+00	1.582001e-03
6.300000010000000e+03	8.097463e+00	1.580767e-03
6.305000010000000e+03	8.097439e+00	1.579535e-03
6.310000010000000e+03	8.097416e+00	1.578305e-03
6.315000010000000e+03	8.097392e+00	1.577076e-03
6.320000010000000e+03	8.097368e+00	1.575850e-03
6.325000010000000e+03	8.097345e+00	1.574626e-03
6.330000010000000e+03	8.097322e+00	1.573403e-03
6.335000010000000e+03	8.097299e+00	1.572183e-03
6.340000010000000e+03	8.097275e+00	1.570964e-03
6.345000010000000e+03	8.097252e+00	1.569747e-03
6.350000010000000e+03	8.097228e+00	1.568532e-03
6.355000010000000e+03	8.097205e+00	1.567319e-03
6.360000010000000e+03	8.097181e+00	1.566108e-03
6.365000010000000e+03	8.097158e+00	1.564898e-03
6.370000010000000e+03	8.097135e+00	1.563691e-03
6.375000010000000e+03	8.097112e+00	1.562485e-03
6.380000010000000e+03	8.097088e+00	1.561282e-03
6.385000010000000e+03	8.097065e+00	1.560080e-03
6.390000010000000e+03	8.097042e+00	1.558880e-03
6.395000010000000e+03	8.097018e+00	1.557682e-03
6.400000010000000e+03	8.096995e+00	1.556485e-03
6.405000010000000e+03	8.096972e+00	1.555291e-03
6.410000010000000e+03	8.096949e+00	1.554098e-03
6.415000010000000e+03	8.096926e+00	1.552907e-03
6.420000010000000e+03	8.096903e+00	1.551718e-03
6.425000010000000e+03	8.096880e+00	1.550531e-03
6.430000010000000e+03	8.096857e+00	1.549346e-03
6.435000010000000e+03	8.096833e+00	1.548162e-03
6.440000010000000e+03	8.096810e+00	1.546981e-03
6.445000010000000e+03	8.096787e+00	1.545801e-03
6.450000010000000e+03	8.096765e+00	1.544623e-03
6.455000010000000e+03	8.096742e+00	1.543446e-03
6.460000010000000e+03	8.096719e+00	1.542272e-03
6.465000010000000e+03	8.096696e+00	1.541099e-03
6.470000010000000e+03	8.096673e+00	1.539928e-03
6.475000010000000e+03	8.096649e+00	1.538759e-03
6.480000010000000e+03	8.096626e+00	1.537591e-03
6.485000010000000e+03	8.096603e+00	1.536426e-03
6.490000010000000e+03	8.096581e+00	1.535262e-03
6.495000010000000e+03	8.096559e+00	1.534100e-03
6.500000010000000e+03	8.096536e+00	1.532939e-03
6.505000010000000e+03	8.096513e+00	1.531781e-03
6.510000010000000e+03	8.096490e+00	1.530624e-03
6.515000010000000e+03	8.096467e+00	1.529469e-03
6.520000010000000e+03	8.096444e+00	1.528316e-03
6.525000010000000e+03	8.096421e+00	1.527164e-03
6.530000010000000e+03	8.096398e+00	1.526014e-03
6.535000010000000e+03	8.096375e+00	1.524866e-03
6.540000010000000e+03	8.096354e+00	1.523720e-03
6.545000010000000e+03	8.096331e+00	1.522575e-03
6.550000010000000e+03	8.096308e+00	1.521432e-03
6.555000010000000e+03	8.096285e+00	1.520291e-03
6.560000010000000e+03	8.096263e+00	1.519151e-03
6.565000010000000e+03	8.096240e+00	1.518014e-03
6.570000010000000e+03	8.096217e+00	1.516877e-03
6.575000010000000e+03	8.096195e+00	1.515743e-03
6.580000010000000e+03	8.096172e+00	1.514610e-03
6.585000010000000e+03	8.096149e+00	1.513479e-03
6.590000010000000e+03	8.096128e+00	1.512350e-03
6.595000010000000e+03	8.096105e+00	1.511222e-03
6.600000010000000e+03	8.096082e+00	1.510096e-03
6.605000010000000e+03	8.096060e+00	1.508972e-03
6.610000010000000e+03	8.096037e+00	1.507850e-03
6.615000010000000e+03	8.096015e+00	1.506729e-03
6.620000010000000e+03	8.095992e+00	1.505609e-03
6.625000010000000e+03	8.095970e+00	1.504492e-03
6.630000010000000e+03	8.095947e+00	1.503376e-03
6.635000010000000e+03	8.095925e+00	1.502262e-03
6.640000010000000e+03	8.095902e+00	1.501149e-03
6.645000010000000e+03	8.095881e+00	1.500038e-03
6.650000010000000e+03	8.095859e+00	1.498929e-03
6.655000010000000e+03	8.095836e+00	1.497821e-03
6.660000010000000e+03	8.095814e+00	1.496715e-03
6.665000010000000e+03	8.095792e+00	1.495611e-03
6.670000010000000e+03	8.095769e+00	1.494508e-03
6.675000010000000e+03	8.095747e+00	1.493407e-03
6.680000010000000e+03	8.095725e+00	1.492307e-03
6.685000010000000e+03	8.095702e+00	1.491209e-03
6.690000010000000e+03	8.095680e+00	1.490113e-03
6.695000010000000e+03	8.095658e+00	1.489018e-03
6.700000010000000e+03	8.095636e+00	1.487925e-03
6.705000010000000e+03	8.095613e+00	1.486834e-03
6.710000010000000e+03	8.095592e+00	1.485744e-03
6.715000010000000e+03	8.095570e+00	1.484656e-03
6.720000010000000e+03	8.095548e+00	1.483569e-03
6.725000010000000e+03	8.095526e+00	1.482484e-03
6.730000010000000e+03	8.095504e+00	1.481400e-03
6.735000010000000e+03	8.095481e+00	1.480318e-03
6.740000010000000e+03	8.095459e+00	1.479238e-03
6.745000010000000e+03	8.095437e+00	1.478159e-03
6.750000010000000e+03	8.095415e+00	1.477082e-03
6.755000010000000e+03	8.095393e+00	1.476007e-03
6.760000010000000e+03	8.095371e+00	1.474933e-03
6.765000010000000e+03	8.095349e+00	1.473860e-03
6.770000010000000e+03	8.095327e+00	1.472789e-03
6.775000010000000e+03	8.095305e+00	1.471720e-03
6.780000010000000e+03	8.095284e+00	1.470652e-03
6.785000010000000e+03	8.095262e+00	1.469586e-03
6.790000010000000e+03	8.095240e+00	1.468521e-03
6.795000010000000e+03	8.095218e+00	1.467458e-03
6.800000010000000e+03	8.095197e+00	1.466396e-03
6.805000010000000e+03	8.095175e+00	1.465336e-03
6.810000010000000e+03	8.095153e+00	1.464278e-03
6.815000010000000e+03	8.095131e+00	1.463221e-03
6.820000010000000e+03	8.095109e+00	1.462165e-03
6.825000010000000e+03	8.095087e+00	1.461111e-03
6.830000010000000e+03	8.095066e+00	1.460059e-03
6.835000010000000e+03	8.095044e+00	1.459008e-03
6.840000010000000e+03	8.095022e+00	1.457958e-03
6.845000010000000e+03	8.095000e+00	1.456911e-03
6.850000010000000e+03	8.094979e+00	1.455864e-03
6.855000010000000e+03	8.094957e+00	1.454819e-03
6.860000010000000e+03	8.094935e+00	1.453776e-03
6.865000010000000e+03	8.094914e+00	1.452734e-03
6.870000010000000e+03	8.094893e+00	1.451694e-03
6.875000010000000e+03	8.094871e+00	1.450655e-03
6.880000010000000e+03	8.094850e+00	1.449617e-03
6.885000010000000e+03	8.094828e+00	1.448581e-03
6.890000010000000e+03	8.094806e+00	1.447547e-03
6.895000010000000e+03	8.094785e+00	1.446514e-03
6.900000010000000e+03	8.094763e+00	1.445482e-03
6.905000010000000e+03	8.094742e+00	1.444453e-03
6.910000010000000e+03	8.094720e+00	1.443424e-03
6.915000010000000e+03	8.094699e+00	1.442397e-03
6.920000010000000e+03	8.094677e+00	1.441371e-03
6.925000010000000e+03	8.094656e+00	1.440347e-03
6.930000010000000e+03	8.094634e+00	1.439324e-03
6.935000010000000e+03	8.094613e+00	1.438303e-03
6.940000010000000e+03	8.094592e+00	1.437283e-03
6.945000010000000e+03	8.094570e+00	1.436265e-03
6.950000010000000e+03	8.094549e+00	1.435248e-03
6.955000010000000e+03	8.094527e+00	1.434233e-03
6.960000010000000e+03	8.094506e+00	1.433219e-03
6.965000010000000e+03	8.094485e+00	1.432206e-03
6.970000010000000e+03	8.094463e+00	1.431195e-03
6.975000010000000e+03	8.094442e+00	1.430185e-03
6.980000010000000e+03	8.094421e+00	1.429177e-03
6.985000010000000e+03	8.094399e+00	1.428170e-03
6.990000010000000e+03	8.094378e+00	1.427164e-03
6.995000010000000e+03	8.094357e+00	1.426160e-03
7.000000010000000e+03	8.094337e+00	1.425158e-03
7.005000010000000e+03	8.094315e+00	1.424156e-03
7.010000010000000e+03	8.094294e+00	1.423157e-03
7.015000010000000e+03	8.094273e+00	1.422158e-03
7.020000010000000e+03	8.094252e+00	1.421161e-03
7.025000010000000e+03	8.094231e+00	1.420166e-03
7.030000010000000e+03	8.094210e+00	1.419171e-03
7.035000010000000e+03	8.094189e+00	1.418179e-03
7.040000010000000e+03	8.094167e+00	1.417187e-03
7.045000010000000e+03	8.094146e+00	1.416197e-03
7.050000010000000e+03	8.094125e+00	1.415208e-03
7.055000010000000e+03	8.094104e+00	1.414221e-03
7.060000010000000e+03	8.094083e+00	1.413235e-03
7.065000010000000e+03	8.094062e+00	1.412251e-03
7.070000010000000e+03	8.094041e+00	1.411268e-03
7.075000010000000e+03	8.094020e+00	1.410286e-03
7.080000010000000e+03	8.093999e+00	1.409305e-03
7.085000010000000e+03	8.093978e+00	1.408326e-03
7.090000010000000e+03	8.093957e+00	1.407349e-03
7.095000010000000e+03	8.093936e+00	1.406372e-03
7.100000010000000e+03	8.093915e+00	1.405397e-03
7.105000010000000e+03	8.093894e+00	1.404424e-03
7.110000010000000e+03	8.093874e+00	1.403451e-03
7.115000010000000e+03	8.093853e+00	1.402481e-03
7.120000010000000e+03	8.093832e+00	1.401511e-03
7.125000010000000e+03	8.093811e+00	1.400543e-03
7.130000010000000e+03	8.093790e+00	1.399576e-03
7.135000010000000e+03	8.093769e+00	1.398610e-03
7.140000010000000e+03	8.093749e+00	1.397646e-03
7.145000010000000e+03	8.093728e+00	1.396683e-03
7.150000010000000e+03	8.093707e+00	1.395722e-03
7.155000010000000e+03	8.093686e+00	1.394761e-03
7.160000010000000e+03	8.093666e+00	1.393802e-03
7.165000010000000e+03	8.093645e+00	1.392845e-03
7.170000010000000e+03	8.093624e+00	1.391888e-03
7.175000010000000e+03	8.093603e+00	1.390934e-03
7.180000010000000e+03	8.093583e+00	1.389980e-03
7.185000010000000e+03	8.093562e+00	1.389027e-03
7.190000010000000e+03	8.093541e+00	1.388076e-03
7.195000010000000e+03	8.093521e+00	1.387127e-03
7.200000010000000e+03	8.093500e+00	1.386178e-03
7.205000010000000e+03	8.093480e+00	1.385231e-03
7.210000010000000e+03	8.093459e+00	1.384285e-03
7.215000010000000e+03	8.093439e+00	1.383341e-03
7.220000010000000e+03	8.093418e+00	1.382397e-03
7.225000010000000e+03	8.093397e+00	1.381455e-03
7.230000010000000e+03	8.093377e+00	1.380515e-03
7.235000010000000e+03	8.093356e+00	1.379575e-03
7.240000010000000e+03	8.093336e+00	1.378637e-03
7.245000010000000e+03	8.093315e+00	1.377700e-03
7.250000010000000e+03	8.093295e+00	1.376765e-03
7.255000010000000e+03	8.093275e+00	1.375830e-03
7.260000010000000e+03	8.093254e+00	1.374897e-03
7.265000010000000e+03	8.093232e+00	1.373966e-03
7.270000010000000e+03	8.093212e+00	1.373035e-03
7.275000010000000e+03	8.093191e+00	1.372106e-03
7.280000010000000e+03	8.093171e+00	1.371178e-03
7.285000010000000e+03	8.093151e+00	1.370251e-03
7.290000010000000e+03	8.093130e+00	1.369326e-03
7.295000010000000e+03	8.093110e+00	1.368402e-03
7.300000010000000e+03	8.093090e+00	1.367479e-03
7.305000010000000e+03	8.093069e+00	1.366557e-03
7.310000010000000e+03	8.093049e+00	1.365636e-03
7.315000010000000e+03	8.093029e+00	1.364717e-03
7.320000010000000e+03	8.093008e+00	1.363799e-03
7.325000010000000e+03	8.092988e+00	1.362882e-03
7.330000010000000e+03	8.092968e+00	1.361967e-03
7.335000010000000e+03	8.092948e+00	1.361053e-03
7.340000010000000e+03	8.092927e+00	1.360139e-03
7.345000010000000e+03	8.092907e+00	1.359228e-03
7.350000010000000e+03	8.092887e+00	1.358317e-03
7.355000010000000e+03	8.092867e+00	1.357408e-03
7.360000010000000e+03	8.092847e+00	1.356499e-03
7.365000010000000e+03	8.092827e+00	1.355592e-03
7.370000010000000e+03	8.092807e+00	1.354687e-03
7.375000010000000e+03	8.092786e+00	1.353782e-03
7.380000010000000e+03	8.092766e+00	1.352879e-03
7.385000010000000e+03	8.092746e+00	1.351977e-03
7.390000010000000e+03	8.092726e+00	1.351076e-03
7.395000010000000e+03	8.092706e+00	1.350176e-03
7.400000010000000e+03	8.092686e+00	1.349277e-03
7.405000010000000e+03	8.092666e+00	1.348380e-03
7.410000010000000e+03	8.092646e+00	1.347484e-03
7.415000010000000e+03	8.092626e+00	1.346589e-03
7.420000010000000e+03	8.092606e+00	1.345695e-03
7.425000010000000e+03	8.092586e+00	1.344803e-03
7.430000010000000e+03	8.092566e+00	1.343911e-03
7.435000010000000e+03	8.092546e+00	1.343021e-03
7.440000010000000e+03	8.092525e+00	1.342132e-03
7.445000010000000e+03	8.092505e+00	1.341244e-03
7.450000010000000e+03	8.092486e+00	1.340357e-03
7.455000010000000e+03	8.092466e+00	1.339472e-03
7.460000010000000e+03	8.092446e+00	1.338588e-03
7.465000010000000e+03	8.092426e+00	1.337704e-03
7.470000010000000e+03	8.092406e+00	1.336823e-03
7.475000010000000e+03	8.092386e+00	1.335942e-03
7.480000010000000e+03	8.092366e+00	1.335062e-03
7.485000010000000e+03	8.092347e+00	1.334184e-03
7.490000010000000e+03	8.092327e+00	1.333306e-03
7.495000010000000e+03	8.092307e+00	1.332430e-03
7.500000010000000e+03	8.092287e+00	1.331555e-03
7.505000010000000e+03	8.092268e+00	1.330681e-03
7.510000010000000e+03	8.092248e+00	1.329808e-03
7.515000010000000e+03	8.092228e+00	1.328937e-03
7.520000010000000e+03	8.092209e+00	1.328066e-03
7.525000010000000e+03	8.092189e+00	1.327197e-03
7.530000010000000e+03	8.092169e+00	1.326329e-03
7.535000010000000e+03	8.092149e+00	1.325462e-03
7.540000010000000e+03	8.092130e+00	1.324596e-03
7.545000010000000e+03	8.092110e+00	1.323731e-03
7.550000010000000e+03	8.092091e+00	1.322867e-03
7.555000010000000e+03	8.092071e+00	1.322005e-03
7.560000010000000e+03	8.092051e+00	1.321144e-03
7.565000010000000e+03	8.092031e+00	1.320283e-03
7.570000010000000e+03	8.092011e+00	1.319424e-03
7.575000010000000e+03	8.091992e+00	1.318566e-03
7.580000010000000e+03	8.091972e+00	1.317709e-03
7.585000010000000e+03	8.091953e+00	1.316853e-03
7.590000010000000e+03	8.091933e+00	1.315999e-03
7.595000010000000e+03	8.091914e+00	1.315145e-03
7.600000010000000e+03	8.091894e+00	1.314293e-03
7.605000010000000e+03	8.091875e+00	1.313441e-03
7.610000010000000e+03	8.091855e+00	1.312591e-03
7.615000010000000e+03	8.091836e+00	1.311742e-03
7.620000010000000e+03	8.091816e+00	1.310894e-03
7.625000010000000e+03	8.091797e+00	1.310047e-03
7.630000010000000e+03	8.091778e+00	1.309201e-03
7.635000010000000e+03	8.091758e+00	1.308356e-03
7.640000010000000e+03	8.091739e+00	1.307513e-03
7.645000010000000e+03	8.091719e+00	1.306670e-03
7.650000010000000e+03	8.091700e+00	1.305829e-03
7.655000010000000e+03	8.091681e+00	1.304988e-03
7.660000010000000e+03	8.091660e+00	1.304149e-03
7.665000010000000e+03	8.091641e+00	1.303311e-03
7.670000010000000e+03	8.091622e+00	1.302473e-03
7.675000010000000e+03	8.091603e+00	1.301637e-03
7.680000010000000e+03	8.091583e+00	1.300802e-03
7.685000010000000e+03	8.091564e+00	1.299968e-03
7.690000010000000e+03	8.091545e+00	1.299136e-03
7.695000010000000e+03	8.091526e+00	1.298304e-03
7.700000010000000e+03	8.091506e+00	1.297473e-03
7.705000010000000e+03	8.091487e+00	1.296643e-03
7.710000010000000e+03	8.091468e+00	1.295815e-03
7.715000010000000e+03	8.091449e+00	1.294987e-03
7.720000010000000e+03	8.091430e+00	1.294161e-03
7.725000010000000e+03	8.091411e+00	1.293335e-03
7.730000010000000e+03	8.091391e+00	1.292511e-03
7.735000010000000e+03	8.091372e+00	1.291687e-03
7.740000010000000e+03	8.091352e+00	1.290865e-03
7.745000010000000e+03	8.091333e+00	1.290044e-03
7.750000010000000e+03	8.091314e+00	1.289224e-03
7.755000010000000e+03	8.091295e+00	1.288405e-03
7.760000010000000e+03	8.091276e+00	1.287586e-03
7.765000010000000e+03	8.091257e+00	1.286769e-03
7.770000010000000e+03	8.091238e+00	1.285953e-03
7.775000010000000e+03	8.091219e+00	1.285138e-03
7.780000010000000e+03	8.091200e+00	1.284324e-03
7.785000010000000e+03	8.091181e+00	1.283511e-03
7.790000010000000e+03	8.091162e+00	1.282700e-03
7.795000010000000e+03	8.091143e+00	1.281889e-03
7.800000010000000e+03	8.091124e+00	1.281079e-03
7.805000010000000e+03	8.091105e+00	1.280270e-03
7.810000010000000e+03	8.091085e+00	1.279462e-03
7.815000010000000e+03	8.091066e+00	1.278655e-03
7.820000010000000e+03	8.091047e+00	1.277850e-03
7.825000010000000e+03	8.091028e+00	1.277045e-03
7.830000010000000e+03	8.091009e+00	1.276241e-03
7.835000010000000e+03	8.090990e+00	1.275438e-03
7.840000010000000e+03	8.090972e+00	1.274637e-03
7.845000010000000e+03	8.090953e+00	1.273836e-03
7.850000010000000e+03	8.090934e+00	1.273036e-03
7.855000010000000e+03	8.090915e+00	1.272238e-03
7.860000010000000e+03	8.090896e+00	1.271440e-03
7.865000010000000e+03	8.090878e+00	1.270643e-03
7.870000010000000e+03	8.090858e+00	1.269848e-03
7.875000010000000e+03	8.090839e+00	1.269053e-03
7.880000010000000e+03	8.090820e+00	1.268259e-03
7.885000010000000e+03	8.090802e+00	1.267467e-03
7.890000010000000e+03	8.090783e+00	1.266675e-03
7.895000010000000e+03	8.090764e+00	1.265884e-03
7.900000010000000e+03	8.090745e+00	1.265094e-03
7.905000010000000e+03	8.090727e+00	1.264306e-03
7.910000010000000e+03	8.090708e+00	1.263518e-03
7.915000010000000e+03	8.090689e+00	1.262731e-03
7.920000010000000e+03	8.090671e+00	1.261945e-03
7.925000010000000e+03	8.090652e+00	1.261161e-03
7.930000010000000e+03	8.090632e+00	1.260377e-03
7.935000010000000e+03	8.090614e+00	1.259594e-03
7.940000010000000e+03	8.090595e+00	1.258812e-03
7.945000010000000e+03	8.090577e+00	1.258031e-03
7.950000010000000e+03	8.090558e+00	1.257251e-03
7.955000010000000e+03	8.090539e+00	1.256472e-03
7.960000010000000e+03	8.090521e+00	1.255694e-03
7.965000010000000e+03	8.090502e+00	1.254917e-03
7.970000010000000e+03	8.090484e+00	1.254141e-03
7.975000010000000e+03	8.090465e+00	1.253366e-03
7.980000010000000e+03	8.090446e+00	1.252592e-03
7.985000010000000e+03	8.090427e+00	1.251818e-03
7.990000010000000e+03	8.090409e+00	1.251046e-03
7.995000010000000e+03	8.090390e+00	1.250275e-03
8.000000010000000e+03	8.090372e+00	1.249505e-03
8.005000010000000e+03	8.090353e+00	1.248735e-03
8.010000010000000e+03	8.090335e+00	1.247967e-03
8.015000010000000e+03	8.090317e+00	1.247199e-03
8.020000010000000e+03	8.090298e+00	1.246433e-03
8.025000010000000e+03	8.090280e+00	1.245667e-03
8.030000010000000e+03	8.090261e+00	1.244902e-03
8.035000010000000e+03	8.090242e+00	1.244139e-03
8.040000010000000e+03	8.090224e+00	1.243376e-03
8.045000010000000e+03	8.090205e+00	1.242614e-03
8.050000010000000e+03	8.090187e+00	1.241853e-03
8.055000010000000e+03	8.090169e+00	1.241093e-03
8.060000010000000e+03	8.090150e+00	1.240334e-03
8.065000010000000e+03	8.090132e+00	1.239576e-03
8.070000010000000e+03	8.090114e+00	1.238819e-03
8.075000010000000e+03	8.090096e+00	1.238062e-03
8.080000010000000e+03	8.090076e+00	1.237307e-03
8.085000010000000e+03	8.090058e+00	1.236553e-03
8.090000010000000e+03	8.090040e+00	1.235799e-03
8.095000010000000e+03	8.090022e+00	1.235047e-03
8.100000010000000e+03	8.090003e+00	1.234295e-03
8.105000010000000e+03	8.089985e+00	1.233544e-03
8.110000010000000e+03	8.089967e+00	1.232794e-03
8.115000010000000e+03	8.089949e+00	1.232045e-03
8.120000010000000e+03	8.089931e+00	1.231297e-03
8.125000010000000e+03	8.089911e+00	1.230550e-03
8.130000010000000e+03	8.089893e+00	1.229804e-03
8.135000010000000e+03	8.089875e+00	1.229059e-03
8.140000010000000e+03	8.089857e+00	1.228314e-03
8.145000010000000e+03	8.089839e+00	1.227571e-03
8.150000010000000e+03	8.089821e+00	1.226828e-03
8.155000010000000e+03	8.089803e+00	1.226087e-03
8.160000010000000e+03	8.089785e+00	1.225346e-03
8.165000010000000e+03	8.089767e+00	1.224606e-03
8.170000010000000e+03	8.089748e+00	1.223867e-03
8.175000010000000e+03	8.089730e+00	1.223129e-03
8.180000010000000e+03	8.089712e+00	1.222391e-03
8.185000010000000e+03	8.089693e+00	1.221655e-03
8.190000010000000e+03	8.089675e+00	1.220920e-03
8.195000010000000e+03	8.089658e+00	1.220185e-03
8.200000010000000e+03	8.089640e+00	1.219451e-03
8.205000010000000e+03	8.089622e+00	1.218719e-03
8.210000010000000e+03	8.089603e+00	1.217987e-03
8.215000010000000e+03	8.089585e+00	1.217256e-03
8.220000010000000e+03	8.089567e+00	1.216526e-03
8.225000010000000e+03	8.089549e+00	1.215796e-03
8.230000010000000e+03	8.089531e+00	1.215068e-03
8.235000010000000e+03	8.089513e+00	1.214340e-03
8.240000010000000e+03	8.089495e+00	1.213614e-03
8.245000010000000e+03	8.089477e+00	1.212888e-03
8.250000010000000e+03	8.089458e+00	1.212163e-03
8.255000010000000e+03	8.089440e+00	1.211439e-03
8.260000010000000e+03	8.089423e+00	1.210716e-03
8.265000010000000e+03	8.089405e+00	1.209993e-03
8.270000010000000e+03	8.089387e+00	1.209272e-03
8.275000010000000e+03	8.089369e+00	1.208551e-03
8.280000010000000e+03	8.089351e+00	1.207832e-03
8.285000010000000e+03	8.089334e+00	1.207113e-03
8.290000010000000e+03	8.089315e+00	1.206395e-03
8.295000010000000e+03	8.089297e+00	1.205678e-03
8.300000010000000e+03	8.089279e+00	1.204961e-03
8.305000010000000e+03	8.089262e+00	1.204246e-03
8.310000010000000e+03	8.089244e+00	1.203531e-03
8.315000010000000e+03	8.089226e+00	1.202817e-03
8.320000010000000e+03	8.089208e+00	1.202104e-03
8.325000010000000e+03	8.089190e+00	1.201393e-03
8.330000010000000e+03	8.089172e+00	1.200681e-03
8.335000010000000e+03	8.089154e+00	1.199971e-03
8.340000010000000e+03	8.089137e+00	1.199261e-03
8.345000010000000e+03	8.089119e+00	1.198553e-03
8.350000010000000e+03	8.089101e+00	1.197845e-03
8.355000010000000e+03	8.089084e+00	1.197138e-03
8.360000010000000e+03	8.089066e+00	1.196432e-03
8.365000010000000e+03	8.089048e+00	1.195726e-03
8.370000010000000e+03	8.089030e+00	1.195022e-03
8.375000010000000e+03	8.089012e+00	1.194318e-03
8.380000010000000e+03	8.088995e+00	1.193615e-03
8.385000010000000e+03	8.088977e+00	1.192913e-03
8.390000010000000e+03	8.088960e+00	1.192212e-03
8.395000010000000e+03	8.088942e+00	1.191512e-03
8.400000010000000e+03	8.088924e+00	1.190812e-03
8.405000010000000e+03	8.088906e+00	1.190113e-03
8.410000010000000e+03	8.088889e+00	1.189415e-03
8.415000010000000e+03	8.088871e+00	1.188718e-03
8.420000010000000e+03	8.088854e+00	1.188022e-03
8.425000010000000e+03	8.088836e+00	1.187327e-03
8.430000010000000e+03	8.088819e+00	1.186632e-03
8.435000010000000e+03	8.088800e+00	1.185938e-03
8.440000010000000e+03	8.088783e+00	1.185245e-03
8.445000010000000e+03	8.088765e+00	1.184553e-03
8.450000010000000e+03	8.088748e+00	1.183861e-03
8.455000010000000e+03	8.088731e+00	1.183171e-03
8.460000010000000e+03	8.088713e+00	1.182481e-03
8.465000010000000e+03	8.088696e+00	1.181792e-03
8.470000010000000e+03	8.088677e+00	1.181104e-03
8.475000010000000e+03	8.088660e+00	1.180416e-03
8.480000010000000e+03	8.088643e+00	1.179730e-03
8.485000010000000e+03	8.088625e+00	1.179044e-03
8.490000010000000e+03	8.088608e+00	1.178359e-03
8.495000010000000e+03	8.088591e+00	1.177675e-03
8.500000010000000e+03	8.088573e+00	1.176991e-03
8.505000010000000e+03	8.088555e+00	1.176309e-03
8.510000010000000e+03	8.088538e+00	1.175627e-03
8.515000010000000e+03	8.088520e+00	1.174946e-03
8.520000010000000e+03	8.088503e+00	1.174266e-03
8.525000010000000e+03	8.088486e+00	1.173586e-03
8.530000010000000e+03	8.088469e+00	1.172908e-03
8.535000010000000e+03	8.088450e+00	1.172230e-03
8.540000010000000e+03	8.088433e+00	1.171553e-03
8.545000010000000e+03	8.088416e+00	1.170877e-03
8.550000010000000e+03	8.088399e+00	1.170201e-03
8.555000010000000e+03	8.088382e+00	1.169526e-03
8.560000010000000e+03	8.088364e+00	1.168852e-03
8.565000010000000e+03	8.088346e+00	1.168179e-03
8.570000010000000e+03	8.088329e+00	1.167507e-03
8.575000010000000e+03	8.088312e+00	1.166835e-03
8.580000010000000e+03	8.088295e+00	1.166164e-03
8.585000010000000e+03	8.088278e+00	1.165494e-03
8.590000010000000e+03	8.088261e+00	1.164825e-03
8.595000010000000e+03	8.088243e+00	1.164156e-03
8.600000010000000e+03	8.088225e+00	1.163489e-03
8.605000010000000e+03	8.088208e+00	1.162822e-03
8.610000010000000e+03	8.088191e+00	1.162155e-03
8.615000010000000e+03	8.088174e+00	1.161490e-03
8.620000010000000e+03	8.088157e+00	1.160825e-03
8.625000010000000e+03	8.088140e+00	1.160161e-03
8.630000010000000e+03	8.088122e+00	1.159498e-03
8.635000010000000e+03	8.088105e+00	1.158836e-03
8.640000010000000e+03	8.088088e+00	1.158174e-03
8.645000010000000e+03	8.088071e+00	1.157513e-03
8.650000010000000e+03	8.088054e+00	1.156853e-03
8.655000010000000e+03	8.088037e+00	1.156194e-03
8.660000010000000e+03	8.088019e+00	1.155535e-03
8.665000010000000e+03	8.088002e+00	1.154877e-03
8.670000010000000e+03	8.087985e+00	1.154220e-03
8.675000010000000e+03	8.087968e+00	1.153563e-03
8.680000010000000e+03	8.087951e+00	1.152908e-03
8.685000010000000e+03	8.087934e+00	1.152253e-03
8.690000010000000e+03	8.087916e+00	1.151599e-03
8.695000010000000e+03	8.087900e+00	1.150945e-03
8.700000010000000e+03	8.087883e+00	1.150293e-03
8.705000010000000e+03	8.087866e+00	1.149641e-03
8.710000010000000e+03	8.087849e+00	1.148989e-03
8.715000010000000e+03	8.087831e+00	1.148339e-03
8.720000010000000e+03	8.087814e+00	1.147689e-03
8.725000010000000e+03	8.087797e+00	1.147040e-03
8.730000010000000e+03	8.087781e+00	1.146392e-03
8.735000010000000e+03	8.087764e+00	1.145744e-03
8.740000010000000e+03	8.087747e+00	1.145098e-03
8.745000010000000e+03	8.087729e+00	1.144452e-03
8.750000010000000e+03	8.087712e+00	1.143806e-03
8.755000010000000e+03	8.087696e+00	1.143162e-03
8.760000010000000e+03	8.087679e+00	1.142518e-03
8.765000010000000e+03	8.087662e+00	1.141875e-03
8.770000010000000e+03	8.087645e+00	1.141232e-03
8.775000010000000e+03	8.087628e+00	1.140591e-03
8.780000010000000e+03	8.087611e+00	1.139950e-03
8.785000010000000e+03	8.087594e+00	1.139309e-03
8.790000010000000e+03	8.087577e+00	1.138670e-03
8.795000010000000e+03	8.087561e+00	1.138031e-03
8.800000010000000e+03	8.087543e+00	1.137393e-03
8.805000010000000e+03	8.087526e+00	1.136755e-03
8.810000010000000e+03	8.087510e+00	1.136119e-03
8.815000010000000e+03	8.087493e+00	1.135483e-03
8.820000010000000e+03	8.087476e+00	1.134848e-03
8.825000010000000e+03	8.087460e+00	1.134213e-03
8.830000010000000e+03	8.087442e+00	1.133579e-03
8.835000010000000e+03	8.087425e+00	1.132946e-03
8.840000010000000e+03	8.087409e+00	1.132314e-03
8.845000010000000e+03	8.087392e+00	1.131682e-03
8.850000010000000e+03	8.087376e+00	1.131051e-03
8.855000010000000e+03	8.087358e+00	1.130421e-03
8.860000010000000e+03	8.087342e+00	1.129791e-03
8.865000010000000e+03	8.087325e+00	1.129162e-03
8.870000010000000e+03	8.087308e+00	1.128534e-03
8.875000010000000e+03	8.087292e+00	1.127907e-03
8.880000010000000e+03	8.087275e+00	1.127280e-03
8.885000010000000e+03	8.087258e+00	1.126654e-03
8.890000010000000e+03	8.087241e+00	1.126028e-03
8.895000010000000e+03	8.087225e+00	1.125404e-03
8.900000010000000e+03	8.087208e+00	1.124780e-03
8.905000010000000e+03	8.087192e+00	1.124156e-03
8.910000010000000e+03	8.087174e+00	1.123534e-03
8.915000010000000e+03	8.087158e+00	1.122912e-03
8.920000010000000e+03	8.087142e+00	1.122291e-03
8.925000010000000e+03	8.087125e+00	1.121670e-03
8.930000010000000e+03	8.087109e+00	1.121050e-03
8.935000010000000e+03	8.087091e+00	1.120431e-03
8.940000010000000e+03	8.087075e+00	1.119812e-03
8.945000010000000e+03	8.087058e+00	1.119195e-03
8.950000010000000e+03	8.087042e+00	1.118578e-03
8.955000010000000e+03	8.087026e+00	1.117961e-03
8.960000010000000e+03	8.087008e+00	1.117345e-03
8.965000010000000e+03	8.086992e+00	1.116730e-03
8.970000010000000e+03	8.086976e+00	1.116116e-03
8.975000010000000e+03	8.086959e+00	1.115502e-03
8.980000010000000e+03	8.086943e+00	1.114889e-03
8.985000010000000e+03	8.086926e+00	1.114277e-03
8.990000010000000e+03	8.086909e+00	1.113665e-03
8.995000010000000e+03	8.086893e+00	1.113054e-03
9.000000010000000e+03	8.086877e+00	1.112444e-03
9.005000010000000e+03	8.086860e+00	1.111834e-03
9.010000010000000e+03	8.086843e+00	1.111225e-03
9.015000010000000e+03	8.086827e+00	1.110616e-03
9.020000010000000e+03	8.086811e+00	1.110009e-03
9.025000010000000e+03	8.086794e+00	1.109402e-03
9.030000010000000e+03	8.086778e+00	1.108795e-03
9.035000010000000e+03	8.086761e+00	1.108190e-03
9.040000010000000e+03	8.086745e+00	1.107585e-03
9.045000010000000e+03	8.086728e+00	1.106980e-03
9.050000010000000e+03	8.086712e+00	1.106377e-03
9.055000010000000e+03	8.086696e+00	1.105773e-03
9.060000010000000e+03	8.086679e+00	1.105171e-03
9.065000010000000e+03	8.086663e+00	1.104569e-03
9.070000010000000e+03	8.086647e+00	1.103968e-03
9.075000010000000e+03	8.086630e+00	1.103368e-03
9.080000010000000e+03	8.086614e+00	1.102768e-03
9.085000010000000e+03	8.086597e+00	1.102169e-03
9.090000010000000e+03	8.086581e+00	1.101571e-03
9.095000010000000e+03	8.086565e+00	1.100973e-03
9.100000010000000e+03	8.086549e+00	1.100376e-03
9.105000010000000e+03	8.086533e+00	1.099779e-03
9.110000010000000e+03	8.086516e+00	1.099183e-03
9.115000010000000e+03	8.086500e+00	1.098588e-03
9.120000010000000e+03	8.086484e+00	1.097993e-03
9.125000010000000e+03	8.086467e+00	1.097399e-03
9.130000010000000e+03	8.086451e+00	1.096806e-03
9.135000010000000e+03	8.086434e+00	1.096213e-03
9.140000010000000e+03	8.086418e+00	1.095621e-03
9.145000010000000e+03	8.086402e+00	1.095030e-03
9.150000010000000e+03	8.086386e+00	1.094439e-03
9.155000010000000e+03	8.086370e+00	1.093849e-03
9.160000010000000e+03	8.086353e+00	1.093260e-03
9.165000010000000e+03	8.086337e+00	1.092671e-03
9.170000010000000e+03	8.086321e+00	1.092083e-03
9.175000010000000e+03	8.086305e+00	1.091495e-03
9.180000010000000e+03	8.086288e+00	1.090908e-03
9.185000010000000e+03	8.086273e+00	1.090322e-03
9.190000010000000e+03	8.086257e+00	1.089736e-03
9.195000010000000e+03	8.086241e+00	1.089151e-03
9.200000010000000e+03	8.086225e+00	1.088567e-03
9.205000010000000e+03	8.086208e+00	1.087983e-03
9.210000010000000e+03	8.086192e+00	1.087400e-03
9.215000010000000e+03	8.086176e+00	1.086817e-03
9.220000010000000e+03	8.086160e+00	1.086236e-03
9.225000010000000e+03	8.086143e+00	1.085654e-03
9.230000010000000e+03	8.086127e+00	1.085074e-03
9.235000010000000e+03	8.086112e+00	1.084494e-03
9.240000010000000e+03	8.086096e+00	1.083914e-03
9.245000010000000e+03	8.086080e+00	1.083335e-03
9.250000010000000e+03	8.086063e+00	1.082757e-03
9.255000010000000e+03	8.086047e+00	1.082180e-03
9.260000010000000e+03	8.086031e+00	1.081603e-03
9.265000010000000e+03	8.086016e+00	1.081026e-03
9.270000010000000e+03	8.085999e+00	1.080451e-03
9.275000010000000e+03	8.085983e+00	1.079876e-03
9.280000010000000e+03	8.085967e+00	1.079301e-03
9.285000010000000e+03	8.085952e+00	1.078727e-03
9.290000010000000e+03	8.085936e+00	1.078154e-03
9.295000010000000e+03	8.085919e+00	1.077581e-03
9.300000010000000e+03	8.085903e+00	1.077009e-03
9.305000010000000e+03	8.085888e+00	1.076438e-03
9.310000010000000e+03	8.085872e+00	1.075867e-03
9.315000010000000e+03	8.085855e+00	1.075297e-03
9.320000010000000e+03	8.085840e+00	1.074727e-03
9.325000010000000e+03	8.085824e+00	1.074158e-03
9.330000010000000e+03	8.085808e+00	1.073590e-03
9.335000010000000e+03	8.085792e+00	1.073022e-03
9.340000010000000e+03	8.085776e+00	1.072455e-03
9.345000010000000e+03	8.085760e+00	1.071888e-03
9.350000010000000e+03	8.085745e+00	1.071322e-03
9.355000010000000e+03	8.085729e+00	1.070757e-03
9.360000010000000e+03	8.085712e+00	1.070192e-03
9.365000010000000e+03	8.085697e+00	1.069628e-03
9.370000010000000e+03	8.085681e+00	1.069064e-03
9.375000010000000e+03	8.085665e+00	1.068501e-03
9.380000010000000e+03	8.085649e+00	1.067939e-03
9.385000010000000e+03	8.085633e+00	1.067377e-03
9.390000010000000e+03	8.085618e+00	1.066816e-03
9.395000010000000e+03	8.085602e+00	1.066255e-03
9.400000010000000e+03	8.085587e+00	1.065695e-03
9.405000010000000e+03	8.085570e+00	1.065135e-03
9.410000010000000e+03	8.085554e+00	1.064577e-03
9.415000010000000e+03	8.085539e+00	1.064018e-03
9.420000010000000e+03	8.085523e+00	1.063461e-03
9.425000010000000e+03	8.085507e+00	1.062903e-03
9.430000010000000e+03	8.085491e+00	1.062347e-03
9.435000010000000e+03	8.085476e+00	1.061791e-03
9.440000010000000e+03	8.085460e+00	1.061236e-03
9.445000010000000e+03	8.085444e+00	1.060681e-03
9.450000010000000e+03	8.085428e+00	1.060127e-03
9.455000010000000e+03	8.085413e+00	1.059573e-03
9.460000010000000e+03	8.085398e+00	1.059020e-03
9.465000010000000e+03	8.085382e+00	1.058467e-03
9.470000010000000e+03	8.085366e+00	1.057916e-03
9.475000010000000e+03	8.085350e+00	1.057364e-03
9.480000010000000e+03	8.085335e+00	1.056813e-03
9.485000010000000e+03	8.085319e+00	1.056263e-03
9.490000010000000e+03	8.085303e+00	1.055714e-03
9.495000010000000e+03	8.085288e+00	1.055165e-03
9.500000010000000e+03	8.085272e+00	1.054616e-03
9.505000010000000e+03	8.085257e+00	1.054068e-03
9.510000010000000e+03	8.085241e+00	1.053521e-03
9.515000010000000e+03	8.085225e+00	1.052974e-03
9.520000010000000e+03	8.085210e+00	1.052428e-03
9.525000010000000e+03	8.085194e+00	1.051882e-03
9.530000010000000e+03	8.085178e+00	1.051337e-03
9.535000010000000e+03	8.085163e+00	1.050793e-03
9.540000010000000e+03	8.085148e+00	1.050249e-03
9.545000010000000e+03	8.085132e+00	1.049706e-03
9.550000010000000e+03	8.085116e+00	1.049163e-03
9.555000010000000e+03	8.085101e+00	1.048621e-03
9.560000010000000e+03	8.085085e+00	1.048079e-03
9.565000010000000e+03	8.085070e+00	1.047538e-03
9.570000010000000e+03	8.085054e+00	1.046997e-03
9.575000010000000e+03	8.085039e+00	1.046457e-03
9.580000010000000e+03	8.085023e+00	1.045918e-03
9.585000010000000e+03	8.085008e+00	1.045379e-03
9.590000010000000e+03	8.084992e+00	1.044841e-03
9.595000010000000e+03	8.084977e+00	1.044303e-03
9.600000010000000e+03	8.084961e+00	1.043766e-03
9.605000010000000e+03	8.084946e+00	1.043229e-03
9.610000010000000e+03	8.084930e+00	1.042693e-03
9.615000010000000e+03	8.084915e+00	1.042157e-03
9.620000010000000e+03	8.084900e+00	1.041622e-03
9.625000010000000e+03	8.084885e+00	1.041088e-03
9.630000010000000e+03	8.084868e+00	1.040554e-03
9.635000010000000e+03	8.084853e+00	1.040021e-03
9.640000010000000e+03	8.084838e+00	1.039488e-03
9.645000010000000e+03	8.084823e+00	1.038956e-03
9.650000010000000e+03	8.084807e+00	1.038424e-03
9.655000010000000e+03	8.084792e+00	1.037893e-03
9.660000010000000e+03	8.084777e+00	1.037362e-03
9.665000010000000e+03	8.084761e+00	1.036832e-03
9.670000010000000e+03	8.084745e+00	1.036303e-03
9.675000010000000e+03	8.084730e+00	1.035773e-03
9.680000010000000e+03	8.084715e+00	1.035245e-03
9.685000010000000e+03	8.084700e+00	1.034717e-03
9.690000010000000e+03	8.084684e+00	1.034190e-03
9.695000010000000e+03	8.084669e+00	1.033663e-03
9.700000010000000e+03	8.084654e+00	1.033137e-03
9.705000010000000e+03	8.084639e+00	1.032611e-03
9.710000010000000e+03	8.084623e+00	1.032086e-03
9.715000010000000e+03	8.084608e+00	1.031561e-03
9.720000010000000e+03	8.084593e+00	1.031037e-03
9.725000010000000e+03	8.084578e+00	1.030513e-03
9.730000010000000e+03	8.084562e+00	1.029990e-03
9.735000010000000e+03	8.084547e+00	1.029467e-03
9.740000010000000e+03	8.084532e+00	1.028945e-03
9.745000010000000e+03	8.084517e+00	1.028424e-03
9.750000010000000e+03	8.084501e+00	1.027903e-03
9.755000010000000e+03	8.084486e+00	1.027382e-03
9.760000010000000e+03	8.084471e+00	1.026863e-03
9.765000010000000e+03	8.084455e+00	1.026343e-03
9.770000010000000e+03	8.084440e+00	1.025824e-03
9.775000010000000e+03	8.084425e+00	1.025306e-03
9.780000010000000e+03	8.084410e+00	1.024788e-03
9.785000010000000e+03	8.084394e+00	1.024271e-03
9.790000010000000e+03	8.084380e+00	1.023754e-03
9.795000010000000e+03	8.084365e+00	1.023238e-03
9.800000010000000e+03	8.084350e+00	1.022722e-03
9.805000010000000e+03	8.084334e+00	1.022207e-03
9.810000010000000e+03	8.084319e+00	1.021692e-03
9.815000010000000e+03	8.084304e+00	1.021178e-03
9.820000010000000e+03	8.084289e+00	1.020664e-03
9.825000010000000e+03	8.084274e+00	1.020151e-03
9.830000010000000e+03	8.084259e+00	1.019638e-03
9.835000010000000e+03	8.084244e+00	1.019126e-03
9.840000010000000e+03	8.084229e+00	1.018615e-03
9.845000010000000e+03	8.084213e+00	1.018104e-03
9.850000010000000e+03	8.084198e+00	1.017593e-03
9.855000010000000e+03	8.084184e+00	1.017083e-03
9.860000010000000e+03	8.084168e+00	1.016574e-03
9.865000010000000e+03	8.084153e+00	1.016065e-03
9.870000010000000e+03	8.084138e+00	1.015556e-03
9.875000010000000e+03	8.084124e+00	1.015048e-03
9.880000010000000e+03	8.084108e+00	1.014541e-03
9.885000010000000e+03	8.084093e+00	1.014034e-03
9.890000010000000e+03	8.084078e+00	1.013527e-03
9.895000010000000e+03	8.084064e+00	1.013021e-03
9.900000010000000e+03	8.084048e+00	1.012516e-03
9.905000010000000e+03	8.084033e+00	1.012011e-03
9.910000010000000e+03	8.084019e+00	1.011506e-03
9.915000010000000e+03	8.084003e+00	1.011002e-03
9.920000010000000e+03	8.083988e+00	1.010499e-03
9.925000010000000e+03	8.083973e+00	1.009996e-03
9.930000010000000e+03	8.083959e+00	1.009493e-03
9.935000010000000e+03	8.083943e+00	1.008992e-03
9.940000010000000e+03	8.083928e+00	1.008490e-03
9.945000010000000e+03	8.083914e+00	1.007989e-03
9.950000010000000e+03	8.083899e+00	1.007489e-03
9.955000010000000e+03	8.083884e+00	1.006989e-03
9.960000010000000e+03	8.083869e+00	1.006489e-03
9.965000010000000e+03	8.083854e+00	1.005990e-03
9.970000010000000e+03	8.083839e+00	1.005492e-03
9.975000010000000e+03	8.083824e+00	1.004994e-03
9.980000010000000e+03	8.083809e+00	1.004496e-03
9.985000010000000e+03	8.083795e+00	1.003999e-03
9.990000010000000e+03	8.083779e+00	1.003503e-03
9.995000010000000e+03	8.083765e+00	1.003007e-03
1.000000001000000e+04	8.083750e+00	1.002511e-03
1.000500001000000e+04	8.083735e+00	1.002016e-03
1.001000001000000e+04	8.083720e+00	1.001522e-03
1.001500001000000e+04	8.083706e+00	1.001028e-03
1.002000001000000e+04	8.083691e+00	1.000534e-03
1.002500001000000e+04	8.083675e+00	1.000041e-03
1.003000001000000e+04	8.083661e+00	9.995485e-04
1.003500001000000e+04	8.083646e+00	9.990564e-04
1.004000001000000e+04	8.083632e+00	9.985648e-04
1.004500001000000e+04	8.083616e+00	9.980736e-04
1.005000001000000e+04	8.083602e+00	9.975829e-04
1.005500001000000e+04	8.083588e+00	9.970928e-04
1.006000001000000e+04	8.083572e+00	9.966032e-04
1.006500001000000e+04	8.083558e+00	9.961139e-04
1.007000001000000e+04	8.083543e+00	9.956252e-04
1.007500001000000e+04	8.083529e+00	9.951369e-04
1.008000001000000e+04	8.083513e+00	9.946493e-04
1.008500001000000e+04	8.083499e+00	9.941619e-04
1.009000001000000e+04	8.083484e+00	9.936751e-04
1.009500001000000e+04	8.083469e+00	9.931888e-04
1.010000001000000e+04	8.083455e+00	9.927029e-04
1.010500001000000e+04	8.083440e+00	9.922176e-04
1.011000001000000e+04	8.083426e+00	9.917327e-04
1.011500001000000e+04	8.083410e+00	9.912483e-04
1.012000001000000e+04	8.083396e+00	9.907642e-04
1.012500001000000e+04	8.083382e+00	9.902808e-04
1.013000001000000e+04	8.083366e+00	9.897978e-04
1.013500001000000e+04	8.083352e+00	9.893152e-04
1.014000001000000e+04	8.083338e+00	9.888333e-04
1.014500001000000e+04	8.083323e+00	9.883516e-04
1.015000001000000e+04	8.083308e+00	9.878705e-04
1.015500001000000e+04	8.083294e+00	9.873898e-04
1.016000001000000e+04	8.083279e+00	9.869096e-04
1.016500001000000e+04	8.083264e+00	9.864300e-04
1.017000001000000e+04	8.083250e+00	9.859507e-04
1.017500001000000e+04	8.083235e+00	9.854719e-04
1.018000001000000e+04	8.083220e+00	9.849935e-04
1.018500001000000e+04	8.083206e+00	9.845158e-04
1.019000001000000e+04	8.083192e+00	9.840383e-04
1.019500001000000e+04	8.083177e+00	9.835614e-04
1.020000001000000e+04	8.083162e+00	9.830849e-04
1.020500001000000e+04	8.083148e+00	9.826090e-04
1.021000001000000e+04	8.083134e+00	9.821334e-04
1.021500001000000e+04	8.083118e+00	9.816583e-04
1.022000001000000e+04	8.083104e+00	9.811837e-04
1.022500001000000e+04	8.083090e+00	9.807096e-04
1.023000001000000e+04	8.083076e+00	9.802359e-04
1.023500001000000e+04	8.083060e+00	9.797626e-04
1.024000001000000e+04	8.083046e+00	9.792898e-04
1.024500001000000e+04	8.083032e+00	9.788175e-04
1.025000001000000e+04	8.083017e+00	9.783456e-04
1.025500001000000e+04	8.083003e+00	9.778742e-04
1.026000001000000e+04	8.082989e+00	9.774033e-04
1.026500001000000e+04	8.082973e+00	9.769327e-04
1.027000001000000e+04	8.082959e+00	9.764627e-04
1.027500001000000e+04	8.082945e+00	9.759931e-04
1.028000001000000e+04	8.082931e+00	9.755239e-04
1.028500001000000e+04	8.082916e+00	9.750552e-04
1.029000001000000e+04	8.082902e+00	9.745869e-04
1.029500001000000e+04	8.082888e+00	9.741191e-04
1.030000001000000e+04	8.082872e+00	9.736518e-04
1.030500001000000e+04	8.082858e+00	9.731849e-04
1.031000001000000e+04	8.082844e+00	9.727185e-04
1.031500001000000e+04	8.082829e+00	9.722525e-04
1.032000001000000e+04	8.082815e+00	9.717869e-04
1.032500001000000e+04	8.082801e+00	9.713218e-04
1.033000001000000e+04	8.082787e+00	9.708571e-04
1.033500001000000e+04	8.082772e+00	9.703929e-04
1.034000001000000e+04	8.082758e+00	9.699291e-04
1.034500001000000e+04	8.082744e+00	9.694658e-04
1.035000001000000e+04	8.082729e+00	9.690029e-04
1.035500001000000e+04	8.082715e+00	9.685404e-04
1.036000001000000e+04	8.082701e+00	9.680784e-04
1.036500001000000e+04	8.082686e+00	9.676169e-04
1.037000001000000e+04	8.082672e+00	9.671557e-04
1.037500001000000e+04	8.082658e+00	9.666951e-04
1.038000001000000e+04	8.082644e+00	9.662348e-04
1.038500001000000e+04	8.082629e+00	9.657750e-04
1.039000001000000e+04	8.082615e+00	9.653156e-04
1.039500001000000e+04	8.082601e+00	9.648567e-04
1.040000001000000e+04	8.082586e+00	9.643982e-04
1.040500001000000e+04	8.082572e+00	9.639402e-04
1.041000001000000e+04	8.082558e+00	9.634825e-04
1.041500001000000e+04	8.082543e+00	9.630253e-04
1.042000001000000e+04	8.082529e+00	9.625686e-04
1.042500001000000e+04	8.082515e+00	9.621123e-04
1.043000001000000e+04	8.082500e+00	9.616564e-04
1.043500001000000e+04	8.082486e+00	9.612009e-04
1.044000001000000e+04	8.082472e+00	9.607459e-04
1.044500001000000e+04	8.082458e+00	9.602913e-04
1.045000001000000e+04	8.082444e+00	9.598372e-04
1.045500001000000e+04	8.082430e+00	9.593834e-04
1.046000001000000e+04	8.082416e+00	9.589301e-04
1.046500001000000e+04	8.082401e+00	9.584773e-04
1.047000001000000e+04	8.082387e+00	9.580248e-04
1.047500001000000e+04	8.082373e+00	9.575728e-04
1.048000001000000e+04	8.082358e+00	9.571212e-04
1.048500001000000e+04	8.082345e+00	9.566700e-04
1.049000001000000e+04	8.082331e+00	9.562193e-04
1.049500001000000e+04	8.082316e+00	9.557690e-04
1.050000001000000e+04	8.082302e+00	9.553191e-04
1.050500001000000e+04	8.082288e+00	9.548697e-04
1.051000001000000e+04	8.082273e+00	9.544206e-04
1.051500001000000e+04	8.082260e+00	9.539720e-04
1.052000001000000e+04	8.082246e+00	9.535238e-04
1.052500001000000e+04	8.082232e+00	9.530761e-04
1.053000001000000e+04	8.082217e+00	9.526287e-04
1.053500001000000e+04	8.082203e+00	9.521818e-04
1.054000001000000e+04	8.082190e+00	9.517352e-04
1.054500001000000e+04	8.082175e+00	9.512891e-04
1.055000001000000e+04	8.082161e+00	9.508434e-04
1.055500001000000e+04	8.082147e+00	9.503982e-04
1.056000001000000e+04	8.082133e+00	9.499534e-04
1.056500001000000e+04	8.082119e+00	9.495090e-04
1.057000001000000e+04	8.082105e+00	9.490650e-04
1.057500001000000e+04	8.082091e+00	9.486214e-04
1.058000001000000e+04	8.082077e+00	9.481782e-04
1.058500001000000e+04	8.082063e+00	9.477354e-04
1.059000001000000e+04	8.082048e+00	9.472931e-04
1.059500001000000e+04	8.082035e+00	9.468512e-04
1.060000001000000e+04	8.082021e+00	9.464096e-04
1.060500001000000e+04	8.082006e+00	9.459685e-04
1.061000001000000e+04	8.081993e+00	9.455278e-04
1.061500001000000e+04	8.081979e+00	9.450875e-04
1.062000001000000e+04	8.081964e+00	9.446476e-04
1.062500001000000e+04	8.081951e+00	9.442082e-04
1.063000001000000e+04	8.081937e+00	9.437691e-04
1.063500001000000e+04	8.081923e+00	9.433305e-04
1.064000001000000e+04	8.081909e+00	9.428922e-04
1.064500001000000e+04	8.081895e+00	9.424544e-04
1.065000001000000e+04	8.081882e+00	9.420170e-04
1.065500001000000e+04	8.081867e+00	9.415800e-04
1.066000001000000e+04	8.081853e+00	9.411434e-04
1.066500001000000e+04	8.081840e+00	9.407072e-04
1.067000001000000e+04	8.081825e+00	9.402714e-04
1.067500001000000e+04	8.081812e+00	9.398360e-04
1.068000001000000e+04	8.081798e+00	9.394010e-04
1.068500001000000e+04	8.081784e+00	9.389663e-04
1.069000001000000e+04	8.081770e+00	9.385322e-04
1.069500001000000e+04	8.081756e+00	9.380984e-04
1.070000001000000e+04	8.081742e+00	9.376650e-04
1.070500001000000e+04	8.081728e+00	9.372320e-04
1.071000001000000e+04	8.081715e+00	9.367994e-04
1.071500001000000e+04	8.081700e+00	9.363673e-04
1.072000001000000e+04	8.081687e+00	9.359355e-04
1.072500001000000e+04	8.081673e+00	9.355041e-04
1.073000001000000e+04	8.081659e+00	9.350731e-04
1.073500001000000e+04	8.081645e+00	9.346425e-04
1.074000001000000e+04	8.081632e+00	9.342123e-04
1.074500001000000e+04	8.081617e+00	9.337825e-04
1.075000001000000e+04	8.081604e+00	9.333531e-04
1.075500001000000e+04	8.081590e+00	9.329241e-04
1.076000001000000e+04	8.081576e+00	9.324955e-04
1.076500001000000e+04	8.081562e+00	9.320673e-04
1.077000001000000e+04	8.081549e+00	9.316395e-04
1.077500001000000e+04	8.081535e+00	9.312120e-04
1.078000001000000e+04	8.081521e+00	9.307850e-04
1.078500001000000e+04	8.081508e+00	9.303583e-04
1.079000001000000e+04	8.081493e+00	9.299321e-04
1.079500001000000e+04	8.081480e+00	9.295062e-04
1.080000001000000e+04	8.081466e+00	9.290808e-04
1.080500001000000e+04	8.081452e+00	9.286557e-04
1.081000001000000e+04	8.081439e+00	9.282310e-04
1.081500001000000e+04	8.081425e+00	9.278067e-04
1.082000001000000e+04	8.081411e+00	9.273827e-04
1.082500001000000e+04	8.081398e+00	9.269592e-04
1.083000001000000e+04	8.081384e+00	9.265360e-04
1.083500001000000e+04	8.081370e+00	9.261133e-04
1.084000001000000e+04	8.081356e+00	9.256909e-04
1.084500001000000e+04	8.081343e+00	9.252690e-04
1.085000001000000e+04	8.081329e+00	9.248474e-04
1.085500001000000e+04	8.081315e+00	9.244261e-04
1.086000001000000e+04	8.081302e+00	9.240053e-04
1.086500001000000e+04	8.081288e+00	9.235849e-04
1.087000001000000e+04	8.081274e+00	9.231648e-04
1.087500001000000e+04	8.081261e+00	9.227452e-04
1.088000001000000e+04	8.081247e+00	9.223258e-04
1.088500001000000e+04	8.081234e+00	9.219069e-04
1.089000001000000e+04	8.081220e+00	9.214884e-04
1.089500001000000e+04	8.081206e+00	9.210702e-04
1.090000001000000e+04	8.081193e+00	9.206525e-04
1.090500001000000e+04	8.081179e+00	9.202351e-04
1.091000001000000e+04	8.081165e+00	9.198181e-04
1.091500001000000e+04	8.081152e+00	9.194014e-04
1.092000001000000e+04	8.081139e+00	9.189851e-04
1.092500001000000e+04	8.081124e+00	9.185693e-04
1.093000001000000e+04	8.081111e+00	9.181537e-04
1.093500001000000e+04	8.081098e+00	9.177386e-04
1.094000001000000e+04	8.081084e+00	9.173239e-04
1.094500001000000e+04	8.081071e+00	9.169095e-04
1.095000001000000e+04	8.081057e+00	9.164955e-04
1.095500001000000e+04	8.081043e+00	9.160818e-04
1.096000001000000e+04	8.081030e+00	9.156686e-04
1.096500001000000e+04	8.081017e+00	9.152557e-04
1.097000001000000e+04	8.081003e+00	9.148432e-04
1.097500001000000e+04	8.080989e+00	9.144311e-04
1.098000001000000e+04	8.080976e+00	9.140193e-04
1.098500001000000e+04	8.080962e+00	9.136079e-04
1.099000001000000e+04	8.080949e+00	9.131969e-04
1.099500001000000e+04	8.080935e+00	9.127862e-04
1.100000001000000e+04	8.080922e+00	9.123759e-04
1.100500001000000e+04	8.080908e+00	9.119660e-04
1.101000001000000e+04	8.080894e+00	9.115565e-04
1.101500001000000e+04	8.080881e+00	9.111473e-04
1.102000001000000e+04	8.080868e+00	9.107385e-04
1.102500001000000e+04	8.080854e+00	9.103300e-04
1.103000001000000e+04	8.080841e+00	9.099219e-04
1.103500001000000e+04	8.080828e+00	9.095142e-04
1.104000001000000e+04	8.080814e+00	9.091069e-04
1.104500001000000e+04	8.080801e+00	9.086999e-04
1.105000001000000e+04	8.080787e+00	9.082933e-04
1.105500001000000e+04	8.080773e+00	9.078870e-04
1.106000001000000e+04	8.080760e+00	9.074811e-04
1.106500001000000e+04	8.080747e+00	9.070756e-04
1.107000001000000e+04	8.080733e+00	9.066705e-04
1.107500001000000e+04	8.080720e+00	9.062657e-04
1.108000001000000e+04	8.080707e+00	9.058612e-04
1.108500001000000e+04	8.080693e+00	9.054571e-04
1.109000001000000e+04	8.080680e+00	9.050535e-04
1.109500001000000e+04	8.080667e+00	9.046501e-04
1.110000001000000e+04	8.080653e+00	9.042471e-04
1.110500001000000e+04	8.080640e+00	9.038444e-04
1.111000001000000e+04	8.080626e+00	9.034422e-04
1.111500001000000e+04	8.080613e+00	9.030402e-04
1.112000001000000e+04	8.080600e+00	9.026387e-04
1.112500001000000e+04	8.080586e+00	9.022375e-04
1.113000001000000e+04	8.080573e+00	9.018367e-04
1.113500001000000e+04	8.080560e+00	9.014361e-04
1.114000001000000e+04	8.080546e+00	9.010360e-04
1.114500001000000e+04	8.080533e+00	9.006363e-04
1.115000001000000e+04	8.080520e+00	9.002368e-04
1.115500001000000e+04	8.080506e+00	8.998378e-04
1.116000001000000e+04	8.080493e+00	8.994390e-04
1.116500001000000e+04	8.080480e+00	8.990407e-04
1.117000001000000e+04	8.080466e+00	8.986427e-04
1.117500001000000e+04	8.080453e+00	8.982450e-04
1.118000001000000e+04	8.080441e+00	8.978477e-04
1.118500001000000e+04	8.080427e+00	8.974508e-04
1.119000001000000e+04	8.080414e+00	8.970542e-04
1.119500001000000e+04	8.080400e+00	8.966579e-04
1.120000001000000e+04	8.080387e+00	8.962620e-04
1.120500001000000e+04	8.080374e+00	8.958665e-04
1.121000001000000e+04	8.080360e+00	8.954713e-04
1.121500001000000e+04	8.080347e+00	8.950764e-04
1.122000001000000e+04	8.080334e+00	8.946820e-04
1.122500001000000e+04	8.080321e+00	8.942878e-04
1.123000001000000e+04	8.080308e+00	8.938940e-04
1.123500001000000e+04	8.080295e+00	8.935005e-04
1.124000001000000e+04	8.080281e+00	8.931074e-04
1.124500001000000e+04	8.080268e+00	8.927147e-04
1.125000001000000e+04	8.080255e+00	8.923222e-04
1.125500001000000e+04	8.080242e+00	8.919301e-04
1.126000001000000e+04	8.080229e+00	8.915384e-04
1.126500001000000e+04	8.080215e+00	8.911471e-04
1.127000001000000e+04	8.080202e+00	8.907560e-04
1.127500001000000e+04	8.080189e+00	8.903653e-04
1.128000001000000e+04	8.080175e+00	8.899749e-04
1.128500001000000e+04	8.080163e+00	8.895849e-04
1.129000001000000e+04	8.080150e+00	8.891952e-04
1.129500001000000e+04	8.080136e+00	8.888060e-04
1.130000001000000e+04	8.080123e+00	8.884170e-04
1.130500001000000e+04	8.080111e+00	8.880283e-04
1.131000001000000e+04	8.080097e+00	8.876400e-04
1.131500001000000e+04	8.080084e+00	8.872520e-04
1.132000001000000e+04	8.080070e+00	8.868644e-04
1.132500001000000e+04	8.080058e+00	8.864771e-04
1.133000001000000e+04	8.080045e+00	8.860902e-04
1.133500001000000e+04	8.080031e+00	8.857036e-04
1.134000001000000e+04	8.080018e+00	8.853173e-04
1.134500001000000e+04	8.080006e+00	8.849314e-04
1.135000001000000e+04	8.079992e+00	8.845458e-04
1.135500001000000e+04	8.079979e+00	8.841605e-04
1.136000001000000e+04	8.079967e+00	8.837756e-04
1.136500001000000e+04	8.079953e+00	8.833910e-04
1.137000001000000e+04	8.079940e+00	8.830067e-04
1.137500001000000e+04	8.079927e+00	8.826228e-04
1.138000001000000e+04	8.079914e+00	8.822393e-04
1.138500001000000e+04	8.079901e+00	8.818560e-04
1.139000001000000e+04	8.079888e+00	8.814731e-04
1.139500001000000e+04	8.079875e+00	8.810905e-04
1.140000001000000e+04	8.079862e+00	8.807082e-04
1.140500001000000e+04	8.079849e+00	8.803263e-04
1.141000001000000e+04	8.079836e+00	8.799447e-04
1.141500001000000e+04	8.079823e+00	8.795634e-04
1.142000001000000e+04	8.079810e+00	8.791825e-04
1.142500001000000e+04	8.079797e+00	8.788019e-04
1.143000001000000e+04	8.079783e+00	8.784216e-04
1.143500001000000e+04	8.079771e+00	8.780417e-04
1.144000001000000e+04	8.079758e+00	8.776621e-04
1.144500001000000e+04	8.079745e+00	8.772828e-04
1.145000001000000e+04	8.079732e+00	8.769039e-04
1.145500001000000e+04	8.079719e+00	8.765252e-04
1.146000001000000e+04	8.079706e+00	8.761470e-04
1.146500001000000e+04	8.079693e+00	8.757690e-04
1.147000001000000e+04	8.079680e+00	8.753914e-04
1.147500001000000e+04	8.079667e+00	8.750141e-04
1.148000001000000e+04	8.079655e+00	8.746370e-04
1.148500001000000e+04	8.079641e+00	8.742604e-04
1.149000001000000e+04	8.079629e+00	8.738840e-04
1.149500001000000e+04	8.079616e+00	8.735080e-04
1.150000001000000e+04	8.079602e+00	8.731323e-04
1.150500001000000e+04	8.079590e+00	8.727569e-04
1.151000001000000e+04	8.079576e+00	8.723819e-04
1.151500001000000e+04	8.079564e+00	8.720072e-04
1.152000001000000e+04	8.079551e+00	8.716328e-04
1.152500001000000e+04	8.079538e+00	8.712587e-04
1.153000001000000e+04	8.079525e+00	8.708849e-04
1.153500001000000e+04	8.079513e+00	8.705115e-04
1.154000001000000e+04	8.079499e+00	8.701384e-04
1.154500001000000e+04	8.079487e+00	8.697656e-04
1.155000001000000e+04	8.079473e+00	8.693931e-04
1.155500001000000e+04	8.079461e+00	8.690209e-04
1.156000001000000e+04	8.079449e+00	8.686491e-04
1.156500001000000e+04	8.079435e+00	8.682776e-04
1.157000001000000e+04	8.079423e+00	8.679064e-04
1.157500001000000e+04	8.079410e+00	8.675355e-04
1.158000001000000e+04	8.079397e+00	8.671649e-04
1.158500001000000e+04	8.079384e+00	8.667947e-04
1.159000001000000e+04	8.079371e+00	8.664248e-04
1.159500001000000e+04	8.079358e+00	8.660551e-04
1.160000001000000e+04	8.079346e+00	8.656858e-04
1.160500001000000e+04	8.079333e+00	8.653168e-04
1.161000001000000e+04	8.079320e+00	8.649481e-04
1.161500001000000e+04	8.079308e+00	8.645798e-04
1.162000001000000e+04	8.079294e+00	8.642118e-04
1.162500001000000e+04	8.079282e+00	8.638440e-04
1.163000001000000e+04	8.079269e+00	8.634766e-04
1.163500001000000e+04	8.079256e+00	8.631095e-04
1.164000001000000e+04	8.079244e+00	8.627427e-04
1.164500001000000e+04	8.079231e+00	8.623762e-04
1.165000001000000e+04	8.079218e+00	8.620101e-04
1.165500001000000e+04	8.079206e+00	8.616442e-04
1.166000001000000e+04	8.079193e+00	8.612787e-04
1.166500001000000e+04	8.079180e+00	8.609134e-04
1.167000001000000e+04	8.079167e+00	8.605485e-04
1.167500001000000e+04	8.079155e+00	8.601839e-04
1.168000001000000e+04	8.079142e+00	8.598196e-04
1.168500001000000e+04	8.079129e+00	8.594556e-04
1.169000001000000e+04	8.079117e+00	8.590919e-04
1.169500001000000e+04	8.079103e+00	8.587285e-04
1.170000001000000e+04	8.079091e+00	8.583654e-04
1.170500001000000e+04	8.079079e+00	8.580027e-04
1.171000001000000e+04	8.079065e+00	8.576402e-04
1.171500001000000e+04	8.079053e+00	8.572781e-04
1.172000001000000e+04	8.079041e+00	8.569162e-04
1.172500001000000e+04	8.079028e+00	8.565547e-04
1.173000001000000e+04	8.079015e+00	8.561935e-04
1.173500001000000e+04	8.079002e+00	8.558325e-04
1.174000001000000e+04	8.078990e+00	8.554719e-04
1.174500001000000e+04	8.078978e+00	8.551116e-04
1.175000001000000e+04	8.078964e+00	8.547516e-04
1.175500001000000e+04	8.078952e+00	8.543918e-04
1.176000001000000e+04	8.078939e+00	8.540325e-04
1.176500001000000e+04	8.078927e+00	8.536733e-04
1.177000001000000e+04	8.078914e+00	8.533145e-04
1.177500001000000e+04	8.078901e+00	8.529560e-04
1.178000001000000e+04	8.078889e+00	8.525978e-04
1.178500001000000e+04	8.078876e+00	8.522399e-04
1.179000001000000e+04	8.078864e+00	8.518823e-04
1.179500001000000e+04	8.078851e+00	8.515250e-04
1.180000001000000e+04	8.078838e+00	8.511680e-04
1.180500001000000e+04	8.078826e+00	8.508113e-04
1.181000001000000e+04	8.078814e+00	8.504549e-04
1.181500001000000e+04	8.078801e+00	8.500988e-04
1.182000001000000e+04	8.078789e+00	8.497430e-04
1.182500001000000e+04	8.078775e+00	8.493875e-04
1.183000001000000e+04	8.078763e+00	8.490323e-04
1.183500001000000e+04	8.078751e+00	8.486774e-04
1.184000001000000e+04	8.078738e+00	8.483228e-04
1.184500001000000e+04	8.078726e+00	8.479684e-04
1.185000001000000e+04	8.078713e+00	8.476144e-04
1.185500001000000e+04	8.078701e+00	8.472607e-04
1.186000001000000e+04	8.078688e+00	8.469073e-04
1.186500001000000e+04	8.078675e+00	8.465542e-04
1.187000001000000e+04	8.078663e+00	8.462013e-04
1.187500001000000e+04	8.078650e+00	8.458488e-04
1.188000001000000e+04	8.078638e+00	8.454965e-04
1.188500001000000e+04	8.078626e+00	8.451446e-04
1.189000001000000e+04	8.078613e+00	8.447929e-04
1.189500001000000e+04	8.078601e+00	8.444415e-04
1.190000001000000e+04	8.078588e+00	8.440905e-04
1.190500001000000e+04	8.078576e+00	8.437397e-04
1.191000001000000e+04	8.078564e+00	8.433892e-04
1.191500001000000e+04	8.078550e+00	8.430390e-04
1.192000001000000e+04	8.078538e+00	8.426891e-04
1.192500001000000e+04	8.078526e+00	8.423394e-04
1.193000001000000e+04	8.078513e+00	8.419901e-04
1.193500001000000e+04	8.078501e+00	8.416411e-04
1.194000001000000e+04	8.078488e+00	8.412923e-04
1.194500001000000e+04	8.078476e+00	8.409439e-04
1.195000001000000e+04	8.078464e+00	8.405957e-04
1.195500001000000e+04	8.078451e+00	8.402478e-04
1.196000001000000e+04	8.078439e+00	8.399002e-04
1.196500001000000e+04	8.078426e+00	8.395529e-04
1.197000001000000e+04	8.078414e+00	8.392059e-04
1.197500001000000e+04	8.078402e+00	8.388592e-04
1.198000001000000e+04	8.078389e+00	8.385127e-04
1.198500001000000e+04	8.078377e+00	8.381666e-04
1.199000001000000e+04	8.078364e+00	8.378207e-04
1.199500001000000e+04	8.078352e+00	8.374751e-04
1.200000001000000e+04	8.078340e+00	8.371298e-04
1.200500001000000e+04	8.078327e+00	8.367848e-04
1.201000001000000e+04	8.078315e+00	8.364401e-04
1.201500001000000e+04	8.078302e+00	8.360956e-04
1.202000001000000e+04	8.078290e+00	8.357514e-04
1.202500001000000e+04	8.078279e+00	8.354075e-04
1.203000001000000e+04	8.078266e+00	8.350640e-04
1.203500001000000e+04	8.078254e+00	8.347206e-04
1.204000001000000e+04	8.078241e+00	8.343776e-04
1.204500001000000e+04	8.078229e+00	8.340349e-04
1.205000001000000e+04	8.078217e+00	8.336924e-04
1.205500001000000e+04	8.078204e+00	8.333502e-04
1.206000001000000e+04	8.078192e+00	8.330083e-04
1.206500001000000e+04	8.078179e+00	8.326667e-04
1.207000001000000e+04	8.078167e+00	8.323253e-04
1.207500001000000e+04	8.078155e+00	8.319843e-04
1.208000001000000e+04	8.078143e+00	8.316435e-04
1.208500001000000e+04	8.078131e+00	8.313030e-04
1.209000001000000e+04	8.078118e+00	8.309628e-04
1.209500001000000e+04	8.078106e+00	8.306228e-04
1.210000001000000e+04	8.078094e+00	8.302832e-04
1.210500001000000e+04	8.078081e+00	8.299437e-04
1.211000001000000e+04	8.078069e+00	8.296046e-04
1.211500001000000e+04	8.078057e+00	8.292658e-04
1.212000001000000e+04	8.078045e+00	8.289273e-04
1.212500001000000e+04	8.078032e+00	8.285890e-04
1.213000001000000e+04	8.078020e+00	8.282510e-04
1.213500001000000e+04	8.078008e+00	8.279132e-04
1.214000001000000e+04	8.077995e+00	8.275758e-04
1.214500001000000e+04	8.077984e+00	8.272386e-04
1.215000001000000e+04	8.077971e+00	8.269017e-04
1.215500001000000e+04	8.077959e+00	8.265651e-04
1.216000001000000e+04	8.077947e+00	8.262288e-04
1.216500001000000e+04	8.077934e+00	8.258927e-04
1.217000001000000e+04	8.077923e+00	8.255569e-04
1.217500001000000e+04	8.077910e+00	8.252214e-04
1.218000001000000e+04	8.077898e+00	8.248861e-04
1.218500001000000e+04	8.077886e+00	8.245511e-04
1.219000001000000e+04	8.077874e+00	8.242163e-04
1.219500001000000e+04	8.077862e+00	8.238819e-04
1.220000001000000e+04	8.077849e+00	8.235478e-04
1.220500001000000e+04	8.077837e+00	8.232139e-04
1.221000001000000e+04	8.077826e+00	8.228802e-04
1.221500001000000e+04	8.077813e+00	8.225469e-04
1.222000001000000e+04	8.077801e+00	8.222138e-04
1.222500001000000e+04	8.077788e+00	8.218810e-04
1.223000001000000e+04	8.077777e+00	8.215485e-04
1.223500001000000e+04	8.077765e+00	8.212161e-04
1.224000001000000e+04	8.077752e+00	8.208841e-04
1.224500001000000e+04	8.077740e+00	8.205524e-04
1.225000001000000e+04	8.077728e+00	8.202209e-04
1.225500001000000e+04	8.077716e+00	8.198897e-04
1.226000001000000e+04	8.077703e+00	8.195588e-04
1.226500001000000e+04	8.077692e+00	8.192281e-04
1.227000001000000e+04	8.077680e+00	8.188977e-04
1.227500001000000e+04	8.077667e+00	8.185676e-04
1.228000001000000e+04	8.077656e+00	8.182377e-04
1.228500001000000e+04	8.077643e+00	8.179081e-04
1.229000001000000e+04	8.077631e+00	8.175788e-04
1.229500001000000e+04	8.077620e+00	8.172497e-04
1.230000001000000e+04	8.077607e+00	8.169209e-04
1.230500001000000e+04	8.077595e+00	8.165924e-04
1.231000001000000e+04	8.077583e+00	8.162641e-04
1.231500001000000e+04	8.077571e+00	8.159361e-04
1.232000001000000e+04	8.077559e+00	8.156084e-04
1.232500001000000e+04	8.077547e+00	8.152809e-04
1.233000001000000e+04	8.077535e+00	8.149536e-04
1.233500001000000e+04	8.077523e+00	8.146267e-04
1.234000001000000e+04	8.077511e+00	8.143000e-04
1.234500001000000e+04	8.077498e+00	8.139735e-04
1.235000001000000e+04	8.077487e+00	8.136474e-04
1.235500001000000e+04	8.077475e+00	8.133215e-04
1.236000001000000e+04	8.077463e+00	8.129958e-04
1.236500001000000e+04	8.077451e+00	8.126704e-04
1.237000001000000e+04	8.077438e+00	8.123453e-04
1.237500001000000e+04	8.077427e+00	8.120204e-04
1.238000001000000e+04	8.077415e+00	8.116959e-04
1.238500001000000e+04	8.077403e+00	8.113715e-04
1.239000001000000e+04	8.077391e+00	8.110474e-04
1.239500001000000e+04	8.077379e+00	8.107236e-04
1.240000001000000e+04	8.077367e+00	8.104001e-04
1.240500001000000e+04	8.077355e+00	8.100767e-04
1.241000001000000e+04	8.077343e+00	8.097537e-04
1.241500001000000e+04	8.077331e+00	8.094309e-04
1.242000001000000e+04	8.077319e+00	8.091084e-04
1.242500001000000e+04	8.077307e+00	8.087861e-04
1.243000001000000e+04	8.077295e+00	8.084641e-04
1.243500001000000e+04	8.077283e+00	8.081423e-04
1.244000001000000e+04	8.077271e+00	8.078208e-04
1.244500001000000e+04	8.077259e+00	8.074995e-04
1.245000001000000e+04	8.077248e+00	8.071786e-04
1.245500001000000e+04	8.077235e+00	8.068578e-04
1.246000001000000e+04	8.077224e+00	8.065373e-04
1.246500001000000e+04	8.077211e+00	8.062171e-04
1.247000001000000e+04	8.077200e+00	8.058971e-04
1.247500001000000e+04	8.077188e+00	8.055774e-04
1.248000001000000e+04	8.077176e+00	8.052579e-04
1.248500001000000e+04	8.077165e+00	8.049387e-04
1.249000001000000e+04	8.077152e+00	8.046197e-04
1.249500001000000e+04	8.077141e+00	8.043010e-04
1.250000001000000e+04	8.077128e+00	8.039825e-04
1.250500001000000e+04	8.077117e+00	8.036644e-04
1.251000001000000e+04	8.077105e+00	8.033464e-04
1.251500001000000e+04	8.077093e+00	8.030287e-04
1.252000001000000e+04	8.077081e+00	8.027113e-04
1.252500001000000e+04	8.077069e+00	8.023941e-04
1.253000001000000e+04	8.077058e+00	8.020771e-04
1.253500001000000e+04	8.077045e+00	8.017605e-04
1.254000001000000e+04	8.077034e+00	8.014440e-04
1.254500001000000e+04	8.077022e+00	8.011278e-04
1.255000001000000e+04	8.077010e+00	8.008119e-04
1.255500001000000e+04	8.076999e+00	8.004961e-04
1.256000001000000e+04	8.076986e+00	8.001807e-04
1.256500001000000e+04	8.076975e+00	7.998655e-04
1.257000001000000e+04	8.076962e+00	7.995506e-04
1.257500001000000e+04	8.076951e+00	7.992359e-04
1.258000001000000e+04	8.076940e+00	7.989215e-04
1.258500001000000e+04	8.076927e+00	7.986072e-04
1.259000001000000e+04	8.076916e+00	7.982933e-04
1.259500001000000e+04	8.076904e+00	7.979795e-04
1.260000001000000e+04	8.076892e+00	7.976661e-04
1.260500001000000e+04	8.076880e+00	7.973529e-04
1.261000001000000e+04	8.076869e+00	7.970399e-04
1.261500001000000e+04	8.076857e+00	7.967272e-04
1.262000001000000e+04	8.076845e+00	7.964147e-04
1.262500001000000e+04	8.076834e+00	7.961025e-04
1.263000001000000e+04	8.076821e+00	7.957905e-04
1.263500001000000e+04	8.076810e+00	7.954788e-04
1.264000001000000e+04	8.076798e+00	7.951672e-04
1.264500001000000e+04	8.076786e+00	7.948560e-04
1.265000001000000e+04	8.076775e+00	7.945450e-04
1.265500001000000e+04	8.076763e+00	7.942342e-04
1.266000001000000e+04	8.076751e+00	7.939237e-04
1.266500001000000e+04	8.076739e+00	7.936134e-04
1.267000001000000e+04	8.076728e+00	7.933034e-04
1.267500001000000e+04	8.076716e+00	7.929936e-04
1.268000001000000e+04	8.076704e+00	7.926840e-04
1.268500001000000e+04	8.076693e+00	7.923747e-04
1.269000001000000e+04	8.076681e+00	7.920656e-04
1.269500001000000e+04	8.076670e+00	7.917568e-04
1.270000001000000e+04	8.076657e+00	7.914482e-04
1.270500001000000e+04	8.076646e+00	7.911399e-04
1.271000001000000e+04	8.076634e+00	7.908318e-04
1.271500001000000e+04	8.076623e+00	7.905239e-04
1.272000001000000e+04	8.076611e+00	7.902163e-04
1.272500001000000e+04	8.076599e+00	7.899089e-04
1.273000001000000e+04	8.076588e+00	7.896018e-04
1.273500001000000e+04	8.076576e+00	7.892948e-04
1.274000001000000e+04	8.076564e+00	7.889882e-04
1.274500001000000e+04	8.076552e+00	7.886818e-04
1.275000001000000e+04	8.076541e+00	7.883756e-04
1.275500001000000e+04	8.076530e+00	7.880696e-04
1.276000001000000e+04	8.076518e+00	7.877639e-04
1.276500001000000e+04	8.076506e+00	7.874584e-04
1.277000001000000e+04	8.076494e+00	7.871532e-04
1.277500001000000e+04	8.076483e+00	7.868482e-04
1.278000001000000e+04	8.076471e+00	7.865434e-04
1.278500001000000e+04	8.076460e+00	7.862389e-04
1.279000001000000e+04	8.076448e+00	7.859346e-04
1.279500001000000e+04	8.076436e+00	7.856305e-04
1.280000001000000e+04	8.076425e+00	7.853267e-04
1.280500001000000e+04	8.076413e+00	7.850231e-04
1.281000001000000e+04	8.076402e+00	7.847198e-04
1.281500001000000e+04	8.076390e+00	7.844166e-04
1.282000001000000e+04	8.076379e+00	7.841138e-04
1.282500001000000e+04	8.076367e+00	7.838111e-04
1.283000001000000e+04	8.076355e+00	7.835087e-04
1.283500001000000e+04	8.076344e+00	7.832065e-04
1.284000001000000e+04	8.076332e+00	7.829046e-04
1.284500001000000e+04	8.076321e+00	7.826029e-04
1.285000001000000e+04	8.076309e+00	7.823014e-04
1.285500001000000e+04	8.076298e+00	7.820001e-04
1.286000001000000e+04	8.076286e+00	7.816991e-04
1.286500001000000e+04	8.076275e+00	7.813983e-04
1.287000001000000e+04	8.076263e+00	7.810977e-04
1.287500001000000e+04	8.076252e+00	7.807974e-04
1.288000001000000e+04	8.076240e+00	7.804973e-04
1.288500001000000e+04	8.076228e+00	7.801975e-04
1.289000001000000e+04	8.076217e+00	7.798978e-04
1.289500001000000e+04	8.076205e+00	7.795984e-04
1.290000001000000e+04	8.076194e+00	7.792993e-04
1.290500001000000e+04	8.076182e+00	7.790003e-04
1.291000001000000e+04	8.076171e+00	7.787016e-04
1.291500001000000e+04	8.076159e+00	7.784031e-04
1.292000001000000e+04	8.076148e+00	7.781049e-04
1.292500001000000e+04	8.076137e+00	7.778069e-04
1.293000001000000e+04	8.076125e+00	7.775091e-04
1.293500001000000e+04	8.076114e+00	7.772115e-04
1.294000001000000e+04	8.076102e+00	7.769142e-04
1.294500001000000e+04	8.076091e+00	7.766171e-04
1.295000001000000e+04	8.076079e+00	7.763202e-04
1.295500001000000e+04	8.076068e+00	7.760235e-04
1.296000001000000e+04	8.076056e+00	7.757271e-04
1.296500001000000e+04	8.076045e+00	7.754309e-04
1.297000001000000e+04	8.076034e+00	7.751349e-04
1.297500001000000e+04	8.076022e+00	7.748392e-04
1.298000001000000e+04	8.076011e+00	7.745436e-04
1.298500001000000e+04	8.075999e+00	7.742483e-04
1.299000001000000e+04	8.075988e+00	7.739533e-04
1.299500001000000e+04	8.075976e+00	7.736585e-04
1.300000001000000e+04	8.075965e+00	7.733638e-04
1.300500001000000e+04	8.075953e+00	7.730694e-04
1.301000001000000e+04	8.075942e+00	7.727752e-04
1.301500001000000e+04	8.075931e+00	7.724813e-04
1.302000001000000e+04	8.075919e+00	7.721875e-04
1.302500001000000e+04	8.075908e+00	7.718941e-04
1.303000001000000e+04	8.075896e+00	7.716008e-04
1.303500001000000e+04	8.075885e+00	7.713077e-04
1.304000001000000e+04	8.075873e+00	7.710149e-04
1.304500001000000e+04	8.075862e+00	7.707223e-04
1.305000001000000e+04	8.075850e+00	7.704299e-04
1.305500001000000e+04	8.075840e+00	7.701377e-04
1.306000001000000e+04	8.075829e+00	7.698458e-04
1.306500001000000e+04	8.075817e+00	7.695541e-04
1.307000001000000e+04	8.075806e+00	7.692626e-04
1.307500001000000e+04	8.075794e+00	7.689713e-04
1.308000001000000e+04	8.075783e+00	7.686802e-04
1.308500001000000e+04	8.075771e+00	7.683894e-04
1.309000001000000e+04	8.075760e+00	7.680987e-04
1.309500001000000e+04	8.075748e+00	7.678083e-04
1.310000001000000e+04	8.075738e+00	7.675182e-04
1.310500001000000e+04	8.075727e+00	7.672283e-04
1.311000001000000e+04	8.075715e+00	7.669385e-04
1.311500001000000e+04	8.075704e+00	7.666490e-04
1.312000001000000e+04	8.075692e+00	7.663597e-04
1.312500001000000e+04	8.075681e+00	7.660706e-04
1.313000001000000e+04	8.075669e+00	7.657817e-04
1.313500001000000e+04	8.075658e+00	7.654931e-04
1.314000001000000e+04	8.075647e+00	7.652047e-04
1.314500001000000e+04	8.075636e+00	7.649164e-04
1.315000001000000e+04	8.075624e+00	7.646285e-04
1.315500001000000e+04	8.075613e+00	7.643407e-04
1.316000001000000e+04	8.075602e+00	7.640531e-04
1.316500001000000e+04	8.075591e+00	7.637658e-04
1.317000001000000e+04	8.075580e+00	7.634786e-04
1.317500001000000e+04	8.075568e+00	7.631917e-04
1.318000001000000e+04	8.075557e+00	7.629051e-04
1.318500001000000e+04	8.075545e+00	7.626186e-04
1.319000001000000e+04	8.075534e+00	7.623323e-04
1.319500001000000e+04	8.075523e+00	7.620463e-04
1.320000001000000e+04	8.075512e+00	7.617604e-04
1.320500001000000e+04	8.075500e+00	7.614748e-04
1.321000001000000e+04	8.075489e+00	7.611894e-04
1.321500001000000e+04	8.075479e+00	7.609042e-04
1.322000001000000e+04	8.075467e+00	7.606192e-04
1.322500001000000e+04	8.075456e+00	7.603344e-04
1.323000001000000e+04	8.075444e+00	7.600499e-04
1.323500001000000e+04	8.075434e+00	7.597656e-04
1.324000001000000e+04	8.075422e+00	7.594815e-04
1.324500001000000e+04	8.075411e+00	7.591975e-04
1.325000001000000e+04	8.075399e+00	7.589138e-04
1.325500001000000e+04	8.075389e+00	7.586303e-04
1.326000001000000e+04	8.075377e+00	7.583470e-04
1.326500001000000e+04	8.075366e+00	7.580640e-04
1.327000001000000e+04	8.075355e+00	7.577811e-04
1.327500001000000e+04	8.075344e+00	7.574985e-04
1.328000001000000e+04	8.075333e+00	7.572161e-04
1.328500001000000e+04	8.075321e+00	7.569339e-04
1.329000001000000e+04	8.075311e+00	7.566519e-04
1.329500001000000e+04	8.075299e+00	7.563701e-04
1.330000001000000e+04	8.075288e+00	7.560885e-04
1.330500001000000e+04	8.075276e+00	7.558071e-04
1.331000001000000e+04	8.075266e+00	7.555260e-04
1.331500001000000e+04	8.075254e+00	7.552450e-04
1.332000001000000e+04	8.075243e+00	7.549642e-04
1.332500001000000e+04	8.075233e+00	7.546837e-04
1.333000001000000e+04	8.075221e+00	7.544034e-04
1.333500001000000e+04	8.075210e+00	7.541233e-04
1.334000001000000e+04	8.075199e+00	7.538433e-04
1.334500001000000e+04	8.075188e+00	7.535637e-04
1.335000001000000e+04	8.075176e+00	7.532841e-04
1.335500001000000e+04	8.075166e+00	7.530049e-04
1.336000001000000e+04	8.075154e+00	7.527258e-04
1.336500001000000e+04	8.075143e+00	7.524469e-04
1.337000001000000e+04	8.075132e+00	7.521682e-04
1.337500001000000e+04	8.075121e+00	7.518898e-04
1.338000001000000e+04	8.075110e+00	7.516115e-04
1.338500001000000e+04	8.075099e+00	7.513334e-04
1.339000001000000e+04	8.075088e+00	7.510556e-04
1.339500001000000e+04	8.075077e+00	7.507780e-04
1.340000001000000e+04	8.075066e+00	7.505005e-04
1.340500001000000e+04	8.075054e+00	7.502233e-04
1.341000001000000e+04	8.075044e+00	7.499463e-04
1.341500001000000e+04	8.075032e+00	7.496694e-04
1.342000001000000e+04	8.075022e+00	7.493928e-04
1.342500001000000e+04	8.075010e+00	7.491164e-04
1.343000001000000e+04	8.074999e+00	7.488402e-04
1.343500001000000e+04	8.074988e+00	7.485643e-04
1.344000001000000e+04	8.074977e+00	7.482884e-04
1.344500001000000e+04	8.074966e+00	7.480129e-04
1.345000001000000e+04	8.074955e+00	7.477375e-04
1.345500001000000e+04	8.074944e+00	7.474623e-04
1.346000001000000e+04	8.074933e+00	7.471873e-04
1.346500001000000e+04	8.074923e+00	7.469125e-04
1.347000001000000e+04	8.074911e+00	7.466379e-04
1.347500001000000e+04	8.074900e+00	7.463635e-04
1.348000001000000e+04	8.074889e+00	7.460894e-04
1.348500001000000e+04	8.074878e+00	7.458154e-04
1.349000001000000e+04	8.074867e+00	7.455416e-04
1.349500001000000e+04	8.074856e+00	7.452681e-04
1.350000001000000e+04	8.074845e+00	7.449947e-04
1.350500001000000e+04	8.074834e+00	7.447215e-04
1.351000001000000e+04	8.074823e+00	7.444486e-04
1.351500001000000e+04	8.074812e+00	7.441757e-04
1.352000001000000e+04	8.074801e+00	7.439032e-04
1.352500001000000e+04	8.074790e+00	7.436309e-04
1.353000001000000e+04	8.074780e+00	7.433587e-04
1.353500001000000e+04	8.074768e+00	7.430867e-04
1.354000001000000e+04	8.074758e+00	7.428149e-04
1.354500001000000e+04	8.074746e+00	7.425434e-04
1.355000001000000e+04	8.074736e+00	7.422720e-04
1.355500001000000e+04	8.074724e+00	7.420008e-04
1.356000001000000e+04	8.074714e+00	7.417299e-04
1.356500001000000e+04	8.074702e+00	7.414591e-04
1.357000001000000e+04	8.074692e+00	7.411885e-04
1.357500001000000e+04	8.074680e+00	7.409181e-04
1.358000001000000e+04	8.074670e+00	7.406479e-04
1.358500001000000e+04	8.074658e+00	7.403779e-04
1.359000001000000e+04	8.074648e+00	7.401081e-04
1.359500001000000e+04	8.074637e+00	7.398385e-04
1.360000001000000e+04	8.074626e+00	7.395691e-04
1.360500001000000e+04	8.074615e+00	7.392999e-04
1.361000001000000e+04	8.074604e+00	7.390309e-04
1.361500001000000e+04	8.074594e+00	7.387621e-04
1.362000001000000e+04	8.074582e+00	7.384935e-04
1.362500001000000e+04	8.074572e+00	7.382251e-04
1.363000001000000e+04	8.074561e+00	7.379569e-04
1.363500001000000e+04	8.074550e+00	7.376889e-04
1.364000001000000e+04	8.074539e+00	7.374210e-04
1.364500001000000e+04	8.074528e+00	7.371534e-04
1.365000001000000e+04	8.074517e+00	7.368859e-04
1.365500001000000e+04	8.074507e+00	7.366187e-04
1.366000001000000e+04	8.074495e+00	7.363516e-04
1.366500001000000e+04	8.074485e+00	7.360848e-04
1.367000001000000e+04	8.074473e+00	7.358181e-04
1.367500001000000e+04	8.074463e+00	7.355516e-04
1.368000001000000e+04	8.074452e+00	7.352853e-04
1.368500001000000e+04	8.074441e+00	7.350193e-04
1.369000001000000e+04	8.074430e+00	7.347534e-04
1.369500001000000e+04	8.074420e+00	7.344877e-04
1.370000001000000e+04	8.074409e+00	7.342222e-04
1.370500001000000e+04	8.074398e+00	7.339569e-04
1.371000001000000e+04	8.074388e+00	7.336917e-04
1.371500001000000e+04	8.074376e+00	7.334268e-04
1.372000001000000e+04	8.074366e+00	7.331620e-04
1.372500001000000e+04	8.074354e+00	7.328975e-04
1.373000001000000e+04	8.074344e+00	7.326332e-04
1.373500001000000e+04	8.074333e+00	7.323690e-04
1.374000001000000e+04	8.074323e+00	7.321050e-04
1.374500001000000e+04	8.074311e+00	7.318412e-04
1.375000001000000e+04	8.074301e+00	7.315776e-04
1.375500001000000e+04	8.074290e+00	7.313142e-04
1.376000001000000e+04	8.074279e+00	7.310510e-04
1.376500001000000e+04	8.074268e+00	7.307880e-04
1.377000001000000e+04	8.074258e+00	7.305251e-04
1.377500001000000e+04	8.074246e+00	7.302625e-04
1.378000001000000e+04	8.074236e+00	7.300000e-04
1.378500001000000e+04	8.074225e+00	7.297377e-04
1.379000001000000e+04	8.074215e+00	7.294757e-04
1.379500001000000e+04	8.074203e+00	7.292138e-04
1.380000001000000e+04	8.074193e+00	7.289521e-04
1.380500001000000e+04	8.074183e+00	7.286906e-04
1.381000001000000e+04	8.074171e+00	7.284292e-04
1.381500001000000e+04	8.074161e+00	7.281681e-04
1.382000001000000e+04	8.074150e+00	7.279071e-04
1.382500001000000e+04	8.074140e+00	7.276464e-04
1.383000001000000e+04	8.074128e+00	7.273858e-04
1.383500001000000e+04	8.074118e+00	7.271254e-04
1.384000001000000e+04	8.074107e+00	7.268652e-04
1.384500001000000e+04	8.074097e+00	7.266052e-04
1.385000001000000e+04	8.074085e+00	7.263453e-04
1.385500001000000e+04	8.074075e+00	7.260857e-04
1.386000001000000e+04	8.074064e+00	7.258262e-04
1.386500001000000e+04	8.074054e+00	7.255669e-04
1.387000001000000e+04	8.074043e+00	7.253079e-04
1.387500001000000e+04	8.074032e+00	7.250489e-04
1.388000001000000e+04	8.074021e+00	7.247903e-04
1.388500001000000e+04	8.074011e+00	7.245317e-04
1.389000001000000e+04	8.074000e+00	7.242734e-04
1.389500001000000e+04	8.073990e+00	7.240152e-04
1.390000001000000e+04	8.073978e+00	7.237572e-04
1.390500001000000e+04	8.073968e+00	7.234994e-04
1.391000001000000e+04	8.073957e+00	7.232418e-04
1.391500001000000e+04	8.073947e+00	7.229844e-04
1.392000001000000e+04	8.073936e+00	7.227271e-04
1.392500001000000e+04	8.073925e+00	7.224701e-04
1.393000001000000e+04	8.073915e+00	7.222132e-04
1.393500001000000e+04	8.073904e+00	7.219565e-04
1.394000001000000e+04	8.073894e+00	7.217000e-04
1.394500001000000e+04	8.073883e+00	7.214436e-04
1.395000001000000e+04	8.073873e+00	7.211875e-04
1.395500001000000e+04	8.073861e+00	7.209315e-04
1.396000001000000e+04	8.073851e+00	7.206757e-04
1.396500001000000e+04	8.073840e+00	7.204201e-04
1.397000001000000e+04	8.073830e+00	7.201647e-04
1.397500001000000e+04	8.073819e+00	7.199094e-04
1.398000001000000e+04	8.073809e+00	7.196544e-04
1.398500001000000e+04	8.073798e+00	7.193995e-04
1.399000001000000e+04	8.073788e+00	7.191448e-04
1.399500001000000e+04	8.073776e+00	7.188903e-04
1.400000001000000e+04	8.073766e+00	7.186360e-04
1.400500001000000e+04	8.073755e+00	7.183818e-04
1.401000001000000e+04	8.073745e+00	7.181278e-04
1.401500001000000e+04	8.073734e+00	7.178740e-04
1.402000001000000e+04	8.073724e+00	7.176204e-04
1.402500001000000e+04	8.073713e+00	7.173670e-04
1.403000001000000e+04	8.073703e+00	7.171137e-04
1.403500001000000e+04	8.073692e+00	7.168606e-04
1.404000001000000e+04	8.073682e+00	7.166077e-04
1.404500001000000e+04	8.073670e+00	7.163550e-04
1.405000001000000e+04	8.073660e+00	7.161025e-04
1.405500001000000e+04	8.073649e+00	7.158501e-04
1.406000001000000e+04	8.073639e+00	7.155979e-04
1.406500001000000e+04	8.073628e+00	7.153459e-04
1.407000001000000e+04	8.073618e+00	7.150940e-04
1.407500001000000e+04	8.073607e+00	7.148424e-04
1.408000001000000e+04	8.073597e+00	7.145909e-04
1.408500001000000e+04	8.073586e+00	7.143396e-04
1.409000001000000e+04	8.073576e+00	7.140885e-04
1.409500001000000e+04	8.073565e+00	7.138376e-04
1.410000001000000e+04	8.073555e+00	7.135868e-04
1.410500001000000e+04	8.073545e+00	7.133362e-04
1.411000001000000e+04	8.073534e+00	7.130858e-04
1.411500001000000e+04	8.073524e+00	7.128355e-04
1.412000001000000e+04	8.073513e+00	7.125855e-04
1.412500001000000e+04	8.073503e+00	7.123356e-04
1.413000001000000e+04	8.073492e+00	7.120859e-04
1.413500001000000e+04	8.073482e+00	7.118363e-04
1.414000001000000e+04	8.073471e+00	7.115870e-04
1.414500001000000e+04	8.073461e+00	7.113378e-04
1.415000001000000e+04	8.073450e+00	7.110888e-04
1.415500001000000e+04	8.073440e+00	7.108399e-04
1.416000001000000e+04	8.073429e+00	7.105913e-04
1.416500001000000e+04	8.073419e+00	7.103427e-04
1.417000001000000e+04	8.073408e+00	7.100944e-04
1.417500001000000e+04	8.073398e+00	7.098463e-04
1.418000001000000e+04	8.073387e+00	7.095983e-04
1.418500001000000e+04	8.073377e+00	7.093505e-04
1.419000001000000e+04	8.073366e+00	7.091029e-04
1.419500001000000e+04	8.073356e+00	7.088555e-04
1.420000001000000e+04	8.073345e+00	7.086082e-04
1.420500001000000e+04	8.073335e+00	7.083610e-04
1.421000001000000e+04	8.073324e+00	7.081141e-04
1.421500001000000e+04	8.073314e+00	7.078674e-04
1.422000001000000e+04	8.073303e+00	7.076208e-04
1.422500001000000e+04	8.073293e+00	7.073744e-04
1.423000001000000e+04	8.073282e+00	7.071281e-04
1.423500001000000e+04	8.073272e+00	7.068820e-04
1.424000001000000e+04	8.073261e+00	7.066361e-04
1.424500001000000e+04	8.073252e+00	7.063904e-04
1.425000001000000e+04	8.073241e+00	7.061448e-04
1.425500001000000e+04	8.073231e+00	7.058994e-04
1.426000001000000e+04	8.073220e+00	7.056543e-04
1.426500001000000e+04	8.073210e+00	7.054092e-04
1.427000001000000e+04	8.073199e+00	7.051643e-04
1.427500001000000e+04	8.073189e+00	7.049196e-04
1.428000001000000e+04	8.073178e+00	7.046751e-04
1.428500001000000e+04	8.073168e+00	7.044307e-04
1.429000001000000e+04	8.073157e+00	7.041865e-04
1.429500001000000e+04	8.073148e+00	7.039425e-04
1.430000001000000e+04	8.073137e+00	7.036986e-04
1.430500001000000e+04	8.073127e+00	7.034549e-04
1.431000001000000e+04	8.073116e+00	7.032114e-04
1.431500001000000e+04	8.073106e+00	7.029681e-04
1.432000001000000e+04	8.073095e+00	7.027249e-04
1.432500001000000e+04	8.073085e+00	7.024819e-04
1.433000001000000e+04	8.073074e+00	7.022390e-04
1.433500001000000e+04	8.073065e+00	7.019964e-04
1.434000001000000e+04	8.073054e+00	7.017538e-04
1.434500001000000e+04	8.073044e+00	7.015115e-04
1.435000001000000e+04	8.073033e+00	7.012693e-04
1.435500001000000e+04	8.073023e+00	7.010273e-04
1.436000001000000e+04	8.073012e+00	7.007855e-04
1.436500001000000e+04	8.073003e+00	7.005438e-04
1.437000001000000e+04	8.072992e+00	7.003023e-04
1.437500001000000e+04	8.072982e+00	7.000610e-04
1.438000001000000e+04	8.072971e+00	6.998198e-04
1.438500001000000e+04	8.072961e+00	6.995788e-04
1.439000001000000e+04	8.072950e+00	6.993379e-04
1.439500001000000e+04	8.072941e+00	6.990973e-04
1.440000001000000e+04	8.072930e+00	6.988568e-04
1.440500001000000e+04	8.072920e+00	6.986164e-04
1.441000001000000e+04	8.072909e+00	6.983763e-04
1.441500001000000e+04	8.072899e+00	6.981362e-04
1.442000001000000e+04	8.072889e+00	6.978964e-04
1.442500001000000e+04	8.072879e+00	6.976567e-04
1.443000001000000e+04	8.072868e+00	6.974172e-04
1.443500001000000e+04	8.072858e+00	6.971778e-04
1.444000001000000e+04	8.072848e+00	6.969387e-04
1.444500001000000e+04	8.072838e+00	6.966996e-04
1.445000001000000e+04	8.072827e+00	6.964608e-04
1.445500001000000e+04	8.072817e+00	6.962221e-04
1.446000001000000e+04	8.072807e+00	6.959835e-04
1.446500001000000e+04	8.072797e+00	6.957452e-04
1.447000001000000e+04	8.072786e+00	6.955070e-04
1.447500001000000e+04	8.072776e+00	6.952689e-04
1.448000001000000e+04	8.072766e+00	6.950310e-04
1.448500001000000e+04	8.072756e+00	6.947934e-04
1.449000001000000e+04	8.072745e+00	6.945558e-04
1.449500001000000e+04	8.072735e+00	6.943184e-04
1.450000001000000e+04	8.072725e+00	6.940812e-04
1.450500001000000e+04	8.072715e+00	6.938441e-04
1.451000001000000e+04	8.072704e+00	6.936072e-04
1.451500001000000e+04	8.072694e+00	6.933705e-04
1.452000001000000e+04	8.072684e+00	6.931339e-04
1.452500001000000e+04	8.072674e+00	6.928975e-04
1.453000001000000e+04	8.072663e+00	6.926612e-04
1.453500001000000e+04	8.072654e+00	6.924251e-04
1.454000001000000e+04	8.072643e+00	6.921891e-04
1.454500001000000e+04	8.072633e+00	6.919534e-04
1.455000001000000e+04	8.072622e+00	6.917178e-04
1.455500001000000e+04	8.072613e+00	6.914823e-04
1.456000001000000e+04	8.072602e+00	6.912471e-04
1.456500001000000e+04	8.072592e+00	6.910119e-04
1.457000001000000e+04	8.072582e+00	6.907770e-04
1.457500001000000e+04	8.072572e+00	6.905422e-04
1.458000001000000e+04	8.072561e+00	6.903075e-04
1.458500001000000e+04	8.072552e+00	6.900730e-04
1.459000001000000e+04	8.072541e+00	6.898387e-04
1.459500001000000e+04	8.072531e+00	6.896045e-04
1.460000001000000e+04	8.072521e+00	6.893705e-04
1.460500001000000e+04	8.072511e+00	6.891366e-04
1.461000001000000e+04	8.072500e+00	6.889029e-04
1.461500001000000e+04	8.072491e+00	6.886694e-04
1.462000001000000e+04	8.072480e+00	6.884360e-04
1.462500001000000e+04	8.072471e+00	6.882028e-04
1.463000001000000e+04	8.072460e+00	6.879697e-04
1.463500001000000e+04	8.072450e+00	6.877368e-04
1.464000001000000e+04	8.072440e+00	6.875041e-04
1.464500001000000e+04	8.072430e+00	6.872715e-04
1.465000001000000e+04	8.072419e+00	6.870390e-04
1.465500001000000e+04	8.072410e+00	6.868068e-04
1.466000001000000e+04	8.072399e+00	6.865747e-04
1.466500001000000e+04	8.072390e+00	6.863427e-04
1.467000001000000e+04	8.072379e+00	6.861109e-04
1.467500001000000e+04	8.072369e+00	6.858793e-04
1.468000001000000e+04	8.072359e+00	6.856478e-04
1.468500001000000e+04	8.072349e+00	6.854165e-04
1.469000001000000e+04	8.072339e+00	6.851853e-04
1.469500001000000e+04	8.072329e+00	6.849543e-04
1.470000001000000e+04	8.072318e+00	6.847234e-04
1.470500001000000e+04	8.072309e+00	6.844927e-04
1.471000001000000e+04	8.072298e+00	6.842621e-04
1.471500001000000e+04	8.072289e+00	6.840318e-04
1.472000001000000e+04	8.072278e+00	6.838015e-04
1.472500001000000e+04	8.072268e+00	6.835714e-04
1.473000001000000e+04	8.072258e+00	6.833415e-04
1.473500001000000e+04	8.072248e+00	6.831117e-04
1.474000001000000e+04	8.072238e+00	6.828821e-04
1.474500001000000e+04	8.072227e+00	6.826526e-04
1.475000001000000e+04	8.072218e+00	6.824233e-04
1.475500001000000e+04	8.072207e+00	6.821941e-04
1.476000001000000e+04	8.072198e+00	6.819651e-04
1.476500001000000e+04	8.072187e+00	6.817363e-04
1.477000001000000e+04	8.072178e+00	6.815076e-04
1.477500001000000e+04	8.072167e+00	6.812791e-04
1.478000001000000e+04	8.072158e+00	6.810506e-04
1.478500001000000e+04	8.072147e+00	6.808224e-04
1.479000001000000e+04	8.072138e+00	6.805944e-04
1.479500001000000e+04	8.072127e+00	6.803664e-04
1.480000001000000e+04	8.072118e+00	6.801386e-04
1.480500001000000e+04	8.072107e+00	6.799110e-04
1.481000001000000e+04	8.072097e+00	6.796835e-04
1.481500001000000e+04	8.072087e+00	6.794562e-04
1.482000001000000e+04	8.072077e+00	6.792290e-04
1.482500001000000e+04	8.072067e+00	6.790020e-04
1.483000001000000e+04	8.072058e+00	6.787752e-04
1.483500001000000e+04	8.072047e+00	6.785485e-04
1.484000001000000e+04	8.072038e+00	6.783219e-04
1.484500001000000e+04	8.072027e+00	6.780955e-04
1.485000001000000e+04	8.072018e+00	6.778692e-04
1.485500001000000e+04	8.072007e+00	6.776432e-04
1.486000001000000e+04	8.071998e+00	6.774172e-04
1.486500001000000e+04	8.071987e+00	6.771914e-04
1.487000001000000e+04	8.071978e+00	6.769657e-04
1.487500001000000e+04	8.071967e+00	6.767403e-04
1.488000001000000e+04	8.071958e+00	6.765149e-04
1.488500001000000e+04	8.071947e+00	6.762897e-04
1.489000001000000e+04	8.071938e+00	6.760646e-04
1.489500001000000e+04	8.071927e+00	6.758397e-04
1.490000001000000e+04	8.071918e+00	6.756150e-04
1.490500001000000e+04	8.071908e+00	6.753904e-04
1.491000001000000e+04	8.071898e+00	6.751659e-04
1.491500001000000e+04	8.071888e+00	6.749416e-04
1.492000001000000e+04	8.071877e+00	6.747175e-04
1.492500001000000e+04	8.071868e+00	6.744934e-04
1.493000001000000e+04	8.071857e+00	6.742696e-04
1.493500001000000e+04	8.071848e+00	6.740459e-04
1.494000001000000e+04	8.071838e+00	6.738223e-04
1.494500001000000e+04	8.071828e+00	6.735989e-04
1.495000001000000e+04	8.071818e+00	6.733757e-04
1.495500001000000e+04	8.071808e+00	6.731525e-04
1.496000001000000e+04	8.071798e+00	6.729296e-04
1.496500001000000e+04	8.071789e+00	6.727068e-04
1.497000001000000e+04	8.071778e+00	6.724840e-04
1.497500001000000e+04	8.071769e+00	6.722616e-04
1.498000001000000e+04	8.071758e+00	6.720392e-04
1.498500001000000e+04	8.071749e+00	6.718169e-04
1.499000001000000e+04	8.071739e+00	6.715949e-04
1.499500001000000e+04	8.071729e+00	6.713729e-04
1.500000001000000e+04	8.071719e+00	6.711512e-04
1.500500001000000e+04	8.071710e+00	6.709295e-04
1.501000001000000e+04	8.071699e+00	6.707080e-04
1.501500001000000e+04	8.071690e+00	6.704867e-04
1.502000001000000e+04	8.071679e+00	6.702655e-04
1.502500001000000e+04	8.071670e+00	6.700444e-04
1.503000001000000e+04	8.071660e+00	6.698235e-04
1.503500001000000e+04	8.071650e+00	6.696027e-04
1.504000001000000e+04	8.071640e+00	6.693821e-04
1.504500001000000e+04	8.071630e+00	6.691617e-04
1.505000001000000e+04	8.071620e+00	6.689413e-04
1.505500001000000e+04	8.071610e+00	6.687212e-04
1.506000001000000e+04	8.071601e+00	6.685011e-04
1.506500001000000e+04	8.071590e+00	6.682812e-04
1.507000001000000e+04	8.071581e+00	6.680615e-04
1.507500001000000e+04	8.071571e+00	6.678419e-04
1.508000001000000e+04	8.071561e+00	6.676224e-04
1.508500001000000e+04	8.071551e+00	6.674031e-04
1.509000001000000e+04	8.071542e+00	6.671839e-04
1.509500001000000e+04	8.071532e+00	6.669649e-04
1.510000001000000e+04	8.071522e+00	6.667460e-04
1.510500001000000e+04	8.071512e+00	6.665273e-04
1.511000001000000e+04	8.071503e+00	6.663087e-04
1.511500001000000e+04	8.071492e+00	6.660902e-04
1.512000001000000e+04	8.071483e+00	6.658720e-04
1.512500001000000e+04	8.071473e+00	6.656538e-04
1.513000001000000e+04	8.071463e+00	6.654357e-04
1.513500001000000e+04	8.071453e+00	6.652179e-04
1.514000001000000e+04	8.071444e+00	6.650001e-04
1.514500001000000e+04	8.071434e+00	6.647825e-04
1.515000001000000e+04	8.071424e+00	6.645651e-04
1.515500001000000e+04	8.071414e+00	6.643478e-04
1.516000001000000e+04	8.071404e+00	6.641306e-04
1.516500001000000e+04	8.071395e+00	6.639136e-04
1.517000001000000e+04	8.071384e+00	6.636967e-04
1.517500001000000e+04	8.071375e+00	6.634800e-04
1.518000001000000e+04	8.071365e+00	6.632634e-04
1.518500001000000e+04	8.071356e+00	6.630470e-04
1.519000001000000e+04	8.071345e+00	6.628306e-04
1.519500001000000e+04	8.071336e+00	6.626144e-04
1.520000001000000e+04	8.071326e+00	6.623984e-04
1.520500001000000e+04	8.071317e+00	6.621825e-04
1.521000001000000e+04	8.071306e+00	6.619668e-04
1.521500001000000e+04	8.071297e+00	6.617511e-04
1.522000001000000e+04	8.071287e+00	6.615357e-04
1.522500001000000e+04	8.071278e+00	6.613203e-04
1.523000001000000e+04	8.071268e+00	6.611052e-04
1.523500001000000e+04	8.071258e+00	6.608901e-04
1.524000001000000e+04	8.071248e+00	6.606752e-04
1.524500001000000e+04	8.071239e+00	6.604604e-04
1.525000001000000e+04	8.071229e+00	6.602458e-04
1.525500001000000e+04	8.071219e+00	6.600313e-04
1.526000001000000e+04	8.071209e+00	6.598170e-04
1.526500001000000e+04	8.071199e+00	6.596028e-04
1.527000001000000e+04	8.071190e+00	6.593887e-04
1.527500001000000e+04	8.071180e+00	6.591748e-04
1.528000001000000e+04	8.071171e+00	6.589610e-04
1.528500001000000e+04	8.071160e+00	6.587473e-04
1.529000001000000e+04	8.071151e+00	6.585338e-04
1.529500001000000e+04	8.071141e+00	6.583204e-04
1.530000001000000e+04	8.071132e+00	6.581072e-04
1.530500001000000e+04	8.071122e+00	6.578941e-04
1.531000001000000e+04	8.071113e+00	6.576811e-04
1.531500001000000e+04	8.071102e+00	6.574683e-04
1.532000001000000e+04	8.071093e+00	6.572556e-04
1.532500001000000e+04	8.071083e+00	6.570431e-04
1.533000001000000e+04	8.071074e+00	6.568307e-04
1.533500001000000e+04	8.071064e+00	6.566184e-04
1.534000001000000e+04	8.071054e+00	6.564063e-04
1.534500001000000e+04	8.071045e+00	6.561943e-04
1.535000001000000e+04	8.071034e+00	6.559825e-04
1.535500001000000e+04	8.071025e+00	6.557707e-04
1.536000001000000e+04	8.071015e+00	6.555591e-04
1.536500001000000e+04	8.071006e+00	6.553477e-04
1.537000001000000e+04	8.070996e+00	6.551364e-04
1.537500001000000e+04	8.070987e+00	6.549252e-04
1.538000001000000e+04	8.070977e+00	6.547142e-04
1.538500001000000e+04	8.070968e+00	6.545032e-04
1.539000001000000e+04	8.070957e+00	6.542925e-04
1.539500001000000e+04	8.070948e+00	6.540819e-04
1.540000001000000e+04	8.070938e+00	6.538713e-04
1.540500001000000e+04	8.070929e+00	6.536610e-04
1.541000001000000e+04	8.070919e+00	6.534508e-04
1.541500001000000e+04	8.070910e+00	6.532407e-04
1.542000001000000e+04	8.070900e+00	6.530307e-04
1.542500001000000e+04	8.070890e+00	6.528209e-04
1.543000001000000e+04	8.070881e+00	6.526112e-04
1.543500001000000e+04	8.070871e+00	6.524016e-04
1.544000001000000e+04	8.070862e+00	6.521923e-04
1.544500001000000e+04	8.070851e+00	6.519830e-04
1.545000001000000e+04	8.070842e+00	6.517738e-04
1.545500001000000e+04	8.070832e+00	6.515648e-04
1.546000001000000e+04	8.070823e+00	6.513559e-04
1.546500001000000e+04	8.070813e+00	6.511472e-04
1.547000001000000e+04	8.070804e+00	6.509386e-04
1.547500001000000e+04	8.070794e+00	6.507301e-04
1.548000001000000e+04	8.070785e+00	6.505218e-04
1.548500001000000e+04	8.070775e+00	6.503136e-04
1.549000001000000e+04	8.070765e+00	6.501055e-04
1.549500001000000e+04	8.070756e+00	6.498976e-04
1.550000001000000e+04	8.070746e+00	6.496898e-04
1.550500001000000e+04	8.070737e+00	6.494821e-04
1.551000001000000e+04	8.070727e+00	6.492745e-04
1.551500001000000e+04	8.070718e+00	6.490671e-04
1.552000001000000e+04	8.070708e+00	6.488598e-04
1.552500001000000e+04	8.070699e+00	6.486527e-04
1.553000001000000e+04	8.070689e+00	6.484457e-04
1.553500001000000e+04	8.070680e+00	6.482388e-04
1.554000001000000e+04	8.070670e+00	6.480321e-04
1.554500001000000e+04	8.070661e+00	6.478254e-04
1.555000001000000e+04	8.070651e+00	6.476190e-04
1.555500001000000e+04	8.070642e+00	6.474126e-04
1.556000001000000e+04	8.070632e+00	6.472064e-04
1.556500001000000e+04	8.070622e+00	6.470003e-04
1.557000001000000e+04	8.070613e+00	6.467943e-04
1.557500001000000e+04	8.070603e+00	6.465885e-04
1.558000001000000e+04	8.070594e+00	6.463828e-04
1.558500001000000e+04	8.070584e+00	6.461773e-04
1.559000001000000e+04	8.070575e+00	6.459719e-04
1.559500001000000e+04	8.070565e+00	6.457665e-04
1.560000001000000e+04	8.070556e+00	6.455614e-04
1.560500001000000e+04	8.070546e+00	6.453563e-04
1.561000001000000e+04	8.070537e+00	6.451514e-04
1.561500001000000e+04	8.070527e+00	6.449466e-04
1.562000001000000e+04	8.070518e+00	6.447420e-04
1.562500001000000e+04	8.070508e+00	6.445374e-04
1.563000001000000e+04	8.070498e+00	6.443331e-04
1.563500001000000e+04	8.070489e+00	6.441288e-04
1.564000001000000e+04	8.070479e+00	6.439247e-04
1.564500001000000e+04	8.070470e+00	6.437207e-04
1.565000001000000e+04	8.070460e+00	6.435168e-04
1.565500001000000e+04	8.070451e+00	6.433130e-04
1.566000001000000e+04	8.070441e+00	6.431094e-04
1.566500001000000e+04	8.070432e+00	6.429059e-04
1.567000001000000e+04	8.070423e+00	6.427026e-04
1.567500001000000e+04	8.070414e+00	6.424994e-04
1.568000001000000e+04	8.070404e+00	6.422963e-04
1.568500001000000e+04	8.070395e+00	6.420933e-04
1.569000001000000e+04	8.070385e+00	6.418905e-04
1.569500001000000e+04	8.070375e+00	6.416878e-04
1.570000001000000e+04	8.070366e+00	6.414852e-04
1.570500001000000e+04	8.070356e+00	6.412827e-04
1.571000001000000e+04	8.070347e+00	6.410804e-04
1.571500001000000e+04	8.070337e+00	6.408782e-04
1.572000001000000e+04	8.070328e+00	6.406761e-04
1.572500001000000e+04	8.070319e+00	6.404742e-04
1.573000001000000e+04	8.070310e+00	6.402723e-04
1.573500001000000e+04	8.070300e+00	6.400706e-04
1.574000001000000e+04	8.070291e+00	6.398691e-04
1.574500001000000e+04	8.070281e+00	6.396677e-04
1.575000001000000e+04	8.070271e+00	6.394663e-04
1.575500001000000e+04	8.070262e+00	6.392652e-04
1.576000001000000e+04	8.070252e+00	6.390641e-04
1.576500001000000e+04	8.070244e+00	6.388632e-04
1.577000001000000e+04	8.070234e+00	6.386624e-04
1.577500001000000e+04	8.070225e+00	6.384617e-04
1.578000001000000e+04	8.070215e+00	6.382611e-04
1.578500001000000e+04	8.070206e+00	6.380607e-04
1.579000001000000e+04	8.070196e+00	6.378604e-04
1.579500001000000e+04	8.070187e+00	6.376603e-04
1.580000001000000e+04	8.070178e+00	6.374602e-04
1.580500001000000e+04	8.070168e+00	6.372603e-04
1.581000001000000e+04	8.070159e+00	6.370605e-04
1.581500001000000e+04	8.070149e+00	6.368608e-04
1.582000001000000e+04	8.070140e+00	6.366613e-04
1.582500001000000e+04	8.070130e+00	6.364619e-04
1.583000001000000e+04	8.070122e+00	6.362626e-04
1.583500001000000e+04	8.070112e+00	6.360634e-04
1.584000001000000e+04	8.070103e+00	6.358644e-04
1.584500001000000e+04	8.070093e+00	6.356654e-04
1.585000001000000e+04	8.070084e+00	6.354667e-04
1.585500001000000e+04	8.070074e+00	6.352680e-04
1.586000001000000e+04	8.070065e+00	6.350694e-04
1.586500001000000e+04	8.070056e+00	6.348710e-04
1.587000001000000e+04	8.070046e+00	6.346727e-04
1.587500001000000e+04	8.070037e+00	6.344746e-04
1.588000001000000e+04	8.070027e+00	6.342765e-04
1.588500001000000e+04	8.070019e+00	6.340786e-04
1.589000001000000e+04	8.070009e+00	6.338808e-04
1.589500001000000e+04	8.070000e+00	6.336831e-04
1.590000001000000e+04	8.069990e+00	6.334856e-04
1.590500001000000e+04	8.069981e+00	6.332881e-04
1.591000001000000e+04	8.069972e+00	6.330908e-04
1.591500001000000e+04	8.069963e+00	6.328936e-04
1.592000001000000e+04	8.069953e+00	6.326966e-04
1.592500001000000e+04	8.069943e+00	6.324996e-04
1.593000001000000e+04	8.069935e+00	6.323028e-04
1.593500001000000e+04	8.069925e+00	6.321061e-04
1.594000001000000e+04	8.069916e+00	6.319095e-04
1.594500001000000e+04	8.069906e+00	6.317131e-04
1.595000001000000e+04	8.069898e+00	6.315167e-04
1.595500001000000e+04	8.069888e+00	6.313205e-04
1.596000001000000e+04	8.069879e+00	6.311245e-04
1.596500001000000e+04	8.069869e+00	6.309285e-04
1.597000001000000e+04	8.069860e+00	6.307327e-04
1.597500001000000e+04	8.069851e+00	6.305369e-04
1.598000001000000e+04	8.069841e+00	6.303414e-04
1.598500001000000e+04	8.069832e+00	6.301459e-04
1.599000001000000e+04	8.069823e+00	6.299505e-04
1.599500001000000e+04	8.069814e+00	6.297553e-04
1.600000001000000e+04	8.069804e+00	6.295602e-04
1.600500001000000e+04	8.069796e+00	6.293652e-04
1.601000001000000e+04	8.069786e+00	6.291703e-04
1.601500001000000e+04	8.069777e+00	6.289756e-04
1.602000001000000e+04	8.069767e+00	6.287809e-04
1.602500001000000e+04	8.069758e+00	6.285865e-04
1.603000001000000e+04	8.069749e+00	6.283920e-04
1.603500001000000e+04	8.069739e+00	6.281978e-04
1.604000001000000e+04	8.069731e+00	6.280036e-04
1.604500001000000e+04	8.069721e+00	6.278096e-04
1.605000001000000e+04	8.069712e+00	6.276157e-04
1.605500001000000e+04	8.069702e+00	6.274219e-04
1.606000001000000e+04	8.069694e+00	6.272283e-04
1.606500001000000e+04	8.069684e+00	6.270347e-04
1.607000001000000e+04	8.069674e+00	6.268413e-04
1.607500001000000e+04	8.069666e+00	6.266480e-04
1.608000001000000e+04	8.069656e+00	6.264548e-04
1.608500001000000e+04	8.069647e+00	6.262618e-04
1.609000001000000e+04	8.069638e+00	6.260688e-04
1.609500001000000e+04	8.069629e+00	6.258760e-04
1.610000001000000e+04	8.069619e+00	6.256832e-04
1.610500001000000e+04	8.069611e+00	6.254907e-04
1.611000001000000e+04	8.069601e+00	6.252982e-04
1.611500001000000e+04	8.069592e+00	6.251058e-04
1.612000001000000e+04	8.069583e+00	6.249136e-04
1.612500001000000e+04	8.069573e+00	6.247215e-04
1.613000001000000e+04	8.069565e+00	6.245295e-04
1.613500001000000e+04	8.069555e+00	6.243376e-04
1.614000001000000e+04	8.069546e+00	6.241458e-04
1.614500001000000e+04	8.069537e+00	6.239542e-04
1.615000001000000e+04	8.069528e+00	6.237627e-04
1.615500001000000e+04	8.069518e+00	6.235712e-04
1.616000001000000e+04	8.069510e+00	6.233800e-04
1.616500001000000e+04	8.069500e+00	6.231888e-04
1.617000001000000e+04	8.069490e+00	6.229977e-04
1.617500001000000e+04	8.069482e+00	6.228068e-04
1.618000001000000e+04	8.069472e+00	6.226160e-04
1.618500001000000e+04	8.069464e+00	6.224252e-04
1.619000001000000e+04	8.069454e+00	6.222347e-04
1.619500001000000e+04	8.069445e+00	6.220442e-04
1.620000001000000e+04	8.069436e+00	6.218538e-04
1.620500001000000e+04	8.069427e+00	6.216636e-04
1.621000001000000e+04	8.069418e+00	6.214735e-04
1.621500001000000e+04	8.069408e+00	6.212835e-04
1.622000001000000e+04	8.069399e+00	6.210936e-04
1.622500001000000e+04	8.069390e+00	6.209038e-04
1.623000001000000e+04	8.069381e+00	6.207142e-04
1.623500001000000e+04	8.069372e+00	6.205246e-04
1.624000001000000e+04	8.069363e+00	6.203352e-04
1.624500001000000e+04	8.069354e+00	6.201459e-04
1.625000001000000e+04	8.069345e+00	6.199566e-04
1.625500001000000e+04	8.069335e+00	6.197676e-04
1.626000001000000e+04	8.069326e+00	6.195786e-04
1.626500001000000e+04	8.069317e+00	6.193898e-04
1.627000001000000e+04	8.069308e+00	6.192010e-04
1.627500001000000e+04	8.069299e+00	6.190125e-04
1.628000001000000e+04	8.069290e+00	6.188239e-04
1.628500001000000e+04	8.069281e+00	6.186356e-04
1.629000001000000e+04	8.069271e+00	6.184473e-04
1.629500001000000e+04	8.069263e+00	6.182591e-04
1.630000001000000e+04	8.069253e+00	6.180711e-04
1.630500001000000e+04	8.069244e+00	6.178832e-04
1.631000001000000e+04	8.069235e+00	6.176953e-04
1.631500001000000e+04	8.069226e+00	6.175076e-04
1.632000001000000e+04	8.069217e+00	6.173201e-04
1.632500001000000e+04	8.069208e+00	6.171326e-04
1.633000001000000e+04	8.069199e+00	6.169452e-04
1.633500001000000e+04	8.069190e+00	6.167580e-04
1.634000001000000e+04	8.069180e+00	6.165708e-04
1.634500001000000e+04	8.069172e+00	6.163838e-04
1.635000001000000e+04	8.069162e+00	6.161970e-04
1.635500001000000e+04	8.069154e+00	6.160102e-04
1.636000001000000e+04	8.069144e+00	6.158234e-04
1.636500001000000e+04	8.069136e+00	6.156369e-04
1.637000001000000e+04	8.069126e+00	6.154504e-04
1.637500001000000e+04	8.069118e+00	6.152641e-04
1.638000001000000e+04	8.069108e+00	6.150779e-04
1.638500001000000e+04	8.069099e+00	6.148918e-04
1.639000001000000e+04	8.069090e+00	6.147058e-04
1.639500001000000e+04	8.069081e+00	6.145199e-04
1.640000001000000e+04	8.069072e+00	6.143341e-04
1.640500001000000e+04	8.069063e+00	6.141484e-04
1.641000001000000e+04	8.069054e+00	6.139629e-04
1.641500001000000e+04	8.069045e+00	6.137775e-04
1.642000001000000e+04	8.069036e+00	6.135922e-04
1.642500001000000e+04	8.069027e+00	6.134069e-04
1.643000001000000e+04	8.069017e+00	6.132218e-04
1.643500001000000e+04	8.069009e+00	6.130369e-04
1.644000001000000e+04	8.068999e+00	6.128520e-04
1.644500001000000e+04	8.068991e+00	6.126672e-04
1.645000001000000e+04	8.068981e+00	6.124825e-04
1.645500001000000e+04	8.068973e+00	6.122980e-04
1.646000001000000e+04	8.068964e+00	6.121136e-04
1.646500001000000e+04	8.068954e+00	6.119293e-04
1.647000001000000e+04	8.068946e+00	6.117451e-04
1.647500001000000e+04	8.068936e+00	6.115610e-04
1.648000001000000e+04	8.068928e+00	6.113770e-04
1.648500001000000e+04	8.068918e+00	6.111931e-04
1.649000001000000e+04	8.068910e+00	6.110094e-04
1.649500001000000e+04	8.068900e+00	6.108257e-04
1.650000001000000e+04	8.068892e+00	6.106421e-04
1.650500001000000e+04	8.068883e+00	6.104587e-04
1.651000001000000e+04	8.068873e+00	6.102754e-04
1.651500001000000e+04	8.068865e+00	6.100922e-04
1.652000001000000e+04	8.068855e+00	6.099091e-04
1.652500001000000e+04	8.068847e+00	6.097261e-04
1.653000001000000e+04	8.068838e+00	6.095432e-04
1.653500001000000e+04	8.068829e+00	6.093605e-04
1.654000001000000e+04	8.068820e+00	6.091778e-04
1.654500001000000e+04	8.068810e+00	6.089952e-04
1.655000001000000e+04	8.068802e+00	6.088128e-04
1.655500001000000e+04	8.068793e+00	6.086305e-04
1.656000001000000e+04	8.068784e+00	6.084482e-04
1.656500001000000e+04	8.068775e+00	6.082661e-04
1.657000001000000e+04	8.068766e+00	6.080841e-04
1.657500001000000e+04	8.068757e+00	6.079022e-04
1.658000001000000e+04	8.068748e+00	6.077204e-04
1.658500001000000e+04	8.068739e+00	6.075387e-04
1.659000001000000e+04	8.068730e+00	6.073572e-04
1.659500001000000e+04	8.068721e+00	6.071757e-04
1.660000001000000e+04	8.068712e+00	6.069944e-04
1.660500001000000e+04	8.068704e+00	6.068131e-04
1.661000001000000e+04	8.068694e+00	6.066320e-04
1.661500001000000e+04	8.068686e+00	6.064510e-04
1.662000001000000e+04	8.068677e+00	6.062700e-04
1.662500001000000e+04	8.068667e+00	6.060892e-04
1.663000001000000e+04	8.068659e+00	6.059085e-04
1.663500001000000e+04	8.068650e+00	6.057280e-04
1.664000001000000e+04	8.068641e+00	6.055475e-04
1.664500001000000e+04	8.068632e+00	6.053671e-04
1.665000001000000e+04	8.068624e+00	6.051868e-04
1.665500001000000e+04	8.068614e+00	6.050066e-04
1.666000001000000e+04	8.068605e+00	6.048265e-04
1.666500001000000e+04	8.068597e+00	6.046466e-04
1.667000001000000e+04	8.068587e+00	6.044668e-04
1.667500001000000e+04	8.068579e+00	6.042870e-04
1.668000001000000e+04	8.068570e+00	6.041074e-04
1.668500001000000e+04	8.068561e+00	6.039279e-04
1.669000001000000e+04	8.068552e+00	6.037485e-04
1.669500001000000e+04	8.068543e+00	6.035691e-04
1.670000001000000e+04	8.068534e+00	6.033900e-04
1.670500001000000e+04	8.068525e+00	6.032109e-04
1.671000001000000e+04	8.068517e+00	6.030319e-04
1.671500001000000e+04	8.068507e+00	6.028530e-04
1.672000001000000e+04	8.068499e+00	6.026742e-04
1.672500001000000e+04	8.068490e+00	6.024956e-04
1.673000001000000e+04	8.068480e+00	6.023170e-04
1.673500001000000e+04	8.068472e+00	6.021385e-04
1.674000001000000e+04	8.068463e+00	6.019602e-04
1.674500001000000e+04	8.068455e+00	6.017819e-04
1.675000001000000e+04	8.068445e+00	6.016038e-04
1.675500001000000e+04	8.068437e+00	6.014258e-04
1.676000001000000e+04	8.068428e+00	6.012478e-04
1.676500001000000e+04	8.068419e+00	6.010700e-04
1.677000001000000e+04	8.068410e+00	6.008923e-04
1.677500001000000e+04	8.068401e+00	6.007146e-04
1.678000001000000e+04	8.068393e+00	6.005372e-04
1.678500001000000e+04	8.068383e+00	6.003598e-04
1.679000001000000e+04	8.068375e+00	6.001825e-04
1.679500001000000e+04	8.068366e+00	6.000053e-04
1.680000001000000e+04	8.068357e+00	5.998281e-04
1.680500001000000e+04	8.068348e+00	5.996512e-04
1.681000001000000e+04	8.068339e+00	5.994743e-04
1.681500001000000e+04	8.068331e+00	5.992975e-04
1.682000001000000e+04	8.068322e+00	5.991209e-04
1.682500001000000e+04	8.068313e+00	5.989443e-04
1.683000001000000e+04	8.068304e+00	5.987678e-04
1.683500001000000e+04	8.068295e+00	5.985915e-04
1.684000001000000e+04	8.068287e+00	5.984152e-04
1.684500001000000e+04	8.068277e+00	5.982391e-04
1.685000001000000e+04	8.068269e+00	5.980630e-04
1.685500001000000e+04	8.068260e+00	5.978871e-04
1.686000001000000e+04	8.068252e+00	5.977112e-04
1.686500001000000e+04	8.068242e+00	5.975355e-04
1.687000001000000e+04	8.068233e+00	5.973598e-04
1.687500001000000e+04	8.068225e+00	5.971843e-04
1.688000001000000e+04	8.068216e+00	5.970089e-04
1.688500001000000e+04	8.068208e+00	5.968336e-04
1.689000001000000e+04	8.068198e+00	5.966584e-04
1.689500001000000e+04	8.068190e+00	5.964832e-04
1.690000001000000e+04	8.068181e+00	5.963083e-04
1.690500001000000e+04	8.068172e+00	5.961334e-04
1.691000001000000e+04	8.068164e+00	5.959585e-04
1.691500001000000e+04	8.068154e+00	5.957838e-04
1.692000001000000e+04	8.068146e+00	5.956092e-04
1.692500001000000e+04	8.068137e+00	5.954347e-04
1.693000001000000e+04	8.068129e+00	5.952603e-04
1.693500001000000e+04	8.068120e+00	5.950860e-04
1.694000001000000e+04	8.068110e+00	5.949118e-04
1.694500001000000e+04	8.068102e+00	5.947377e-04
1.695000001000000e+04	8.068093e+00	5.945637e-04
1.695500001000000e+04	8.068085e+00	5.943899e-04
1.696000001000000e+04	8.068076e+00	5.942160e-04
1.696500001000000e+04	8.068068e+00	5.940424e-04
1.697000001000000e+04	8.068058e+00	5.938688e-04
1.697500001000000e+04	8.068049e+00	5.936953e-04
1.698000001000000e+04	8.068041e+00	5.935219e-04
1.698500001000000e+04	8.068032e+00	5.933486e-04
1.699000001000000e+04	8.068024e+00	5.931755e-04
1.699500001000000e+04	8.068015e+00	5.930024e-04
1.700000001000000e+04	8.068006e+00	5.928294e-04
1.700500001000000e+04	8.067997e+00	5.926565e-04
1.701000001000000e+04	8.067988e+00	5.924838e-04
1.701500001000000e+04	8.067980e+00	5.923111e-04
1.702000001000000e+04	8.067971e+00	5.921386e-04
1.702500001000000e+04	8.067963e+00	5.919661e-04
1.703000001000000e+04	8.067954e+00	5.917937e-04
1.703500001000000e+04	8.067945e+00	5.916214e-04
1.704000001000000e+04	8.067936e+00	5.914493e-04
1.704500001000000e+04	8.067927e+00	5.912772e-04
1.705000001000000e+04	8.067919e+00	5.911053e-04
1.705500001000000e+04	8.067910e+00	5.909334e-04
1.706000001000000e+04	8.067902e+00	5.907616e-04
1.706500001000000e+04	8.067893e+00	5.905899e-04
1.707000001000000e+04	8.067884e+00	5.904183e-04
1.707500001000000e+04	8.067876e+00	5.902469e-04
1.708000001000000e+04	8.067866e+00	5.900755e-04
1.708500001000000e+04	8.067858e+00	5.899043e-04
1.709000001000000e+04	8.067849e+00	5.897331e-04
1.709500001000000e+04	8.067841e+00	5.895620e-04
1.710000001000000e+04	8.067832e+00	5.893910e-04
1.710500001000000e+04	8.067823e+00	5.892202e-04
1.711000001000000e+04	8.067815e+00	5.890494e-04
1.711500001000000e+04	8.067806e+00	5.888788e-04
1.712000001000000e+04	8.067798e+00	5.887081e-04
1.712500001000000e+04	8.067789e+00	5.885377e-04
1.713000001000000e+04	8.067780e+00	5.883673e-04
1.713500001000000e+04	8.067771e+00	5.881970e-04
1.714000001000000e+04	8.067762e+00	5.880269e-04
1.714500001000000e+04	8.067754e+00	5.878568e-04
1.715000001000000e+04	8.067745e+00	5.876868e-04
1.715500001000000e+04	8.067737e+00	5.875169e-04
1.716000001000000e+04	8.067728e+00	5.873471e-04
1.716500001000000e+04	8.067719e+00	5.871775e-04
1.717000001000000e+04	8.067711e+00	5.870078e-04
1.717500001000000e+04	8.067702e+00	5.868383e-04
1.718000001000000e+04	8.067694e+00	5.866690e-04
1.718500001000000e+04	8.067685e+00	5.864997e-04
1.719000001000000e+04	8.067677e+00	5.863305e-04
1.719500001000000e+04	8.067668e+00	5.861614e-04
1.720000001000000e+04	8.067659e+00	5.859924e-04
1.720500001000000e+04	8.067651e+00	5.858235e-04
1.721000001000000e+04	8.067642e+00	5.856547e-04
1.721500001000000e+04	8.067634e+00	5.854859e-04
1.722000001000000e+04	8.067624e+00	5.853174e-04
1.722500001000000e+04	8.067616e+00	5.851489e-04
1.723000001000000e+04	8.067607e+00	5.849804e-04
1.723500001000000e+04	8.067598e+00	5.848121e-04
1.724000001000000e+04	8.067590e+00	5.846439e-04
1.724500001000000e+04	8.067581e+00	5.844758e-04
1.725000001000000e+04	8.067573e+00	5.843077e-04
1.725500001000000e+04	8.067564e+00	5.841398e-04
1.726000001000000e+04	8.067555e+00	5.839720e-04
1.726500001000000e+04	8.067547e+00	5.838042e-04
1.727000001000000e+04	8.067538e+00	5.836366e-04
1.727500001000000e+04	8.067530e+00	5.834691e-04
1.728000001000000e+04	8.067521e+00	5.833016e-04
1.728500001000000e+04	8.067513e+00	5.831342e-04
1.729000001000000e+04	8.067504e+00	5.829670e-04
1.729500001000000e+04	8.067495e+00	5.827998e-04
1.730000001000000e+04	8.067487e+00	5.826327e-04
1.730500001000000e+04	8.067478e+00	5.824658e-04
1.731000001000000e+04	8.067470e+00	5.822989e-04
1.731500001000000e+04	8.067461e+00	5.821321e-04
1.732000001000000e+04	8.067452e+00	5.819654e-04
1.732500001000000e+04	8.067444e+00	5.817988e-04
1.733000001000000e+04	8.067435e+00	5.816324e-04
1.733500001000000e+04	8.067427e+00	5.814660e-04
1.734000001000000e+04	8.067418e+00	5.812997e-04
1.734500001000000e+04	8.067410e+00	5.811335e-04
1.735000001000000e+04	8.067402e+00	5.809673e-04
1.735500001000000e+04	8.067393e+00	5.808013e-04
1.736000001000000e+04	8.067385e+00	5.806354e-04
1.736500001000000e+04	8.067376e+00	5.804696e-04
1.737000001000000e+04	8.067368e+00	5.803038e-04
1.737500001000000e+04	8.067359e+00	5.801382e-04
1.738000001000000e+04	8.067350e+00	5.799727e-04
1.738500001000000e+04	8.067342e+00	5.798072e-04
1.739000001000000e+04	8.067333e+00	5.796419e-04
1.739500001000000e+04	8.067325e+00	5.794766e-04
1.740000001000000e+04	8.067316e+00	5.793115e-04
1.740500001000000e+04	8.067307e+00	5.791464e-04
1.741000001000000e+04	8.067299e+00	5.789814e-04
1.741500001000000e+04	8.067290e+00	5.788165e-04
1.742000001000000e+04	8.067282e+00	5.786517e-04
1.742500001000000e+04	8.067273e+00	5.784871e-04
1.743000001000000e+04	8.067265e+00	5.783224e-04
1.743500001000000e+04	8.067257e+00	5.781580e-04
1.744000001000000e+04	8.067248e+00	5.779935e-04
1.744500001000000e+04	8.067240e+00	5.778292e-04
1.745000001000000e+04	8.067231e+00	5.776650e-04
1.745500001000000e+04	8.067223e+00	5.775008e-04
1.746000001000000e+04	8.067214e+00	5.773368e-04
1.746500001000000e+04	8.067205e+00	5.771729e-04
1.747000001000000e+04	8.067197e+00	5.770091e-04
1.747500001000000e+04	8.067188e+00	5.768453e-04
1.748000001000000e+04	8.067180e+00	5.766816e-04
1.748500001000000e+04	8.067171e+00	5.765180e-04
1.749000001000000e+04	8.067163e+00	5.763546e-04
1.749500001000000e+04	8.067155e+00	5.761912e-04
1.750000001000000e+04	8.067146e+00	5.760278e-04
1.750500001000000e+04	8.067138e+00	5.758647e-04
1.751000001000000e+04	8.067129e+00	5.757016e-04
1.751500001000000e+04	8.067121e+00	5.755386e-04
1.752000001000000e+04	8.067112e+00	5.753756e-04
1.752500001000000e+04	8.067103e+00	5.752128e-04
1.753000001000000e+04	8.067096e+00	5.750501e-04
1.753500001000000e+04	8.067087e+00	5.748874e-04
1.754000001000000e+04	8.067079e+00	5.747249e-04
1.754500001000000e+04	8.067070e+00	5.745624e-04
1.755000001000000e+04	8.067061e+00	5.744000e-04
1.755500001000000e+04	8.067053e+00	5.742377e-04
1.756000001000000e+04	8.067044e+00	5.740756e-04
1.756500001000000e+04	8.067036e+00	5.739135e-04
1.757000001000000e+04	8.067028e+00	5.737515e-04
1.757500001000000e+04	8.067019e+00	5.735895e-04
1.758000001000000e+04	8.067011e+00	5.734277e-04
1.758500001000000e+04	8.067002e+00	5.732660e-04
1.759000001000000e+04	8.066994e+00	5.731044e-04
1.759500001000000e+04	8.066985e+00	5.729428e-04
1.760000001000000e+04	8.066978e+00	5.727814e-04
1.760500001000000e+04	8.066969e+00	5.726200e-04
1.761000001000000e+04	8.066960e+00	5.724587e-04
1.761500001000000e+04	8.066952e+00	5.722975e-04
1.762000001000000e+04	8.066943e+00	5.721364e-04
1.762500001000000e+04	8.066935e+00	5.719754e-04
1.763000001000000e+04	8.066927e+00	5.718145e-04
1.763500001000000e+04	8.066918e+00	5.716537e-04
1.764000001000000e+04	8.066910e+00	5.714930e-04
1.764500001000000e+04	8.066901e+00	5.713323e-04
1.765000001000000e+04	8.066893e+00	5.711718e-04
1.765500001000000e+04	8.066885e+00	5.710113e-04
1.766000001000000e+04	8.066876e+00	5.708510e-04
1.766500001000000e+04	8.066868e+00	5.706907e-04
1.767000001000000e+04	8.066859e+00	5.705305e-04
1.767500001000000e+04	8.066851e+00	5.703704e-04
1.768000001000000e+04	8.066843e+00	5.702104e-04
1.768500001000000e+04	8.066834e+00	5.700505e-04
1.769000001000000e+04	8.066826e+00	5.698907e-04
1.769500001000000e+04	8.066817e+00	5.697309e-04
1.770000001000000e+04	8.066809e+00	5.695713e-04
1.770500001000000e+04	8.066801e+00	5.694117e-04
1.771000001000000e+04	8.066792e+00	5.692522e-04
1.771500001000000e+04	8.066784e+00	5.690929e-04
1.772000001000000e+04	8.066775e+00	5.689336e-04
1.772500001000000e+04	8.066767e+00	5.687744e-04
1.773000001000000e+04	8.066759e+00	5.686153e-04
1.773500001000000e+04	8.066751e+00	5.684562e-04
1.774000001000000e+04	8.066742e+00	5.682973e-04
1.774500001000000e+04	8.066733e+00	5.681385e-04
1.775000001000000e+04	8.066726e+00	5.679797e-04
1.775500001000000e+04	8.066717e+00	5.678211e-04
1.776000001000000e+04	8.066709e+00	5.676625e-04
1.776500001000000e+04	8.066700e+00	5.675040e-04
1.777000001000000e+04	8.066692e+00	5.673456e-04
1.777500001000000e+04	8.066684e+00	5.671873e-04
1.778000001000000e+04	8.066675e+00	5.670291e-04
1.778500001000000e+04	8.066667e+00	5.668709e-04
1.779000001000000e+04	8.066659e+00	5.667129e-04
1.779500001000000e+04	8.066650e+00	5.665549e-04
1.780000001000000e+04	8.066642e+00	5.663970e-04
1.780500001000000e+04	8.066633e+00	5.662393e-04
1.781000001000000e+04	8.066626e+00	5.660816e-04
1.781500001000000e+04	8.066617e+00	5.659240e-04
1.782000001000000e+04	8.066608e+00	5.657665e-04
1.782500001000000e+04	8.066600e+00	5.656090e-04
1.783000001000000e+04	8.066592e+00	5.654517e-04
1.783500001000000e+04	8.066584e+00	5.652944e-04
1.784000001000000e+04	8.066575e+00	5.651372e-04
1.784500001000000e+04	8.066567e+00	5.649801e-04
1.785000001000000e+04	8.066559e+00	5.648232e-04
1.785500001000000e+04	8.066550e+00	5.646663e-04
1.786000001000000e+04	8.066542e+00	5.645095e-04
1.786500001000000e+04	8.066534e+00	5.643527e-04
1.787000001000000e+04	8.066525e+00	5.641961e-04
1.787500001000000e+04	8.066517e+00	5.640395e-04
1.788000001000000e+04	8.066509e+00	5.638830e-04
1.788500001000000e+04	8.066501e+00	5.637266e-04
1.789000001000000e+04	8.066492e+00	5.635704e-04
1.789500001000000e+04	8.066484e+00	5.634142e-04
1.790000001000000e+04	8.066476e+00	5.632581e-04
1.790500001000000e+04	8.066467e+00	5.631020e-04
1.791000001000000e+04	8.066460e+00	5.629461e-04
1.791500001000000e+04	8.066451e+00	5.627902e-04
1.792000001000000e+04	8.066442e+00	5.626344e-04
1.792500001000000e+04	8.066434e+00	5.624787e-04
1.793000001000000e+04	8.066426e+00	5.623231e-04
1.793500001000000e+04	8.066418e+00	5.621676e-04
1.794000001000000e+04	8.066409e+00	5.620122e-04
1.794500001000000e+04	8.066401e+00	5.618568e-04
1.795000001000000e+04	8.066393e+00	5.617016e-04
1.795500001000000e+04	8.066384e+00	5.615464e-04
1.796000001000000e+04	8.066377e+00	5.613913e-04
1.796500001000000e+04	8.066368e+00	5.612363e-04
1.797000001000000e+04	8.066360e+00	5.610814e-04
1.797500001000000e+04	8.066352e+00	5.609266e-04
1.798000001000000e+04	8.066343e+00	5.607718e-04
1.798500001000000e+04	8.066336e+00	5.606171e-04
1.799000001000000e+04	8.066327e+00	5.604626e-04
1.799500001000000e+04	8.066319e+00	5.603081e-04
1.800000001000000e+04	8.066311e+00	5.601537e-04
1.800500001000000e+04	8.066302e+00	5.599994e-04
1.801000001000000e+04	8.066294e+00	5.598451e-04
1.801500001000000e+04	8.066286e+00	5.596910e-04
1.802000001000000e+04	8.066278e+00	5.595369e-04
1.802500001000000e+04	8.066269e+00	5.593830e-04
1.803000001000000e+04	8.066261e+00	5.592291e-04
1.803500001000000e+04	8.066253e+00	5.590753e-04
1.804000001000000e+04	8.066245e+00	5.589215e-04
1.804500001000000e+04	8.066236e+00	5.587679e-04
1.805000001000000e+04	8.066228e+00	5.586143e-04
1.805500001000000e+04	8.066220e+00	5.584609e-04
1.806000001000000e+04	8.066212e+00	5.583075e-04
1.806500001000000e+04	8.066204e+00	5.581542e-04
1.807000001000000e+04	8.066195e+00	5.580009e-04
1.807500001000000e+04	8.066187e+00	5.578478e-04
1.808000001000000e+04	8.066179e+00	5.576948e-04
1.808500001000000e+04	8.066171e+00	5.575418e-04
1.809000001000000e+04	8.066162e+00	5.573889e-04
1.809500001000000e+04	8.066154e+00	5.572361e-04
1.810000001000000e+04	8.066146e+00	5.570834e-04
1.810500001000000e+04	8.066138e+00	5.569308e-04
1.811000001000000e+04	8.066130e+00	5.567782e-04
1.811500001000000e+04	8.066122e+00	5.566258e-04
1.812000001000000e+04	8.066113e+00	5.564734e-04
1.812500001000000e+04	8.066105e+00	5.563211e-04
1.813000001000000e+04	8.066097e+00	5.561689e-04
1.813500001000000e+04	8.066089e+00	5.560167e-04
1.814000001000000e+04	8.066081e+00	5.558647e-04
1.814500001000000e+04	8.066072e+00	5.557128e-04
1.815000001000000e+04	8.066065e+00	5.555609e-04
1.815500001000000e+04	8.066056e+00	5.554091e-04
1.816000001000000e+04	8.066048e+00	5.552574e-04
1.816500001000000e+04	8.066040e+00	5.551057e-04
1.817000001000000e+04	8.066031e+00	5.549542e-04
1.817500001000000e+04	8.066024e+00	5.548028e-04
1.818000001000000e+04	8.066015e+00	5.546514e-04
1.818500001000000e+04	8.066008e+00	5.545001e-04
1.819000001000000e+04	8.065999e+00	5.543489e-04
1.819500001000000e+04	8.065990e+00	5.541977e-04
1.820000001000000e+04	8.065983e+00	5.540467e-04
1.820500001000000e+04	8.065974e+00	5.538957e-04
1.821000001000000e+04	8.065967e+00	5.537448e-04
1.821500001000000e+04	8.065958e+00	5.535940e-04
1.822000001000000e+04	8.065950e+00	5.534433e-04
1.822500001000000e+04	8.065942e+00	5.532926e-04
1.823000001000000e+04	8.065934e+00	5.531421e-04
1.823500001000000e+04	8.065926e+00	5.529916e-04
1.824000001000000e+04	8.065918e+00	5.528412e-04
1.824500001000000e+04	8.065909e+00	5.526909e-04
1.825000001000000e+04	8.065902e+00	5.525407e-04
1.825500001000000e+04	8.065893e+00	5.523905e-04
1.826000001000000e+04	8.065886e+00	5.522405e-04
1.826500001000000e+04	8.065877e+00	5.520905e-04
1.827000001000000e+04	8.065869e+00	5.519406e-04
1.827500001000000e+04	8.065861e+00	5.517908e-04
1.828000001000000e+04	8.065853e+00	5.516410e-04
1.828500001000000e+04	8.065845e+00	5.514914e-04
1.829000001000000e+04	8.065837e+00	5.513418e-04
1.829500001000000e+04	8.065828e+00	5.511923e-04
1.830000001000000e+04	8.065821e+00	5.510429e-04
1.830500001000000e+04	8.065812e+00	5.508935e-04
1.831000001000000e+04	8.065804e+00	5.507443e-04
1.831500001000000e+04	8.065796e+00	5.505951e-04
1.832000001000000e+04	8.065788e+00	5.504460e-04
1.832500001000000e+04	8.065780e+00	5.502970e-04
1.833000001000000e+04	8.065772e+00	5.501481e-04
1.833500001000000e+04	8.065763e+00	5.499992e-04
1.834000001000000e+04	8.065756e+00	5.498505e-04
1.834500001000000e+04	8.065747e+00	5.497018e-04
1.835000001000000e+04	8.065740e+00	5.495532e-04
1.835500001000000e+04	8.065731e+00	5.494047e-04
1.836000001000000e+04	8.065723e+00	5.492562e-04
1.836500001000000e+04	8.065715e+00	5.491078e-04
1.837000001000000e+04	8.065707e+00	5.489596e-04
1.837500001000000e+04	8.065699e+00	5.488114e-04
1.838000001000000e+04	8.065691e+00	5.486633e-04
1.838500001000000e+04	8.065682e+00	5.485152e-04
1.839000001000000e+04	8.065675e+00	5.483673e-04
1.839500001000000e+04	8.065667e+00	5.482194e-04
1.840000001000000e+04	8.065659e+00	5.480716e-04
1.840500001000000e+04	8.065651e+00	5.479238e-04
1.841000001000000e+04	8.065642e+00	5.477762e-04
1.841500001000000e+04	8.065635e+00	5.476286e-04
1.842000001000000e+04	8.065626e+00	5.474811e-04
1.842500001000000e+04	8.065619e+00	5.473337e-04
1.843000001000000e+04	8.065610e+00	5.471864e-04
1.843500001000000e+04	8.065602e+00	5.470391e-04
1.844000001000000e+04	8.065595e+00	5.468920e-04
1.844500001000000e+04	8.065586e+00	5.467449e-04
1.845000001000000e+04	8.065578e+00	5.465979e-04
1.845500001000000e+04	8.065570e+00	5.464510e-04
1.846000001000000e+04	8.065562e+00	5.463041e-04
1.846500001000000e+04	8.065554e+00	5.461574e-04
1.847000001000000e+04	8.065546e+00	5.460107e-04
1.847500001000000e+04	8.065538e+00	5.458641e-04
1.848000001000000e+04	8.065530e+00	5.457175e-04
1.848500001000000e+04	8.065522e+00	5.455710e-04
1.849000001000000e+04	8.065514e+00	5.454246e-04
1.849500001000000e+04	8.065506e+00	5.452784e-04
1.850000001000000e+04	8.065497e+00	5.451321e-04
1.850500001000000e+04	8.065490e+00	5.449860e-04
1.851000001000000e+04	8.065482e+00	5.448399e-04
1.851500001000000e+04	8.065474e+00	5.446940e-04
1.852000001000000e+04	8.065466e+00	5.445480e-04
1.852500001000000e+04	8.065457e+00	5.444022e-04
1.853000001000000e+04	8.065450e+00	5.442565e-04
1.853500001000000e+04	8.065442e+00	5.441108e-04
1.854000001000000e+04	8.065434e+00	5.439652e-04
1.854500001000000e+04	8.065426e+00	5.438197e-04
1.855000001000000e+04	8.065418e+00	5.436742e-04
1.855500001000000e+04	8.065410e+00	5.435289e-04
1.856000001000000e+04	8.065402e+00	5.433836e-04
1.856500001000000e+04	8.065393e+00	5.432384e-04
1.857000001000000e+04	8.065386e+00	5.430933e-04
1.857500001000000e+04	8.065378e+00	5.429482e-04
1.858000001000000e+04	8.065370e+00	5.428033e-04
1.858500001000000e+04	8.065362e+00	5.426584e-04
1.859000001000000e+04	8.065354e+00	5.425136e-04
1.859500001000000e+04	8.065346e+00	5.423688e-04
1.860000001000000e+04	8.065338e+00	5.422242e-04
1.860500001000000e+04	8.065330e+00	5.420796e-04
1.861000001000000e+04	8.065322e+00	5.419350e-04
1.861500001000000e+04	8.065314e+00	5.417906e-04
1.862000001000000e+04	8.065306e+00	5.416463e-04
1.862500001000000e+04	8.065298e+00	5.415020e-04
1.863000001000000e+04	8.065290e+00	5.413578e-04
1.863500001000000e+04	8.065282e+00	5.412137e-04
1.864000001000000e+04	8.065274e+00	5.410696e-04
1.864500001000000e+04	8.065267e+00	5.409257e-04
1.865000001000000e+04	8.065258e+00	5.407818e-04
1.865500001000000e+04	8.065250e+00	5.406379e-04
1.866000001000000e+04	8.065243e+00	5.404942e-04
1.866500001000000e+04	8.065234e+00	5.403506e-04
1.867000001000000e+04	8.065227e+00	5.402070e-04
1.867500001000000e+04	8.065219e+00	5.400634e-04
1.868000001000000e+04	8.065210e+00	5.399200e-04
1.868500001000000e+04	8.065203e+00	5.397766e-04
1.869000001000000e+04	8.065195e+00	5.396334e-04
1.869500001000000e+04	8.065187e+00	5.394901e-04
1.870000001000000e+04	8.065179e+00	5.393470e-04
1.870500001000000e+04	8.065171e+00	5.392040e-04
1.871000001000000e+04	8.065163e+00	5.390610e-04
1.871500001000000e+04	8.065155e+00	5.389181e-04
1.872000001000000e+04	8.065147e+00	5.387753e-04
1.872500001000000e+04	8.065140e+00	5.386325e-04
1.873000001000000e+04	8.065131e+00	5.384898e-04
1.873500001000000e+04	8.065124e+00	5.383472e-04
1.874000001000000e+04	8.065116e+00	5.382047e-04
1.874500001000000e+04	8.065107e+00	5.380623e-04
1.875000001000000e+04	8.065100e+00	5.379199e-04
1.875500001000000e+04	8.065092e+00	5.377776e-04
1.876000001000000e+04	8.065084e+00	5.376354e-04
1.876500001000000e+04	8.065076e+00	5.374933e-04
1.877000001000000e+04	8.065068e+00	5.373512e-04
1.877500001000000e+04	8.065061e+00	5.372092e-04
1.878000001000000e+04	8.065052e+00	5.370673e-04
1.878500001000000e+04	8.065044e+00	5.369255e-04
1.879000001000000e+04	8.065037e+00	5.367837e-04
1.879500001000000e+04	8.065028e+00	5.366420e-04
1.880000001000000e+04	8.065021e+00	5.365004e-04
1.880500001000000e+04	8.065013e+00	5.363588e-04
1.881000001000000e+04	8.065005e+00	5.362174e-04
1.881500001000000e+04	8.064997e+00	5.360759e-04
1.882000001000000e+04	8.064989e+00	5.359346e-04
1.882500001000000e+04	8.064981e+00	5.357934e-04
1.883000001000000e+04	8.064974e+00	5.356522e-04
1.883500001000000e+04	8.064965e+00	5.355111e-04
1.884000001000000e+04	8.064958e+00	5.353701e-04
1.884500001000000e+04	8.064950e+00	5.352291e-04
1.885000001000000e+04	8.064942e+00	5.350882e-04
1.885500001000000e+04	8.064934e+00	5.349474e-04
1.886000001000000e+04	8.064926e+00	5.348067e-04
1.886500001000000e+04	8.064919e+00	5.346661e-04
1.887000001000000e+04	8.064911e+00	5.345255e-04
1.887500001000000e+04	8.064902e+00	5.343850e-04
1.888000001000000e+04	8.064895e+00	5.342446e-04
1.888500001000000e+04	8.064887e+00	5.341042e-04
1.889000001000000e+04	8.064879e+00	5.339640e-04
1.889500001000000e+04	8.064871e+00	5.338237e-04
1.890000001000000e+04	8.064863e+00	5.336836e-04
1.890500001000000e+04	8.064856e+00	5.335435e-04
1.891000001000000e+04	8.064848e+00	5.334035e-04
1.891500001000000e+04	8.064840e+00	5.332636e-04
1.892000001000000e+04	8.064832e+00	5.331238e-04
1.892500001000000e+04	8.064824e+00	5.329840e-04
1.893000001000000e+04	8.064816e+00	5.328443e-04
1.893500001000000e+04	8.064809e+00	5.327047e-04
1.894000001000000e+04	8.064800e+00	5.325652e-04
1.894500001000000e+04	8.064793e+00	5.324257e-04
1.895000001000000e+04	8.064785e+00	5.322863e-04
1.895500001000000e+04	8.064777e+00	5.321470e-04
1.896000001000000e+04	8.064770e+00	5.320077e-04
1.896500001000000e+04	8.064761e+00	5.318685e-04
1.897000001000000e+04	8.064754e+00	5.317294e-04
1.897500001000000e+04	8.064746e+00	5.315904e-04
1.898000001000000e+04	8.064738e+00	5.314514e-04
1.898500001000000e+04	8.064731e+00	5.313125e-04
1.899000001000000e+04	8.064723e+00	5.311737e-04
1.899500001000000e+04	8.064714e+00	5.310350e-04
1.900000001000000e+04	8.064707e+00	5.308963e-04
1.900500001000000e+04	8.064699e+00	5.307577e-04
1.901000001000000e+04	8.064692e+00	5.306192e-04
1.901500001000000e+04	8.064684e+00	5.304807e-04
1.902000001000000e+04	8.064675e+00	5.303423e-04
1.902500001000000e+04	8.064668e+00	5.302040e-04
1.903000001000000e+04	8.064660e+00	5.300658e-04
1.903500001000000e+04	8.064652e+00	5.299276e-04
1.904000001000000e+04	8.064645e+00	5.297895e-04
1.904500001000000e+04	8.064637e+00	5.296515e-04
1.905000001000000e+04	8.064629e+00	5.295136e-04
1.905500001000000e+04	8.064621e+00	5.293757e-04
1.906000001000000e+04	8.064613e+00	5.292379e-04
1.906500001000000e+04	8.064606e+00	5.291001e-04
1.907000001000000e+04	8.064598e+00	5.289625e-04
1.907500001000000e+04	8.064590e+00	5.288249e-04
1.908000001000000e+04	8.064582e+00	5.286874e-04
1.908500001000000e+04	8.064574e+00	5.285500e-04
1.909000001000000e+04	8.064567e+00	5.284126e-04
1.909500001000000e+04	8.064559e+00	5.282753e-04
1.910000001000000e+04	8.064551e+00	5.281380e-04
1.910500001000000e+04	8.064544e+00	5.280009e-04
1.911000001000000e+04	8.064536e+00	5.278638e-04
1.911500001000000e+04	8.064528e+00	5.277268e-04
1.912000001000000e+04	8.064520e+00	5.275898e-04
1.912500001000000e+04	8.064512e+00	5.274529e-04
1.913000001000000e+04	8.064505e+00	5.273161e-04
1.913500001000000e+04	8.064497e+00	5.271794e-04
1.914000001000000e+04	8.064489e+00	5.270427e-04
1.914500001000000e+04	8.064482e+00	5.269062e-04
1.915000001000000e+04	8.064472e+00	5.267697e-04
1.915500001000000e+04	8.064465e+00	5.266332e-04
1.916000001000000e+04	8.064457e+00	5.264968e-04
1.916500001000000e+04	8.064449e+00	5.263606e-04
1.917000001000000e+04	8.064442e+00	5.262243e-04
1.917500001000000e+04	8.064433e+00	5.260882e-04
1.918000001000000e+04	8.064425e+00	5.259521e-04
1.918500001000000e+04	8.064418e+00	5.258161e-04
1.919000001000000e+04	8.064410e+00	5.256801e-04
1.919500001000000e+04	8.064403e+00	5.255442e-04
1.920000001000000e+04	8.064395e+00	5.254084e-04
1.920500001000000e+04	8.064387e+00	5.252726e-04
1.921000001000000e+04	8.064380e+00	5.251369e-04
1.921500001000000e+04	8.064372e+00	5.250014e-04
1.922000001000000e+04	8.064364e+00	5.248658e-04
1.922500001000000e+04	8.064356e+00	5.247304e-04
1.923000001000000e+04	8.064348e+00	5.245950e-04
1.923500001000000e+04	8.064341e+00	5.244596e-04
1.924000001000000e+04	8.064333e+00	5.243244e-04
1.924500001000000e+04	8.064325e+00	5.241892e-04
1.925000001000000e+04	8.064318e+00	5.240541e-04
1.925500001000000e+04	8.064310e+00	5.239191e-04
1.926000001000000e+04	8.064302e+00	5.237841e-04
1.926500001000000e+04	8.064295e+00	5.236492e-04
1.927000001000000e+04	8.064287e+00	5.235143e-04
1.927500001000000e+04	8.064280e+00	5.233795e-04
1.928000001000000e+04	8.064272e+00	5.232448e-04
1.928500001000000e+04	8.064263e+00	5.231102e-04
1.929000001000000e+04	8.064256e+00	5.229757e-04
1.929500001000000e+04	8.064248e+00	5.228412e-04
1.930000001000000e+04	8.064240e+00	5.227068e-04
1.930500001000000e+04	8.064233e+00	5.225724e-04
1.931000001000000e+04	8.064225e+00	5.224381e-04
1.931500001000000e+04	8.064218e+00	5.223039e-04
1.932000001000000e+04	8.064210e+00	5.221698e-04
1.932500001000000e+04	8.064202e+00	5.220357e-04
1.933000001000000e+04	8.064195e+00	5.219017e-04
1.933500001000000e+04	8.064187e+00	5.217678e-04
1.934000001000000e+04	8.064179e+00	5.216339e-04
1.934500001000000e+04	8.064172e+00	5.215001e-04
1.935000001000000e+04	8.064164e+00	5.213664e-04
1.935500001000000e+04	8.064157e+00	5.212327e-04
1.936000001000000e+04	8.064149e+00	5.210991e-04
1.936500001000000e+04	8.064141e+00	5.209656e-04
1.937000001000000e+04	8.064134e+00	5.208321e-04
1.937500001000000e+04	8.064126e+00	5.206987e-04
1.938000001000000e+04	8.064118e+00	5.205654e-04
1.938500001000000e+04	8.064111e+00	5.204322e-04
1.939000001000000e+04	8.064103e+00	5.202990e-04
1.939500001000000e+04	8.064095e+00	5.201659e-04
1.940000001000000e+04	8.064088e+00	5.200328e-04
1.940500001000000e+04	8.064080e+00	5.198998e-04
1.941000001000000e+04	8.064073e+00	5.197669e-04
1.941500001000000e+04	8.064064e+00	5.196341e-04
1.942000001000000e+04	8.064056e+00	5.195013e-04
1.942500001000000e+04	8.064049e+00	5.193686e-04
1.943000001000000e+04	8.064041e+00	5.192360e-04
1.943500001000000e+04	8.064034e+00	5.191034e-04
1.944000001000000e+04	8.064026e+00	5.189709e-04
1.944500001000000e+04	8.064018e+00	5.188385e-04
1.945000001000000e+04	8.064011e+00	5.187061e-04
1.945500001000000e+04	8.064003e+00	5.185738e-04
1.946000001000000e+04	8.063995e+00	5.184416e-04
1.946500001000000e+04	8.063988e+00	5.183094e-04
1.947000001000000e+04	8.063980e+00	5.181773e-04
1.947500001000000e+04	8.063973e+00	5.180453e-04
1.948000001000000e+04	8.063966e+00	5.179133e-04
1.948500001000000e+04	8.063958e+00	5.177814e-04
1.949000001000000e+04	8.063951e+00	5.176496e-04
1.949500001000000e+04	8.063943e+00	5.175179e-04
1.950000001000000e+04	8.063935e+00	5.173861e-04
1.950500001000000e+04	8.063928e+00	5.172545e-04
1.951000001000000e+04	8.063920e+00	5.171230e-04
1.951500001000000e+04	8.063912e+00	5.169915e-04
1.952000001000000e+04	8.063905e+00	5.168600e-04
1.952500001000000e+04	8.063897e+00	5.167287e-04
1.953000001000000e+04	8.063890e+00	5.165974e-04
1.953500001000000e+04	8.063882e+00	5.164662e-04
1.954000001000000e+04	8.063874e+00	5.163350e-04
1.954500001000000e+04	8.063867e+00	5.162039e-04
1.955000001000000e+04	8.063859e+00	5.160729e-04
1.955500001000000e+04	8.063851e+00	5.159419e-04
1.956000001000000e+04	8.063844e+00	5.158111e-04
1.956500001000000e+04	8.063836e+00	5.156802e-04
1.957000001000000e+04	8.063828e+00	5.155495e-04
1.957500001000000e+04	8.063821e+00	5.154188e-04
1.958000001000000e+04	8.063813e+00	5.152881e-04
1.958500001000000e+04	8.063806e+00	5.151576e-04
1.959000001000000e+04	8.063798e+00	5.150271e-04
1.959500001000000e+04	8.063790e+00	5.148967e-04
1.960000001000000e+04	8.063783e+00	5.147663e-04
1.960500001000000e+04	8.063776e+00	5.146360e-04
1.961000001000000e+04	8.063768e+00	5.145058e-04
1.961500001000000e+04	8.063761e+00	5.143756e-04
1.962000001000000e+04	8.063753e+00	5.142455e-04
1.962500001000000e+04	8.063745e+00	5.141155e-04
1.963000001000000e+04	8.063738e+00	5.139855e-04
1.963500001000000e+04	8.063730e+00	5.138557e-04
1.964000001000000e+04	8.063723e+00	5.137258e-04
1.964500001000000e+04	8.063715e+00	5.135961e-04
1.965000001000000e+04	8.063707e+00	5.134664e-04
1.965500001000000e+04	8.063700e+00	5.133367e-04
1.966000001000000e+04	8.063692e+00	5.132072e-04
1.966500001000000e+04	8.063684e+00	5.130777e-04
1.967000001000000e+04	8.063678e+00	5.129482e-04
1.967500001000000e+04	8.063670e+00	5.128188e-04
1.968000001000000e+04	8.063663e+00	5.126895e-04
1.968500001000000e+04	8.063655e+00	5.125602e-04
1.969000001000000e+04	8.063647e+00	5.124311e-04
1.969500001000000e+04	8.063640e+00	5.123020e-04
1.970000001000000e+04	8.063632e+00	5.121729e-04
1.970500001000000e+04	8.063624e+00	5.120439e-04
1.971000001000000e+04	8.063617e+00	5.119150e-04
1.971500001000000e+04	8.063609e+00	5.117862e-04
1.972000001000000e+04	8.063602e+00	5.116574e-04
1.972500001000000e+04	8.063595e+00	5.115287e-04
1.973000001000000e+04	8.063587e+00	5.114000e-04
1.973500001000000e+04	8.063580e+00	5.112714e-04
1.974000001000000e+04	8.063572e+00	5.111429e-04
1.974500001000000e+04	8.063564e+00	5.110144e-04
1.975000001000000e+04	8.063557e+00	5.108860e-04
1.975500001000000e+04	8.063549e+00	5.107577e-04
1.976000001000000e+04	8.063542e+00	5.106294e-04
1.976500001000000e+04	8.063535e+00	5.105012e-04
1.977000001000000e+04	8.063527e+00	5.103731e-04
1.977500001000000e+04	8.063519e+00	5.102450e-04
1.978000001000000e+04	8.063512e+00	5.101170e-04
1.978500001000000e+04	8.063504e+00	5.099890e-04
1.979000001000000e+04	8.063497e+00	5.098612e-04
1.979500001000000e+04	8.063490e+00	5.097333e-04
1.980000001000000e+04	8.063482e+00	5.096056e-04
1.980500001000000e+04	8.063475e+00	5.094779e-04
1.981000001000000e+04	8.063467e+00	5.093503e-04
1.981500001000000e+04	8.063459e+00	5.092227e-04
1.982000001000000e+04	8.063452e+00	5.090952e-04
1.982500001000000e+04	8.063444e+00	5.089677e-04
1.983000001000000e+04	8.063437e+00	5.088404e-04
1.983500001000000e+04	8.063430e+00	5.087131e-04
1.984000001000000e+04	8.063422e+00	5.085858e-04
1.984500001000000e+04	8.063415e+00	5.084586e-04
1.985000001000000e+04	8.063407e+00	5.083315e-04
1.985500001000000e+04	8.063399e+00	5.082045e-04
1.986000001000000e+04	8.063393e+00	5.080775e-04
1.986500001000000e+04	8.063385e+00	5.079505e-04
1.987000001000000e+04	8.063377e+00	5.078237e-04
1.987500001000000e+04	8.063370e+00	5.076969e-04
1.988000001000000e+04	8.063362e+00	5.075702e-04
1.988500001000000e+04	8.063354e+00	5.074435e-04
1.989000001000000e+04	8.063348e+00	5.073169e-04
1.989500001000000e+04	8.063340e+00	5.071904e-04
1.990000001000000e+04	8.063333e+00	5.070639e-04
1.990500001000000e+04	8.063325e+00	5.069374e-04
1.990900000000000e+04	8.063319e+00	5.068363e-04
