time	I(D1)
Step Information: F=10  (Step: 1/10)
0.000000000000000e+00	-1.250100e-07
9.999999717180685e-10	1.806811e-02
1.496823491380218e-09	1.720079e-02
2.490470530704517e-09	1.563375e-02
4.477764609353116e-09	1.313870e-02
4.974588129015266e-09	1.266596e-02
5.968235168339565e-09	1.177212e-02
7.955529246988164e-09	1.037079e-02
8.113132730558926e-09	1.028927e-02
8.428339697700450e-09	1.011701e-02
9.058753631983497e-09	9.893188e-03
1.031958150054959e-08	9.806104e-03
1.264838635421089e-08	9.748770e-03
1.730599606153349e-08	9.871548e-03
2.662121547617869e-08	9.696737e-03
4.525165430546908e-08	9.639145e-03
8.251253196404987e-08	9.596174e-03
1.570342872812115e-07	9.558857e-03
3.060777979155346e-07	9.523708e-03
6.041648191841810e-07	9.490753e-03
1.200338861721474e-06	9.461096e-03
2.187798916071732e-06	9.648834e-03
3.264273115805830e-06	9.438904e-03
4.889247490637228e-06	9.422128e-03
6.505908566793213e-06	9.502091e-03
8.611438176935373e-06	9.436895e-03
1.165362936526644e-05	9.424987e-03
1.604710052992883e-05	9.415966e-03
2.178542046640580e-05	9.415325e-03
3.326206033935972e-05	9.415329e-03
5.621534008526759e-05	9.415322e-03
1.021218995770833e-04	9.415320e-03
1.939350185607148e-04	9.415321e-03
3.775612565279777e-04	9.415320e-03
5.728737565279776e-04	9.415321e-03
7.681862565279776e-04	9.415320e-03
9.634987565279775e-04	9.415321e-03
1.158811256527978e-03	9.415320e-03
1.354123756527977e-03	9.415321e-03
1.549436256527977e-03	9.415320e-03
1.744748756527977e-03	9.415321e-03
1.940061256527977e-03	9.415320e-03
2.135373756527977e-03	9.415321e-03
2.330686256527977e-03	9.415320e-03
2.525998756527978e-03	9.415321e-03
2.721311256527978e-03	9.415320e-03
2.916623756527978e-03	9.415321e-03
3.111936256527978e-03	9.415320e-03
3.307248756527978e-03	9.415321e-03
3.502561256527979e-03	9.415320e-03
3.697873756527979e-03	9.415321e-03
3.893186256527979e-03	9.415320e-03
4.088498756527979e-03	9.415321e-03
4.283811256527979e-03	9.415320e-03
4.479123756527979e-03	9.415321e-03
4.674436256527979e-03	9.415320e-03
4.869748756527979e-03	9.415321e-03
5.065061256527979e-03	9.415320e-03
5.260373756527980e-03	9.415321e-03
5.455686256527980e-03	9.415320e-03
5.650998756527980e-03	9.415321e-03
5.846311256527980e-03	9.415320e-03
6.041623756527980e-03	9.415321e-03
6.236936256527980e-03	9.415320e-03
6.432248756527981e-03	9.415321e-03
6.627561256527981e-03	9.415320e-03
6.822873756527981e-03	9.415321e-03
7.018186256527981e-03	9.415320e-03
7.213498756527981e-03	9.415321e-03
7.408811256527982e-03	9.415320e-03
7.604123756527982e-03	9.415321e-03
7.799436256527982e-03	9.415320e-03
7.994748756527982e-03	9.415321e-03
8.190061256527981e-03	9.415320e-03
8.385373756527981e-03	9.415321e-03
8.580686256527980e-03	9.415320e-03
8.775998756527979e-03	9.415321e-03
8.971311256527979e-03	9.415320e-03
9.166623756527978e-03	9.415321e-03
9.361936256527977e-03	9.415320e-03
9.557248756527977e-03	9.415321e-03
9.752561256527976e-03	9.415320e-03
9.947873756527975e-03	9.415321e-03
1.014318625652797e-02	9.415320e-03
1.033849875652797e-02	9.415321e-03
1.053381125652797e-02	9.415320e-03
1.072912375652797e-02	9.415321e-03
1.092443625652797e-02	9.415320e-03
1.111974875652797e-02	9.415321e-03
1.131506125652797e-02	9.415320e-03
1.151037375652797e-02	9.415321e-03
1.170568625652797e-02	9.415320e-03
1.190099875652797e-02	9.415321e-03
1.209631125652797e-02	9.415321e-03
1.229162375652797e-02	9.415321e-03
1.248693625652797e-02	9.415321e-03
1.268224875652797e-02	9.415321e-03
1.287756125652796e-02	9.415321e-03
1.307287375652796e-02	9.415321e-03
1.326818625652796e-02	9.415321e-03
1.346349875652796e-02	9.415321e-03
1.365881125652796e-02	9.415321e-03
1.385412375652796e-02	9.415321e-03
1.404943625652796e-02	9.415321e-03
1.424474875652796e-02	9.415321e-03
1.444006125652796e-02	9.415321e-03
1.463537375652796e-02	9.415321e-03
1.483068625652796e-02	9.415321e-03
1.502599875652796e-02	9.415321e-03
1.522131125652796e-02	9.415321e-03
1.541662375652796e-02	9.415321e-03
1.561193625652795e-02	9.415321e-03
1.580724875652795e-02	9.415321e-03
1.600256125652795e-02	9.415321e-03
1.619787375652795e-02	9.415321e-03
1.639318625652795e-02	9.415321e-03
1.658849875652795e-02	9.415321e-03
1.678381125652795e-02	9.415321e-03
1.697912375652795e-02	9.415321e-03
1.717443625652795e-02	9.415321e-03
1.736974875652795e-02	9.415321e-03
1.756506125652795e-02	9.415321e-03
1.776037375652795e-02	9.415321e-03
1.795568625652795e-02	9.415321e-03
1.815099875652795e-02	9.415321e-03
1.834631125652795e-02	9.415321e-03
1.854162375652794e-02	9.415321e-03
1.873693625652794e-02	9.415321e-03
1.893224875652794e-02	9.415321e-03
1.912756125652794e-02	9.415321e-03
1.932287375652794e-02	9.415321e-03
1.951818625652794e-02	9.415321e-03
1.971349875652794e-02	9.415321e-03
1.990881125652794e-02	9.415321e-03
2.010412375652794e-02	9.415321e-03
2.029943625652794e-02	9.415321e-03
2.049474875652794e-02	9.415321e-03
2.069006125652794e-02	9.415321e-03
2.088537375652794e-02	9.415321e-03
2.108068625652794e-02	9.415321e-03
2.127599875652793e-02	9.415321e-03
2.147131125652793e-02	9.415321e-03
2.166662375652793e-02	9.415321e-03
2.186193625652793e-02	9.415321e-03
2.205724875652793e-02	9.415321e-03
2.225256125652793e-02	9.415321e-03
2.244787375652793e-02	9.415321e-03
2.264318625652793e-02	9.415321e-03
2.283849875652793e-02	9.415321e-03
2.303381125652793e-02	9.415321e-03
2.322912375652793e-02	9.415321e-03
2.342443625652793e-02	9.415321e-03
2.361974875652793e-02	9.415321e-03
2.381506125652793e-02	9.415321e-03
2.401037375652793e-02	9.415321e-03
2.420568625652792e-02	9.415321e-03
2.440099875652792e-02	9.415321e-03
2.459631125652792e-02	9.415321e-03
2.479162375652792e-02	9.415321e-03
2.498693625652792e-02	9.415321e-03
2.518224875652792e-02	9.415321e-03
2.537756125652792e-02	9.415321e-03
2.557287375652792e-02	9.415321e-03
2.576818625652792e-02	9.415321e-03
2.596349875652792e-02	9.415321e-03
2.615881125652792e-02	9.415321e-03
2.635412375652792e-02	9.415321e-03
2.654943625652792e-02	9.415321e-03
2.674474875652792e-02	9.415321e-03
2.694006125652791e-02	9.415321e-03
2.713537375652791e-02	9.415321e-03
2.733068625652791e-02	9.415321e-03
2.752599875652791e-02	9.415321e-03
2.772131125652791e-02	9.415321e-03
2.791662375652791e-02	9.415321e-03
2.811193625652791e-02	9.415321e-03
2.830724875652791e-02	9.415321e-03
2.850256125652791e-02	9.415321e-03
2.869787375652791e-02	9.415321e-03
2.889318625652791e-02	9.415321e-03
2.908849875652791e-02	9.415321e-03
2.928381125652791e-02	9.415321e-03
2.947912375652791e-02	9.415321e-03
2.967443625652791e-02	9.415321e-03
2.986974875652790e-02	9.415321e-03
3.006506125652790e-02	9.415321e-03
3.026037375652790e-02	9.415321e-03
3.045568625652790e-02	9.415321e-03
3.065099875652790e-02	9.415321e-03
3.084631125652790e-02	9.415321e-03
3.104162375652790e-02	9.415321e-03
3.123693625652790e-02	9.415321e-03
3.143224875652790e-02	9.415321e-03
3.162756125652790e-02	9.415321e-03
3.182287375652790e-02	9.415321e-03
3.201818625652791e-02	9.415321e-03
3.221349875652791e-02	9.415321e-03
3.240881125652791e-02	9.415321e-03
3.260412375652792e-02	9.415321e-03
3.279943625652792e-02	9.415321e-03
3.299474875652792e-02	9.415321e-03
3.319006125652792e-02	9.415321e-03
3.338537375652793e-02	9.415321e-03
3.358068625652793e-02	9.415321e-03
3.377599875652793e-02	9.415321e-03
3.397131125652793e-02	9.415321e-03
3.416662375652794e-02	9.415321e-03
3.436193625652794e-02	9.415321e-03
3.455724875652794e-02	9.415321e-03
3.475256125652795e-02	9.415321e-03
3.494787375652795e-02	9.415321e-03
3.514318625652795e-02	9.415321e-03
3.533849875652795e-02	9.415321e-03
3.553381125652796e-02	9.415321e-03
3.572912375652796e-02	9.415321e-03
3.592443625652796e-02	9.415321e-03
3.611974875652797e-02	9.415321e-03
3.631506125652797e-02	9.415321e-03
3.651037375652797e-02	9.415321e-03
3.670568625652797e-02	9.415321e-03
3.690099875652798e-02	9.415321e-03
3.709631125652798e-02	9.415321e-03
3.729162375652798e-02	9.415321e-03
3.748693625652798e-02	9.415321e-03
3.768224875652799e-02	9.415321e-03
3.787756125652799e-02	9.415321e-03
3.807287375652799e-02	9.415321e-03
3.826818625652800e-02	9.415321e-03
3.846349875652800e-02	9.415321e-03
3.865881125652800e-02	9.415321e-03
3.885412375652800e-02	9.415321e-03
3.904943625652801e-02	9.415321e-03
3.924474875652801e-02	9.415321e-03
3.944006125652801e-02	9.415321e-03
3.963537375652802e-02	9.415321e-03
3.983068625652802e-02	9.415321e-03
4.002599875652802e-02	9.415321e-03
4.022131125652802e-02	9.415321e-03
4.041662375652803e-02	9.415321e-03
4.061193625652803e-02	9.415321e-03
4.080724875652803e-02	9.415321e-03
4.100256125652803e-02	9.415321e-03
4.119787375652804e-02	9.415321e-03
4.139318625652804e-02	9.415321e-03
4.158849875652804e-02	9.415321e-03
4.178381125652805e-02	9.415321e-03
4.197912375652805e-02	9.415321e-03
4.217443625652805e-02	9.415321e-03
4.236974875652805e-02	9.415321e-03
4.256506125652806e-02	9.415321e-03
4.276037375652806e-02	9.415321e-03
4.295568625652806e-02	9.415321e-03
4.315099875652807e-02	9.415321e-03
4.334631125652807e-02	9.415321e-03
4.354162375652807e-02	9.415321e-03
4.373693625652807e-02	9.415321e-03
4.393224875652808e-02	9.415321e-03
4.412756125652808e-02	9.415321e-03
4.432287375652808e-02	9.415321e-03
4.451818625652808e-02	9.415321e-03
4.471349875652809e-02	9.415321e-03
4.490881125652809e-02	9.415321e-03
4.510412375652809e-02	9.415321e-03
4.529943625652810e-02	9.415321e-03
4.549474875652810e-02	9.415321e-03
4.569006125652810e-02	9.415321e-03
4.588537375652810e-02	9.415321e-03
4.608068625652811e-02	9.415321e-03
4.627599875652811e-02	9.415321e-03
4.647131125652811e-02	9.415321e-03
4.666662375652812e-02	9.415321e-03
4.686193625652812e-02	9.415321e-03
4.705724875652812e-02	9.415321e-03
4.725256125652812e-02	9.415321e-03
4.744787375652813e-02	9.415321e-03
4.764318625652813e-02	9.415321e-03
4.783849875652813e-02	9.415321e-03
4.803381125652813e-02	9.415321e-03
4.822912375652814e-02	9.415321e-03
4.842443625652814e-02	9.415321e-03
4.861974875652814e-02	9.415321e-03
4.881506125652815e-02	9.415321e-03
4.901037375652815e-02	9.415321e-03
4.920568625652815e-02	9.415321e-03
4.940099875652815e-02	9.415321e-03
4.959631125652816e-02	9.415321e-03
4.979162375652816e-02	9.415321e-03
4.998693625652816e-02	9.415321e-03
5.000000100000000e-02	9.415321e-03
5.000000200000000e-02	-1.057934e-02
5.000001799999999e-02	-1.049859e-02
5.000004999999998e-02	-1.058184e-02
5.000008408269288e-02	-1.057968e-02
5.000015224807869e-02	-1.057457e-02
5.000028857885030e-02	-1.055434e-02
5.000056124039354e-02	-1.040623e-02
5.000110656348001e-02	-1.046283e-02
5.000140620064394e-02	-2.028919e-03
5.000148401564825e-02	1.253425e-03
5.000152409758916e-02	-4.787350e-04
5.000155171641744e-02	9.780554e-05
5.000157877624219e-02	-1.953321e-05
5.000160693240983e-02	4.076819e-06
5.000164777655447e-02	-1.743414e-06
5.000172946484376e-02	9.056069e-07
5.000189284142233e-02	-9.497963e-07
5.000221959457947e-02	6.130565e-07
5.000287310089375e-02	-8.232302e-07
5.000418011352233e-02	5.541044e-07
5.000679413877946e-02	-7.947690e-07
5.001202218929374e-02	5.401198e-07
5.002247829032228e-02	-7.878372e-07
5.004339049237937e-02	5.366689e-07
5.008521489649356e-02	-7.861155e-07
5.016886370472193e-02	5.358090e-07
5.033616132117869e-02	-7.856858e-07
5.053147382117869e-02	5.355431e-07
5.072678632117869e-02	-7.854405e-07
5.092209882117869e-02	5.352979e-07
5.111741132117870e-02	-7.851953e-07
5.131272382117870e-02	5.350528e-07
5.150803632117870e-02	-7.849503e-07
5.170334882117870e-02	5.348077e-07
5.189866132117871e-02	-7.847053e-07
5.209397382117871e-02	5.345628e-07
5.228928632117871e-02	-7.844603e-07
5.248459882117872e-02	5.343179e-07
5.267991132117872e-02	-7.842155e-07
5.287522382117872e-02	5.340731e-07
5.307053632117872e-02	-7.839708e-07
5.326584882117873e-02	5.338285e-07
5.346116132117873e-02	-7.837262e-07
5.365647382117873e-02	5.335839e-07
5.385178632117874e-02	-7.834817e-07
5.404709882117874e-02	5.333394e-07
5.424241132117874e-02	-7.832372e-07
5.443772382117874e-02	5.330950e-07
5.463303632117875e-02	-7.829928e-07
5.482834882117875e-02	5.328507e-07
5.502366132117875e-02	-7.827485e-07
5.521897382117875e-02	5.326065e-07
5.541428632117876e-02	-7.825044e-07
5.560959882117876e-02	5.323623e-07
5.580491132117876e-02	-7.822603e-07
5.600022382117877e-02	5.321183e-07
5.619553632117877e-02	-7.820163e-07
5.639084882117877e-02	5.318743e-07
5.658616132117877e-02	-7.817724e-07
5.678147382117878e-02	5.316305e-07
5.697678632117878e-02	-7.815286e-07
5.717209882117878e-02	5.313867e-07
5.736741132117879e-02	-7.812849e-07
5.756272382117879e-02	5.311430e-07
5.775803632117879e-02	-7.810412e-07
5.795334882117879e-02	5.308995e-07
5.814866132117880e-02	-7.807977e-07
5.834397382117880e-02	5.306559e-07
5.853928632117880e-02	-7.805542e-07
5.873459882117880e-02	5.304125e-07
5.892991132117881e-02	-7.803109e-07
5.912522382117881e-02	5.301692e-07
5.932053632117881e-02	-7.800676e-07
5.951584882117882e-02	5.299260e-07
5.971116132117882e-02	-7.798244e-07
5.990647382117882e-02	5.296828e-07
6.010178632117882e-02	-7.795813e-07
6.029709882117883e-02	5.294398e-07
6.049241132117883e-02	-7.793383e-07
6.068772382117883e-02	5.291968e-07
6.088303632117884e-02	-7.790954e-07
6.107834882117884e-02	5.289540e-07
6.127366132117884e-02	-7.788526e-07
6.146897382117884e-02	5.287112e-07
6.166428632117885e-02	-7.786098e-07
6.185959882117885e-02	5.284685e-07
6.205491132117885e-02	-7.783672e-07
6.225022382117885e-02	5.282259e-07
6.244553632117886e-02	-7.781247e-07
6.264084882117886e-02	5.279834e-07
6.283616132117886e-02	-7.778822e-07
6.303147382117887e-02	5.277410e-07
6.322678632117887e-02	-7.776399e-07
6.342209882117887e-02	5.274987e-07
6.361741132117887e-02	-7.773975e-07
6.381272382117888e-02	5.272564e-07
6.400803632117888e-02	-7.771554e-07
6.420334882117888e-02	5.270143e-07
6.439866132117888e-02	-7.769133e-07
6.459397382117889e-02	5.267722e-07
6.478928632117889e-02	-7.766712e-07
6.498459882117889e-02	5.265303e-07
6.517991132117890e-02	-7.764293e-07
6.537522382117890e-02	5.262884e-07
6.557053632117890e-02	-7.761875e-07
6.576584882117890e-02	5.260466e-07
6.596116132117891e-02	-7.759458e-07
6.615647382117891e-02	5.258049e-07
6.635178632117891e-02	-7.757041e-07
6.654709882117892e-02	5.255633e-07
6.674241132117892e-02	-7.754625e-07
6.693772382117892e-02	5.253218e-07
6.713303632117892e-02	-7.752211e-07
6.732834882117893e-02	5.250804e-07
6.752366132117893e-02	-7.749797e-07
6.771897382117893e-02	5.248390e-07
6.791428632117893e-02	-7.747384e-07
6.810959882117894e-02	5.245978e-07
6.830491132117894e-02	-7.744972e-07
6.850022382117894e-02	5.243566e-07
6.869553632117895e-02	-7.742561e-07
6.889084882117895e-02	5.241155e-07
6.908616132117895e-02	-7.740151e-07
6.928147382117895e-02	5.238746e-07
6.947678632117896e-02	-7.737741e-07
6.967209882117896e-02	5.236337e-07
6.986741132117896e-02	-7.735333e-07
7.006272382117897e-02	5.233929e-07
7.025803632117897e-02	-7.732925e-07
7.045334882117897e-02	5.231522e-07
7.064866132117897e-02	-7.730519e-07
7.084397382117898e-02	5.229115e-07
7.103928632117898e-02	-7.728113e-07
7.123459882117898e-02	5.226710e-07
7.142991132117898e-02	-7.725708e-07
7.162522382117899e-02	5.224306e-07
7.182053632117899e-02	-7.723304e-07
7.201584882117899e-02	5.221902e-07
7.221116132117900e-02	-7.720901e-07
7.240647382117900e-02	5.219500e-07
7.260178632117900e-02	-7.718498e-07
7.279709882117900e-02	5.217098e-07
7.299241132117901e-02	-7.716097e-07
7.318772382117901e-02	5.214697e-07
7.338303632117901e-02	-7.713697e-07
7.357834882117902e-02	5.212297e-07
7.377366132117902e-02	-7.711297e-07
7.396897382117902e-02	5.209898e-07
7.416428632117902e-02	-7.708899e-07
7.435959882117903e-02	5.207499e-07
7.455491132117903e-02	-7.706501e-07
7.475022382117903e-02	5.205102e-07
7.494553632117903e-02	-7.704104e-07
7.514084882117904e-02	5.202706e-07
7.533616132117904e-02	-7.701708e-07
7.553147382117904e-02	5.200311e-07
7.572678632117905e-02	-7.699313e-07
7.592209882117905e-02	5.197916e-07
7.611741132117905e-02	-7.696919e-07
7.631272382117905e-02	5.195522e-07
7.650803632117906e-02	-7.694526e-07
7.670334882117906e-02	5.193129e-07
7.689866132117906e-02	-7.692133e-07
7.709397382117907e-02	5.190738e-07
7.728928632117907e-02	-7.689742e-07
7.748459882117907e-02	5.188346e-07
7.767991132117907e-02	-7.687351e-07
7.787522382117908e-02	5.185956e-07
7.807053632117908e-02	-7.684961e-07
7.826584882117908e-02	5.183567e-07
7.846116132117908e-02	-7.682572e-07
7.865647382117909e-02	5.181178e-07
7.885178632117909e-02	-7.680184e-07
7.904709882117909e-02	5.178791e-07
7.924241132117910e-02	-7.677797e-07
7.943772382117910e-02	5.176404e-07
7.963303632117910e-02	-7.675411e-07
7.982834882117910e-02	5.174018e-07
8.002366132117911e-02	-7.673026e-07
8.021897382117911e-02	5.171634e-07
8.041428632117911e-02	-7.670641e-07
8.060959882117912e-02	5.169250e-07
8.080491132117912e-02	-7.668258e-07
8.100022382117912e-02	5.166866e-07
8.119553632117912e-02	-7.665875e-07
8.139084882117913e-02	5.164484e-07
8.158616132117913e-02	-7.663493e-07
8.178147382117913e-02	5.162103e-07
8.197678632117913e-02	-7.661113e-07
8.217209882117914e-02	5.159723e-07
8.236741132117914e-02	-7.658733e-07
8.256272382117914e-02	5.157343e-07
8.275803632117915e-02	-7.656353e-07
8.295334882117915e-02	5.154964e-07
8.314866132117915e-02	-7.653975e-07
8.334397382117915e-02	5.152586e-07
8.353928632117916e-02	-7.651598e-07
8.373459882117916e-02	5.150209e-07
8.392991132117916e-02	-7.649221e-07
8.412522382117917e-02	5.147833e-07
8.432053632117917e-02	-7.646846e-07
8.451584882117917e-02	5.145458e-07
8.471116132117917e-02	-7.644471e-07
8.490647382117918e-02	5.143084e-07
8.510178632117918e-02	-7.642097e-07
8.529709882117918e-02	5.140711e-07
8.549241132117918e-02	-7.639724e-07
8.568772382117919e-02	5.138338e-07
8.588303632117919e-02	-7.637352e-07
8.607834882117919e-02	5.135967e-07
8.627366132117920e-02	-7.634981e-07
8.646897382117920e-02	5.133596e-07
8.666428632117920e-02	-7.632611e-07
8.685959882117920e-02	5.131226e-07
8.705491132117921e-02	-7.630241e-07
8.725022382117921e-02	5.128857e-07
8.744553632117921e-02	-7.627873e-07
8.764084882117922e-02	5.126489e-07
8.783616132117922e-02	-7.625505e-07
8.803147382117922e-02	5.124122e-07
8.822678632117922e-02	-7.623138e-07
8.842209882117923e-02	5.121755e-07
8.861741132117923e-02	-7.620772e-07
8.881272382117923e-02	5.119390e-07
8.900803632117923e-02	-7.618407e-07
8.920334882117924e-02	5.117025e-07
8.939866132117924e-02	-7.616043e-07
8.959397382117924e-02	5.114662e-07
8.978928632117925e-02	-7.613680e-07
8.998459882117925e-02	5.112299e-07
9.017991132117925e-02	-7.611317e-07
9.037522382117925e-02	5.109937e-07
9.057053632117926e-02	-7.608956e-07
9.076584882117926e-02	5.107576e-07
9.096116132117926e-02	-7.606595e-07
9.115647382117927e-02	5.105215e-07
9.135178632117927e-02	-7.604236e-07
9.154709882117927e-02	5.102856e-07
9.174241132117927e-02	-7.601877e-07
9.193772382117928e-02	5.100497e-07
9.213303632117928e-02	-7.599519e-07
9.232834882117928e-02	5.098140e-07
9.252366132117928e-02	-7.597162e-07
9.271897382117929e-02	5.095783e-07
9.291428632117929e-02	-7.594805e-07
9.310959882117929e-02	5.093427e-07
9.330491132117930e-02	-7.592450e-07
9.350022382117930e-02	5.091072e-07
9.369553632117930e-02	-7.590095e-07
9.389084882117930e-02	5.088718e-07
9.408616132117931e-02	-7.587741e-07
9.428147382117931e-02	5.086365e-07
9.447678632117931e-02	-7.585389e-07
9.467209882117932e-02	5.084013e-07
9.486741132117932e-02	-7.583037e-07
9.506272382117932e-02	5.081661e-07
9.525803632117932e-02	-7.580686e-07
9.545334882117933e-02	5.079311e-07
9.564866132117933e-02	-7.578336e-07
9.584397382117933e-02	5.076961e-07
9.603928632117933e-02	-7.575987e-07
9.623459882117934e-02	5.074612e-07
9.642991132117934e-02	-7.573638e-07
9.662522382117934e-02	5.072264e-07
9.682053632117935e-02	-7.571290e-07
9.701584882117935e-02	5.069917e-07
9.721116132117935e-02	-7.568944e-07
9.740647382117935e-02	5.067571e-07
9.760178632117936e-02	-7.566598e-07
9.779709882117936e-02	5.065226e-07
9.799241132117936e-02	-7.564253e-07
9.818772382117937e-02	5.062881e-07
9.838303632117937e-02	-7.561909e-07
9.857834882117937e-02	5.060538e-07
9.877366132117937e-02	-7.559566e-07
9.896897382117938e-02	5.058195e-07
9.916428632117938e-02	-7.557224e-07
9.935959882117938e-02	5.055853e-07
9.955491132117938e-02	-7.554883e-07
9.975022382117939e-02	5.053512e-07
9.994553632117939e-02	-7.552542e-07
1.000000000000000e-01	5.048147e-07
1.000000010000000e-01	1.897076e-02
1.000000011043890e-01	1.877754e-02
1.000000013131669e-01	1.835400e-02
1.000000017307228e-01	1.758197e-02
1.000000025658347e-01	1.620080e-02
1.000000042360583e-01	1.391513e-02
1.000000046536142e-01	1.345871e-02
1.000000054887260e-01	1.259581e-02
1.000000071589497e-01	1.118498e-02
1.000000075765056e-01	1.091033e-02
1.000000084116174e-01	1.039083e-02
1.000000086203953e-01	1.025989e-02
1.000000090379512e-01	1.004152e-02
1.000000098730631e-01	9.851777e-03
1.000000115432867e-01	9.845953e-03
1.000000143948178e-01	9.741374e-03
1.000000200978801e-01	9.736241e-03
1.000000315040046e-01	9.667384e-03
1.000000543162537e-01	9.623288e-03
1.000000999407518e-01	9.584459e-03
1.000001911897481e-01	9.548194e-03
1.000003736877406e-01	9.513741e-03
1.000007386837257e-01	9.481637e-03
1.000014686756959e-01	9.453314e-03
1.000024797112872e-01	9.526616e-03
1.000036946465266e-01	9.430806e-03
1.000052367229093e-01	9.655353e-03
1.000069782388998e-01	9.485260e-03
1.000095556131934e-01	9.452197e-03
1.000128337131332e-01	9.418638e-03
1.000166918676485e-01	9.415362e-03
1.000244081766792e-01	9.415410e-03
1.000398407947407e-01	9.415321e-03
1.000707060308635e-01	9.415323e-03
1.001324365031093e-01	9.415319e-03
1.002558974476007e-01	9.415322e-03
1.004512099476007e-01	9.415319e-03
1.006465224476007e-01	9.415322e-03
1.008418349476007e-01	9.415319e-03
1.010371474476007e-01	9.415322e-03
1.012324599476007e-01	9.415319e-03
1.014277724476007e-01	9.415322e-03
1.016230849476007e-01	9.415319e-03
1.018183974476007e-01	9.415322e-03
1.020137099476007e-01	9.415320e-03
1.022090224476007e-01	9.415322e-03
1.024043349476007e-01	9.415320e-03
1.025996474476007e-01	9.415322e-03
1.027949599476007e-01	9.415320e-03
1.029902724476007e-01	9.415321e-03
1.031855849476007e-01	9.415320e-03
1.033808974476007e-01	9.415321e-03
1.035762099476007e-01	9.415320e-03
1.037715224476007e-01	9.415321e-03
1.039668349476007e-01	9.415320e-03
1.041621474476007e-01	9.415321e-03
1.043574599476007e-01	9.415320e-03
1.045527724476008e-01	9.415321e-03
1.047480849476008e-01	9.415320e-03
1.049433974476008e-01	9.415321e-03
1.051387099476008e-01	9.415320e-03
1.053340224476008e-01	9.415321e-03
1.055293349476008e-01	9.415320e-03
1.057246474476008e-01	9.415321e-03
1.059199599476008e-01	9.415320e-03
1.061152724476008e-01	9.415321e-03
1.063105849476008e-01	9.415320e-03
1.065058974476008e-01	9.415321e-03
1.067012099476008e-01	9.415320e-03
1.068965224476008e-01	9.415321e-03
1.070918349476008e-01	9.415320e-03
1.072871474476008e-01	9.415321e-03
1.074824599476008e-01	9.415320e-03
1.076777724476008e-01	9.415321e-03
1.078730849476008e-01	9.415320e-03
1.080683974476008e-01	9.415321e-03
1.082637099476008e-01	9.415320e-03
1.084590224476008e-01	9.415321e-03
1.086543349476008e-01	9.415320e-03
1.088496474476008e-01	9.415321e-03
1.090449599476008e-01	9.415320e-03
1.092402724476008e-01	9.415321e-03
1.094355849476008e-01	9.415320e-03
1.096308974476008e-01	9.415321e-03
1.098262099476008e-01	9.415320e-03
1.100215224476008e-01	9.415321e-03
1.102168349476008e-01	9.415320e-03
1.104121474476008e-01	9.415321e-03
1.106074599476008e-01	9.415320e-03
1.108027724476008e-01	9.415321e-03
1.109980849476008e-01	9.415320e-03
1.111933974476008e-01	9.415321e-03
1.113887099476008e-01	9.415320e-03
1.115840224476009e-01	9.415321e-03
1.117793349476009e-01	9.415320e-03
1.119746474476009e-01	9.415321e-03
1.121699599476009e-01	9.415320e-03
1.123652724476009e-01	9.415321e-03
1.125605849476009e-01	9.415320e-03
1.127558974476009e-01	9.415321e-03
1.129512099476009e-01	9.415320e-03
1.131465224476009e-01	9.415321e-03
1.133418349476009e-01	9.415320e-03
1.135371474476009e-01	9.415321e-03
1.137324599476009e-01	9.415320e-03
1.139277724476009e-01	9.415321e-03
1.141230849476009e-01	9.415320e-03
1.143183974476009e-01	9.415321e-03
1.145137099476009e-01	9.415320e-03
1.147090224476009e-01	9.415321e-03
1.149043349476009e-01	9.415320e-03
1.150996474476009e-01	9.415321e-03
1.152949599476009e-01	9.415321e-03
1.154902724476009e-01	9.415321e-03
1.156855849476009e-01	9.415321e-03
1.158808974476009e-01	9.415321e-03
1.160762099476009e-01	9.415321e-03
1.162715224476009e-01	9.415321e-03
1.164668349476009e-01	9.415321e-03
1.166621474476009e-01	9.415321e-03
1.168574599476009e-01	9.415321e-03
1.170527724476009e-01	9.415321e-03
1.172480849476009e-01	9.415321e-03
1.174433974476009e-01	9.415321e-03
1.176387099476009e-01	9.415321e-03
1.178340224476009e-01	9.415321e-03
1.180293349476009e-01	9.415321e-03
1.182246474476009e-01	9.415321e-03
1.184199599476009e-01	9.415321e-03
1.186152724476010e-01	9.415321e-03
1.188105849476010e-01	9.415321e-03
1.190058974476010e-01	9.415321e-03
1.192012099476010e-01	9.415321e-03
1.193965224476010e-01	9.415321e-03
1.195918349476010e-01	9.415321e-03
1.197871474476010e-01	9.415321e-03
1.199824599476010e-01	9.415321e-03
1.201777724476010e-01	9.415321e-03
1.203730849476010e-01	9.415321e-03
1.205683974476010e-01	9.415321e-03
1.207637099476010e-01	9.415321e-03
1.209590224476010e-01	9.415321e-03
1.211543349476010e-01	9.415321e-03
1.213496474476010e-01	9.415321e-03
1.215449599476010e-01	9.415321e-03
1.217402724476010e-01	9.415321e-03
1.219355849476010e-01	9.415321e-03
1.221308974476010e-01	9.415321e-03
1.223262099476010e-01	9.415321e-03
1.225215224476010e-01	9.415321e-03
1.227168349476010e-01	9.415321e-03
1.229121474476010e-01	9.415321e-03
1.231074599476010e-01	9.415321e-03
1.233027724476010e-01	9.415321e-03
1.234980849476010e-01	9.415321e-03
1.236933974476010e-01	9.415321e-03
1.238887099476010e-01	9.415321e-03
1.240840224476010e-01	9.415321e-03
1.242793349476010e-01	9.415321e-03
1.244746474476010e-01	9.415321e-03
1.246699599476010e-01	9.415321e-03
1.248652724476010e-01	9.415321e-03
1.250605849476010e-01	9.415321e-03
1.252558974476010e-01	9.415321e-03
1.254512099476010e-01	9.415321e-03
1.256465224476010e-01	9.415321e-03
1.258418349476010e-01	9.415321e-03
1.260371474476010e-01	9.415321e-03
1.262324599476010e-01	9.415321e-03
1.264277724476010e-01	9.415321e-03
1.266230849476009e-01	9.415321e-03
1.268183974476009e-01	9.415321e-03
1.270137099476009e-01	9.415321e-03
1.272090224476009e-01	9.415321e-03
1.274043349476009e-01	9.415321e-03
1.275996474476009e-01	9.415321e-03
1.277949599476009e-01	9.415321e-03
1.279902724476009e-01	9.415321e-03
1.281855849476009e-01	9.415321e-03
1.283808974476008e-01	9.415321e-03
1.285762099476008e-01	9.415321e-03
1.287715224476008e-01	9.415321e-03
1.289668349476008e-01	9.415321e-03
1.291621474476008e-01	9.415321e-03
1.293574599476008e-01	9.415321e-03
1.295527724476008e-01	9.415321e-03
1.297480849476008e-01	9.415321e-03
1.299433974476008e-01	9.415321e-03
1.301387099476007e-01	9.415321e-03
1.303340224476007e-01	9.415321e-03
1.305293349476007e-01	9.415321e-03
1.307246474476007e-01	9.415321e-03
1.309199599476007e-01	9.415321e-03
1.311152724476007e-01	9.415321e-03
1.313105849476007e-01	9.415321e-03
1.315058974476007e-01	9.415321e-03
1.317012099476007e-01	9.415321e-03
1.318965224476006e-01	9.415321e-03
1.320918349476006e-01	9.415321e-03
1.322871474476006e-01	9.415321e-03
1.324824599476006e-01	9.415321e-03
1.326777724476006e-01	9.415321e-03
1.328730849476006e-01	9.415321e-03
1.330683974476006e-01	9.415321e-03
1.332637099476006e-01	9.415321e-03
1.334590224476006e-01	9.415321e-03
1.336543349476005e-01	9.415321e-03
1.338496474476005e-01	9.415321e-03
1.340449599476005e-01	9.415321e-03
1.342402724476005e-01	9.415321e-03
1.344355849476005e-01	9.415321e-03
1.346308974476005e-01	9.415321e-03
1.348262099476005e-01	9.415321e-03
1.350215224476005e-01	9.415321e-03
1.352168349476005e-01	9.415321e-03
1.354121474476004e-01	9.415321e-03
1.356074599476004e-01	9.415321e-03
1.358027724476004e-01	9.415321e-03
1.359980849476004e-01	9.415321e-03
1.361933974476004e-01	9.415321e-03
1.363887099476004e-01	9.415321e-03
1.365840224476004e-01	9.415321e-03
1.367793349476004e-01	9.415321e-03
1.369746474476004e-01	9.415321e-03
1.371699599476003e-01	9.415321e-03
1.373652724476003e-01	9.415321e-03
1.375605849476003e-01	9.415321e-03
1.377558974476003e-01	9.415321e-03
1.379512099476003e-01	9.415321e-03
1.381465224476003e-01	9.415321e-03
1.383418349476003e-01	9.415321e-03
1.385371474476003e-01	9.415321e-03
1.387324599476003e-01	9.415321e-03
1.389277724476002e-01	9.415321e-03
1.391230849476002e-01	9.415321e-03
1.393183974476002e-01	9.415321e-03
1.395137099476002e-01	9.415321e-03
1.397090224476002e-01	9.415321e-03
1.399043349476002e-01	9.415321e-03
1.400996474476002e-01	9.415321e-03
1.402949599476002e-01	9.415321e-03
1.404902724476002e-01	9.415321e-03
1.406855849476001e-01	9.415321e-03
1.408808974476001e-01	9.415321e-03
1.410762099476001e-01	9.415321e-03
1.412715224476001e-01	9.415321e-03
1.414668349476001e-01	9.415321e-03
1.416621474476001e-01	9.415321e-03
1.418574599476001e-01	9.415321e-03
1.420527724476001e-01	9.415321e-03
1.422480849476001e-01	9.415321e-03
1.424433974476000e-01	9.415321e-03
1.426387099476000e-01	9.415321e-03
1.428340224476000e-01	9.415321e-03
1.430293349476000e-01	9.415321e-03
1.432246474476000e-01	9.415321e-03
1.434199599476000e-01	9.415321e-03
1.436152724476000e-01	9.415321e-03
1.438105849476000e-01	9.415321e-03
1.440058974476000e-01	9.415321e-03
1.442012099475999e-01	9.415321e-03
1.443965224475999e-01	9.415321e-03
1.445918349475999e-01	9.415321e-03
1.447871474475999e-01	9.415321e-03
1.449824599475999e-01	9.415321e-03
1.451777724475999e-01	9.415321e-03
1.453730849475999e-01	9.415321e-03
1.455683974475999e-01	9.415321e-03
1.457637099475999e-01	9.415321e-03
1.459590224475998e-01	9.415321e-03
1.461543349475998e-01	9.415321e-03
1.463496474475998e-01	9.415321e-03
1.465449599475998e-01	9.415321e-03
1.467402724475998e-01	9.415321e-03
1.469355849475998e-01	9.415321e-03
1.471308974475998e-01	9.415321e-03
1.473262099475998e-01	9.415321e-03
1.475215224475998e-01	9.415321e-03
1.477168349475997e-01	9.415321e-03
1.479121474475997e-01	9.415321e-03
1.481074599475997e-01	9.415321e-03
1.483027724475997e-01	9.415321e-03
1.484980849475997e-01	9.415321e-03
1.486933974475997e-01	9.415321e-03
1.488887099475997e-01	9.415321e-03
1.490840224475997e-01	9.415321e-03
1.492793349475997e-01	9.415321e-03
1.494746474475996e-01	9.415321e-03
1.496699599475996e-01	9.415321e-03
1.498652724475996e-01	9.415321e-03
1.500000010000000e-01	9.415321e-03
1.500000020000000e-01	-1.057934e-02
1.500000180000000e-01	-1.049859e-02
1.500000500000000e-01	-1.058184e-02
1.500000840826930e-01	-1.057968e-02
1.500001522480790e-01	-1.057457e-02
1.500002885788510e-01	-1.055434e-02
1.500005612403951e-01	-1.040623e-02
1.500011065634833e-01	-1.046283e-02
1.500014062006467e-01	-2.028918e-03
1.500014840156492e-01	1.253425e-03
1.500015240975902e-01	-4.787350e-04
1.500015517164192e-01	9.780554e-05
1.500015787762451e-01	-1.953321e-05
1.500016069324137e-01	4.076820e-06
1.500016477765604e-01	-1.743414e-06
1.500017294648537e-01	9.056072e-07
1.500018928414404e-01	-9.497965e-07
1.500022195946137e-01	6.130567e-07
1.500028731009604e-01	-8.232303e-07
1.500041801136537e-01	5.541046e-07
1.500067941390403e-01	-7.947692e-07
1.500120221898135e-01	5.401200e-07
1.500224782913600e-01	-7.878374e-07
1.500433904944529e-01	5.366691e-07
1.500852149006387e-01	-7.861157e-07
1.501688637130104e-01	5.358091e-07
1.503361613377537e-01	-7.856859e-07
1.505314738377537e-01	5.355433e-07
1.507267863377537e-01	-7.854407e-07
1.509220988377536e-01	5.352981e-07
1.511174113377536e-01	-7.851955e-07
1.513127238377536e-01	5.350529e-07
1.515080363377536e-01	-7.849504e-07
1.517033488377536e-01	5.348079e-07
1.518986613377536e-01	-7.847054e-07
1.520939738377536e-01	5.345630e-07
1.522892863377536e-01	-7.844605e-07
1.524845988377536e-01	5.343181e-07
1.526799113377535e-01	-7.842157e-07
1.528752238377535e-01	5.340733e-07
1.530705363377535e-01	-7.839710e-07
1.532658488377535e-01	5.338287e-07
1.534611613377535e-01	-7.837264e-07
1.536564738377535e-01	5.335841e-07
1.538517863377535e-01	-7.834818e-07
1.540470988377535e-01	5.333396e-07
1.542424113377535e-01	-7.832373e-07
1.544377238377534e-01	5.330951e-07
1.546330363377534e-01	-7.829930e-07
1.548283488377534e-01	5.328508e-07
1.550236613377534e-01	-7.827487e-07
1.552189738377534e-01	5.326066e-07
1.554142863377534e-01	-7.825046e-07
1.556095988377534e-01	5.323625e-07
1.558049113377534e-01	-7.822605e-07
1.560002238377534e-01	5.321185e-07
1.561955363377533e-01	-7.820165e-07
1.563908488377533e-01	5.318745e-07
1.565861613377533e-01	-7.817726e-07
1.567814738377533e-01	5.316306e-07
1.569767863377533e-01	-7.815287e-07
1.571720988377533e-01	5.313869e-07
1.573674113377533e-01	-7.812851e-07
1.575627238377533e-01	5.311432e-07
1.577580363377533e-01	-7.810414e-07
1.579533488377532e-01	5.308996e-07
1.581486613377532e-01	-7.807978e-07
1.583439738377532e-01	5.306561e-07
1.585392863377532e-01	-7.805544e-07
1.587345988377532e-01	5.304127e-07
1.589299113377532e-01	-7.803110e-07
1.591252238377532e-01	5.301694e-07
1.593205363377532e-01	-7.800678e-07
1.595158488377532e-01	5.299262e-07
1.597111613377531e-01	-7.798246e-07
1.599064738377531e-01	5.296830e-07
1.601017863377531e-01	-7.795815e-07
1.602970988377531e-01	5.294400e-07
1.604924113377531e-01	-7.793385e-07
1.606877238377531e-01	5.291971e-07
1.608830363377531e-01	-7.790956e-07
1.610783488377531e-01	5.289542e-07
1.612736613377531e-01	-7.788528e-07
1.614689738377530e-01	5.287114e-07
1.616642863377530e-01	-7.786101e-07
1.618595988377530e-01	5.284687e-07
1.620549113377530e-01	-7.783674e-07
1.622502238377530e-01	5.282261e-07
1.624455363377530e-01	-7.781248e-07
1.626408488377530e-01	5.279836e-07
1.628361613377530e-01	-7.778824e-07
1.630314738377530e-01	5.277412e-07
1.632267863377529e-01	-7.776400e-07
1.634220988377529e-01	5.274989e-07
1.636174113377529e-01	-7.773978e-07
1.638127238377529e-01	5.272566e-07
1.640080363377529e-01	-7.771555e-07
1.642033488377529e-01	5.270145e-07
1.643986613377529e-01	-7.769135e-07
1.645939738377529e-01	5.267724e-07
1.647892863377529e-01	-7.766714e-07
1.649845988377528e-01	5.265305e-07
1.651799113377528e-01	-7.764295e-07
1.653752238377528e-01	5.262886e-07
1.655705363377528e-01	-7.761877e-07
1.657658488377528e-01	5.260468e-07
1.659611613377528e-01	-7.759459e-07
1.661564738377528e-01	5.258051e-07
1.663517863377528e-01	-7.757043e-07
1.665470988377528e-01	5.255635e-07
1.667424113377527e-01	-7.754627e-07
1.669377238377527e-01	5.253220e-07
1.671330363377527e-01	-7.752212e-07
1.673283488377527e-01	5.250806e-07
1.675236613377527e-01	-7.749799e-07
1.677189738377527e-01	5.248392e-07
1.679142863377527e-01	-7.747386e-07
1.681095988377527e-01	5.245980e-07
1.683049113377527e-01	-7.744974e-07
1.685002238377526e-01	5.243568e-07
1.686955363377526e-01	-7.742563e-07
1.688908488377526e-01	5.241158e-07
1.690861613377526e-01	-7.740152e-07
1.692814738377526e-01	5.238747e-07
1.694767863377526e-01	-7.737743e-07
1.696720988377526e-01	5.236338e-07
1.698674113377526e-01	-7.735334e-07
1.700627238377526e-01	5.233931e-07
1.702580363377525e-01	-7.732927e-07
1.704533488377525e-01	5.231524e-07
1.706486613377525e-01	-7.730520e-07
1.708439738377525e-01	5.229117e-07
1.710392863377525e-01	-7.728115e-07
1.712345988377525e-01	5.226712e-07
1.714299113377525e-01	-7.725710e-07
1.716252238377525e-01	5.224308e-07
1.718205363377525e-01	-7.723306e-07
1.720158488377524e-01	5.221904e-07
1.722111613377524e-01	-7.720902e-07
1.724064738377524e-01	5.219501e-07
1.726017863377524e-01	-7.718500e-07
1.727970988377524e-01	5.217100e-07
1.729924113377524e-01	-7.716099e-07
1.731877238377524e-01	5.214699e-07
1.733830363377524e-01	-7.713699e-07
1.735783488377524e-01	5.212299e-07
1.737736613377523e-01	-7.711299e-07
1.739689738377523e-01	5.209899e-07
1.741642863377523e-01	-7.708900e-07
1.743595988377523e-01	5.207501e-07
1.745549113377523e-01	-7.706503e-07
1.747502238377523e-01	5.205104e-07
1.749455363377523e-01	-7.704106e-07
1.751408488377523e-01	5.202708e-07
1.753361613377523e-01	-7.701710e-07
1.755314738377522e-01	5.200312e-07
1.757267863377522e-01	-7.699315e-07
1.759220988377522e-01	5.197917e-07
1.761174113377522e-01	-7.696921e-07
1.763127238377522e-01	5.195524e-07
1.765080363377522e-01	-7.694528e-07
1.767033488377522e-01	5.193131e-07
1.768986613377522e-01	-7.692135e-07
1.770939738377522e-01	5.190739e-07
1.772892863377521e-01	-7.689744e-07
1.774845988377521e-01	5.188348e-07
1.776799113377521e-01	-7.687353e-07
1.778752238377521e-01	5.185958e-07
1.780705363377521e-01	-7.684963e-07
1.782658488377521e-01	5.183568e-07
1.784611613377521e-01	-7.682574e-07
1.786564738377521e-01	5.181180e-07
1.788517863377521e-01	-7.680186e-07
1.790470988377521e-01	5.178792e-07
1.792424113377520e-01	-7.677799e-07
1.794377238377520e-01	5.176406e-07
1.796330363377520e-01	-7.675413e-07
1.798283488377520e-01	5.174020e-07
1.800236613377520e-01	-7.673028e-07
1.802189738377520e-01	5.171635e-07
1.804142863377520e-01	-7.670643e-07
1.806095988377520e-01	5.169251e-07
1.808049113377520e-01	-7.668260e-07
1.810002238377519e-01	5.166868e-07
1.811955363377519e-01	-7.665877e-07
1.813908488377519e-01	5.164486e-07
1.815861613377519e-01	-7.663495e-07
1.817814738377519e-01	5.162104e-07
1.819767863377519e-01	-7.661114e-07
1.821720988377519e-01	5.159724e-07
1.823674113377519e-01	-7.658734e-07
1.825627238377519e-01	5.157345e-07
1.827580363377518e-01	-7.656355e-07
1.829533488377518e-01	5.154966e-07
1.831486613377518e-01	-7.653977e-07
1.833439738377518e-01	5.152588e-07
1.835392863377518e-01	-7.651599e-07
1.837345988377518e-01	5.150211e-07
1.839299113377518e-01	-7.649223e-07
1.841252238377518e-01	5.147835e-07
1.843205363377518e-01	-7.646847e-07
1.845158488377517e-01	5.145460e-07
1.847111613377517e-01	-7.644473e-07
1.849064738377517e-01	5.143086e-07
1.851017863377517e-01	-7.642099e-07
1.852970988377517e-01	5.140712e-07
1.854924113377517e-01	-7.639726e-07
1.856877238377517e-01	5.138340e-07
1.858830363377517e-01	-7.637354e-07
1.860783488377517e-01	5.135968e-07
1.862736613377516e-01	-7.634983e-07
1.864689738377516e-01	5.133597e-07
1.866642863377516e-01	-7.632613e-07
1.868595988377516e-01	5.131228e-07
1.870549113377516e-01	-7.630243e-07
1.872502238377516e-01	5.128859e-07
1.874455363377516e-01	-7.627875e-07
1.876408488377516e-01	5.126491e-07
1.878361613377516e-01	-7.625507e-07
1.880314738377515e-01	5.124123e-07
1.882267863377515e-01	-7.623140e-07
1.884220988377515e-01	5.121757e-07
1.886174113377515e-01	-7.620774e-07
1.888127238377515e-01	5.119392e-07
1.890080363377515e-01	-7.618409e-07
1.892033488377515e-01	5.117027e-07
1.893986613377515e-01	-7.616045e-07
1.895939738377515e-01	5.114663e-07
1.897892863377514e-01	-7.613681e-07
1.899845988377514e-01	5.112300e-07
1.901799113377514e-01	-7.611319e-07
1.903752238377514e-01	5.109939e-07
1.905705363377514e-01	-7.608958e-07
1.907658488377514e-01	5.107577e-07
1.909611613377514e-01	-7.606597e-07
1.911564738377514e-01	5.105217e-07
1.913517863377514e-01	-7.604237e-07
1.915470988377513e-01	5.102858e-07
1.917424113377513e-01	-7.601878e-07
1.919377238377513e-01	5.100499e-07
1.921330363377513e-01	-7.599521e-07
1.923283488377513e-01	5.098142e-07
1.925236613377513e-01	-7.597163e-07
1.927189738377513e-01	5.095785e-07
1.929142863377513e-01	-7.594807e-07
1.931095988377513e-01	5.093429e-07
1.933049113377512e-01	-7.592452e-07
1.935002238377512e-01	5.091075e-07
1.936955363377512e-01	-7.590097e-07
1.938908488377512e-01	5.088720e-07
1.940861613377512e-01	-7.587743e-07
1.942814738377512e-01	5.086367e-07
1.944767863377512e-01	-7.585390e-07
1.946720988377512e-01	5.084015e-07
1.948674113377512e-01	-7.583039e-07
1.950627238377511e-01	5.081663e-07
1.952580363377511e-01	-7.580688e-07
1.954533488377511e-01	5.079312e-07
1.956486613377511e-01	-7.578338e-07
1.958439738377511e-01	5.076963e-07
1.960392863377511e-01	-7.575989e-07
1.962345988377511e-01	5.074614e-07
1.964299113377511e-01	-7.573640e-07
1.966252238377511e-01	5.072266e-07
1.968205363377510e-01	-7.571292e-07
1.970158488377510e-01	5.069919e-07
1.972111613377510e-01	-7.568946e-07
1.974064738377510e-01	5.067573e-07
1.976017863377510e-01	-7.566600e-07
1.977970988377510e-01	5.065227e-07
1.979924113377510e-01	-7.564255e-07
1.981877238377510e-01	5.062883e-07
1.983830363377510e-01	-7.561911e-07
1.985783488377509e-01	5.060539e-07
1.987736613377509e-01	-7.559568e-07
1.989689738377509e-01	5.058196e-07
1.991642863377509e-01	-7.557226e-07
1.993595988377509e-01	5.055855e-07
1.995549113377509e-01	-7.554884e-07
1.997502238377509e-01	5.053514e-07
1.999455363377509e-01	-7.552543e-07
2.000000000000000e-01	5.048149e-07
Step Information: F=50  (Step: 2/10)
0.000000000000000e+00	-1.250100e-07
3.906250045648818e-10	7.526372e-03
5.200454940963888e-10	9.939064e-03
7.788864731594028e-10	1.477367e-02
1.000000000000000e-09	1.880878e-02
1.442227053681195e-09	1.794661e-02
2.326681161043584e-09	1.644056e-02
3.457338303681075e-09	1.483035e-02
5.718652588956057e-09	1.227147e-02
6.154287238718279e-09	1.191624e-02
7.025556538242725e-09	1.122105e-02
8.768095137291617e-09	1.011959e-02
8.888612951723792e-09	1.005990e-02
9.129648580588146e-09	9.963280e-03
9.611719838316853e-09	9.879132e-03
1.057586235377426e-08	9.804565e-03
1.250414738468909e-08	9.758584e-03
1.636071744651874e-08	9.795366e-03
2.407385757017804e-08	9.696678e-03
3.950013781749663e-08	9.646548e-03
7.035269831213382e-08	9.605527e-03
1.320578193014082e-07	9.568287e-03
2.554680612799570e-07	9.532888e-03
5.022885452370546e-07	9.499377e-03
9.959295131512495e-07	9.468705e-03
1.957840298426441e-06	9.442396e-03
3.008280593866486e-06	9.455021e-03
4.423479224839443e-06	9.423331e-03
5.986020091934236e-06	9.536199e-03
8.080063270104114e-06	9.455162e-03
1.082538640175562e-05	9.431683e-03
1.483485977484827e-05	9.416607e-03
1.965495589724101e-05	9.415325e-03
2.929514814202648e-05	9.415344e-03
4.857553263159743e-05	9.415321e-03
8.713630161073931e-05	9.415320e-03
1.261988016107393e-04	9.415321e-03
1.652613016107393e-04	9.415320e-03
2.043238016107393e-04	9.415321e-03
2.433863016107393e-04	9.415321e-03
2.824488016107394e-04	9.415321e-03
3.215113016107393e-04	9.415321e-03
3.605738016107393e-04	9.415321e-03
3.996363016107393e-04	9.415321e-03
4.386988016107393e-04	9.415321e-03
4.777613016107393e-04	9.415321e-03
5.168238016107393e-04	9.415321e-03
5.558863016107393e-04	9.415321e-03
5.949488016107394e-04	9.415321e-03
6.340113016107394e-04	9.415321e-03
6.730738016107394e-04	9.415321e-03
7.121363016107395e-04	9.415321e-03
7.511988016107395e-04	9.415321e-03
7.902613016107395e-04	9.415321e-03
8.293238016107396e-04	9.415321e-03
8.683863016107396e-04	9.415321e-03
9.074488016107396e-04	9.415321e-03
9.465113016107397e-04	9.415321e-03
9.855738016107396e-04	9.415321e-03
1.024636301610740e-03	9.415321e-03
1.063698801610740e-03	9.415321e-03
1.102761301610740e-03	9.415321e-03
1.141823801610740e-03	9.415321e-03
1.180886301610740e-03	9.415321e-03
1.219948801610740e-03	9.415321e-03
1.259011301610740e-03	9.415321e-03
1.298073801610740e-03	9.415321e-03
1.337136301610740e-03	9.415321e-03
1.376198801610740e-03	9.415321e-03
1.415261301610740e-03	9.415321e-03
1.454323801610740e-03	9.415321e-03
1.493386301610740e-03	9.415321e-03
1.532448801610740e-03	9.415321e-03
1.571511301610740e-03	9.415321e-03
1.610573801610740e-03	9.415321e-03
1.649636301610740e-03	9.415321e-03
1.688698801610740e-03	9.415321e-03
1.727761301610740e-03	9.415321e-03
1.766823801610740e-03	9.415321e-03
1.805886301610740e-03	9.415321e-03
1.844948801610740e-03	9.415321e-03
1.884011301610740e-03	9.415321e-03
1.923073801610740e-03	9.415321e-03
1.962136301610740e-03	9.415321e-03
2.001198801610740e-03	9.415321e-03
2.040261301610741e-03	9.415321e-03
2.079323801610741e-03	9.415321e-03
2.118386301610741e-03	9.415321e-03
2.157448801610741e-03	9.415321e-03
2.196511301610741e-03	9.415321e-03
2.235573801610741e-03	9.415321e-03
2.274636301610741e-03	9.415321e-03
2.313698801610741e-03	9.415321e-03
2.352761301610741e-03	9.415321e-03
2.391823801610741e-03	9.415321e-03
2.430886301610741e-03	9.415321e-03
2.469948801610741e-03	9.415321e-03
2.509011301610741e-03	9.415321e-03
2.548073801610741e-03	9.415321e-03
2.587136301610741e-03	9.415321e-03
2.626198801610741e-03	9.415321e-03
2.665261301610741e-03	9.415321e-03
2.704323801610741e-03	9.415321e-03
2.743386301610741e-03	9.415321e-03
2.782448801610741e-03	9.415321e-03
2.821511301610741e-03	9.415321e-03
2.860573801610741e-03	9.415321e-03
2.899636301610741e-03	9.415321e-03
2.938698801610741e-03	9.415321e-03
2.977761301610741e-03	9.415321e-03
3.016823801610741e-03	9.415321e-03
3.055886301610741e-03	9.415321e-03
3.094948801610741e-03	9.415321e-03
3.134011301610742e-03	9.415321e-03
3.173073801610742e-03	9.415321e-03
3.212136301610742e-03	9.415321e-03
3.251198801610742e-03	9.415321e-03
3.290261301610742e-03	9.415321e-03
3.329323801610742e-03	9.415321e-03
3.368386301610742e-03	9.415321e-03
3.407448801610742e-03	9.415321e-03
3.446511301610742e-03	9.415321e-03
3.485573801610742e-03	9.415321e-03
3.524636301610742e-03	9.415321e-03
3.563698801610742e-03	9.415321e-03
3.602761301610742e-03	9.415321e-03
3.641823801610742e-03	9.415321e-03
3.680886301610742e-03	9.415321e-03
3.719948801610742e-03	9.415321e-03
3.759011301610742e-03	9.415321e-03
3.798073801610742e-03	9.415321e-03
3.837136301610742e-03	9.415321e-03
3.876198801610742e-03	9.415321e-03
3.915261301610742e-03	9.415321e-03
3.954323801610742e-03	9.415321e-03
3.993386301610742e-03	9.415321e-03
4.032448801610742e-03	9.415321e-03
4.071511301610742e-03	9.415321e-03
4.110573801610742e-03	9.415321e-03
4.149636301610742e-03	9.415321e-03
4.188698801610742e-03	9.415321e-03
4.227761301610742e-03	9.415321e-03
4.266823801610743e-03	9.415321e-03
4.305886301610743e-03	9.415321e-03
4.344948801610743e-03	9.415321e-03
4.384011301610743e-03	9.415321e-03
4.423073801610743e-03	9.415321e-03
4.462136301610743e-03	9.415321e-03
4.501198801610743e-03	9.415321e-03
4.540261301610743e-03	9.415321e-03
4.579323801610743e-03	9.415321e-03
4.618386301610743e-03	9.415321e-03
4.657448801610743e-03	9.415321e-03
4.696511301610743e-03	9.415321e-03
4.735573801610743e-03	9.415321e-03
4.774636301610743e-03	9.415321e-03
4.813698801610743e-03	9.415321e-03
4.852761301610743e-03	9.415321e-03
4.891823801610743e-03	9.415321e-03
4.930886301610743e-03	9.415321e-03
4.969948801610743e-03	9.415321e-03
5.009011301610743e-03	9.415321e-03
5.048073801610743e-03	9.415321e-03
5.087136301610743e-03	9.415321e-03
5.126198801610743e-03	9.415321e-03
5.165261301610743e-03	9.415321e-03
5.204323801610743e-03	9.415321e-03
5.243386301610743e-03	9.415321e-03
5.282448801610743e-03	9.415321e-03
5.321511301610743e-03	9.415321e-03
5.360573801610743e-03	9.415321e-03
5.399636301610744e-03	9.415321e-03
5.438698801610744e-03	9.415321e-03
5.477761301610744e-03	9.415321e-03
5.516823801610744e-03	9.415321e-03
5.555886301610744e-03	9.415321e-03
5.594948801610744e-03	9.415321e-03
5.634011301610744e-03	9.415321e-03
5.673073801610744e-03	9.415321e-03
5.712136301610744e-03	9.415321e-03
5.751198801610744e-03	9.415321e-03
5.790261301610744e-03	9.415321e-03
5.829323801610744e-03	9.415321e-03
5.868386301610744e-03	9.415321e-03
5.907448801610744e-03	9.415321e-03
5.946511301610744e-03	9.415321e-03
5.985573801610744e-03	9.415321e-03
6.024636301610744e-03	9.415321e-03
6.063698801610744e-03	9.415321e-03
6.102761301610744e-03	9.415321e-03
6.141823801610744e-03	9.415321e-03
6.180886301610744e-03	9.415321e-03
6.219948801610744e-03	9.415321e-03
6.259011301610744e-03	9.415321e-03
6.298073801610744e-03	9.415321e-03
6.337136301610744e-03	9.415321e-03
6.376198801610744e-03	9.415321e-03
6.415261301610744e-03	9.415321e-03
6.454323801610744e-03	9.415321e-03
6.493386301610744e-03	9.415321e-03
6.532448801610745e-03	9.415321e-03
6.571511301610745e-03	9.415321e-03
6.610573801610745e-03	9.415321e-03
6.649636301610745e-03	9.415321e-03
6.688698801610745e-03	9.415321e-03
6.727761301610745e-03	9.415321e-03
6.766823801610745e-03	9.415321e-03
6.805886301610745e-03	9.415321e-03
6.844948801610745e-03	9.415321e-03
6.884011301610745e-03	9.415321e-03
6.923073801610745e-03	9.415321e-03
6.962136301610745e-03	9.415321e-03
7.001198801610745e-03	9.415321e-03
7.040261301610745e-03	9.415321e-03
7.079323801610745e-03	9.415321e-03
7.118386301610745e-03	9.415321e-03
7.157448801610745e-03	9.415321e-03
7.196511301610745e-03	9.415321e-03
7.235573801610745e-03	9.415321e-03
7.274636301610745e-03	9.415321e-03
7.313698801610745e-03	9.415321e-03
7.352761301610745e-03	9.415321e-03
7.391823801610745e-03	9.415321e-03
7.430886301610745e-03	9.415321e-03
7.469948801610745e-03	9.415321e-03
7.509011301610745e-03	9.415321e-03
7.548073801610745e-03	9.415321e-03
7.587136301610745e-03	9.415321e-03
7.626198801610745e-03	9.415321e-03
7.665261301610746e-03	9.415321e-03
7.704323801610746e-03	9.415321e-03
7.743386301610746e-03	9.415321e-03
7.782448801610746e-03	9.415321e-03
7.821511301610745e-03	9.415321e-03
7.860573801610744e-03	9.415321e-03
7.899636301610743e-03	9.415321e-03
7.938698801610742e-03	9.415321e-03
7.977761301610741e-03	9.415321e-03
8.016823801610741e-03	9.415321e-03
8.055886301610740e-03	9.415321e-03
8.094948801610739e-03	9.415321e-03
8.134011301610738e-03	9.415321e-03
8.173073801610737e-03	9.415321e-03
8.212136301610736e-03	9.415321e-03
8.251198801610736e-03	9.415321e-03
8.290261301610735e-03	9.415321e-03
8.329323801610734e-03	9.415321e-03
8.368386301610733e-03	9.415321e-03
8.407448801610732e-03	9.415321e-03
8.446511301610731e-03	9.415321e-03
8.485573801610731e-03	9.415321e-03
8.524636301610730e-03	9.415321e-03
8.563698801610729e-03	9.415321e-03
8.602761301610728e-03	9.415321e-03
8.641823801610727e-03	9.415321e-03
8.680886301610726e-03	9.415321e-03
8.719948801610726e-03	9.415321e-03
8.759011301610725e-03	9.415321e-03
8.798073801610724e-03	9.415321e-03
8.837136301610723e-03	9.415321e-03
8.876198801610722e-03	9.415321e-03
8.915261301610721e-03	9.415321e-03
8.954323801610721e-03	9.415321e-03
8.993386301610720e-03	9.415321e-03
9.032448801610719e-03	9.415321e-03
9.071511301610718e-03	9.415321e-03
9.110573801610717e-03	9.415321e-03
9.149636301610716e-03	9.415321e-03
9.188698801610716e-03	9.415321e-03
9.227761301610715e-03	9.415321e-03
9.266823801610714e-03	9.415321e-03
9.305886301610713e-03	9.415321e-03
9.344948801610712e-03	9.415321e-03
9.384011301610711e-03	9.415321e-03
9.423073801610711e-03	9.415321e-03
9.462136301610710e-03	9.415321e-03
9.501198801610709e-03	9.415321e-03
9.540261301610708e-03	9.415321e-03
9.579323801610707e-03	9.415321e-03
9.618386301610706e-03	9.415321e-03
9.657448801610706e-03	9.415321e-03
9.696511301610705e-03	9.415321e-03
9.735573801610704e-03	9.415321e-03
9.774636301610703e-03	9.415321e-03
9.813698801610702e-03	9.415321e-03
9.852761301610702e-03	9.415321e-03
9.891823801610701e-03	9.415321e-03
9.930886301610700e-03	9.415321e-03
9.969948801610699e-03	9.415321e-03
1.000000100000000e-02	9.415321e-03
1.000000200000000e-02	-1.057934e-02
1.000001799999999e-02	-1.049859e-02
1.000004999999997e-02	-1.058184e-02
1.000008408269288e-02	-1.057968e-02
1.000015224807870e-02	-1.057457e-02
1.000028857885033e-02	-1.055434e-02
1.000056124039360e-02	-1.040623e-02
1.000110656348014e-02	-1.046283e-02
1.000140620064413e-02	-2.028919e-03
1.000148401564851e-02	1.253425e-03
1.000152409758942e-02	-4.787350e-04
1.000155171641768e-02	9.780554e-05
1.000157877624240e-02	-1.953321e-05
1.000160693241001e-02	4.076819e-06
1.000164777655459e-02	-1.743414e-06
1.000172946484375e-02	9.056069e-07
1.000189284142208e-02	-9.497963e-07
1.000221959457873e-02	6.130565e-07
1.000287310089204e-02	-8.232302e-07
1.000418011351865e-02	5.541044e-07
1.000679413877187e-02	-7.947690e-07
1.001202218927831e-02	5.401198e-07
1.002247829029120e-02	-7.878372e-07
1.004339049231697e-02	5.366689e-07
1.008245299231697e-02	-7.860750e-07
1.012151549231697e-02	5.354416e-07
1.016057799231697e-02	-7.848488e-07
1.019964049231697e-02	5.342166e-07
1.023870299231697e-02	-7.836250e-07
1.027776549231697e-02	5.329939e-07
1.031682799231697e-02	-7.824033e-07
1.035589049231697e-02	5.317734e-07
1.039495299231697e-02	-7.811840e-07
1.043401549231696e-02	5.305552e-07
1.047307799231696e-02	-7.799669e-07
1.051214049231696e-02	5.293392e-07
1.055120299231696e-02	-7.787521e-07
1.059026549231696e-02	5.281256e-07
1.062932799231696e-02	-7.775395e-07
1.066839049231696e-02	5.269141e-07
1.070745299231696e-02	-7.763292e-07
1.074651549231696e-02	5.257049e-07
1.078557799231696e-02	-7.751211e-07
1.082464049231696e-02	5.244979e-07
1.086370299231696e-02	-7.739153e-07
1.090276549231695e-02	5.232932e-07
1.094182799231695e-02	-7.727117e-07
1.098089049231695e-02	5.220908e-07
1.101995299231695e-02	-7.715104e-07
1.105901549231695e-02	5.208905e-07
1.109807799231695e-02	-7.703112e-07
1.113714049231695e-02	5.196925e-07
1.117620299231695e-02	-7.691143e-07
1.121526549231695e-02	5.184967e-07
1.125432799231695e-02	-7.679196e-07
1.129339049231695e-02	5.173031e-07
1.133245299231695e-02	-7.667272e-07
1.137151549231694e-02	5.161118e-07
1.141057799231694e-02	-7.655369e-07
1.144964049231694e-02	5.149226e-07
1.148870299231694e-02	-7.643488e-07
1.152776549231694e-02	5.137356e-07
1.156682799231694e-02	-7.631630e-07
1.160589049231694e-02	5.125509e-07
1.164495299231694e-02	-7.619793e-07
1.168401549231694e-02	5.113683e-07
1.172307799231694e-02	-7.607979e-07
1.176214049231694e-02	5.101880e-07
1.180120299231694e-02	-7.596186e-07
1.184026549231693e-02	5.090098e-07
1.187932799231693e-02	-7.584415e-07
1.191839049231693e-02	5.078338e-07
1.195745299231693e-02	-7.572667e-07
1.199651549231693e-02	5.066600e-07
1.203557799231693e-02	-7.560939e-07
1.207464049231693e-02	5.054884e-07
1.211370299231693e-02	-7.549234e-07
1.215276549231693e-02	5.043189e-07
1.219182799231693e-02	-7.537550e-07
1.223089049231693e-02	5.031516e-07
1.226995299231693e-02	-7.525888e-07
1.230901549231692e-02	5.019865e-07
1.234807799231692e-02	-7.514247e-07
1.238714049231692e-02	5.008235e-07
1.242620299231692e-02	-7.502629e-07
1.246526549231692e-02	4.996627e-07
1.250432799231692e-02	-7.491032e-07
1.254339049231692e-02	4.985041e-07
1.258245299231692e-02	-7.479456e-07
1.262151549231692e-02	4.973476e-07
1.266057799231692e-02	-7.467902e-07
1.269964049231692e-02	4.961933e-07
1.273870299231692e-02	-7.456369e-07
1.277776549231691e-02	4.950410e-07
1.281682799231691e-02	-7.444858e-07
1.285589049231691e-02	4.938910e-07
1.289495299231691e-02	-7.433367e-07
1.293401549231691e-02	4.927430e-07
1.297307799231691e-02	-7.421899e-07
1.301214049231691e-02	4.915972e-07
1.305120299231691e-02	-7.410451e-07
1.309026549231691e-02	4.904535e-07
1.312932799231691e-02	-7.399025e-07
1.316839049231691e-02	4.893120e-07
1.320745299231691e-02	-7.387620e-07
1.324651549231690e-02	4.881725e-07
1.328557799231690e-02	-7.376236e-07
1.332464049231690e-02	4.870352e-07
1.336370299231690e-02	-7.364873e-07
1.340276549231690e-02	4.858999e-07
1.344182799231690e-02	-7.353531e-07
1.348089049231690e-02	4.847668e-07
1.351995299231690e-02	-7.342210e-07
1.355901549231690e-02	4.836358e-07
1.359807799231690e-02	-7.330911e-07
1.363714049231690e-02	4.825069e-07
1.367620299231690e-02	-7.319632e-07
1.371526549231689e-02	4.813801e-07
1.375432799231689e-02	-7.308374e-07
1.379339049231689e-02	4.802553e-07
1.383245299231689e-02	-7.297137e-07
1.387151549231689e-02	4.791327e-07
1.391057799231689e-02	-7.285921e-07
1.394964049231689e-02	4.780121e-07
1.398870299231689e-02	-7.274726e-07
1.402776549231689e-02	4.768936e-07
1.406682799231689e-02	-7.263552e-07
1.410589049231689e-02	4.757772e-07
1.414495299231689e-02	-7.252398e-07
1.418401549231688e-02	4.746628e-07
1.422307799231688e-02	-7.241264e-07
1.426214049231688e-02	4.735506e-07
1.430120299231688e-02	-7.230152e-07
1.434026549231688e-02	4.724403e-07
1.437932799231688e-02	-7.219060e-07
1.441839049231688e-02	4.713322e-07
1.445745299231688e-02	-7.207989e-07
1.449651549231688e-02	4.702261e-07
1.453557799231688e-02	-7.196938e-07
1.457464049231688e-02	4.691221e-07
1.461370299231688e-02	-7.185908e-07
1.465276549231687e-02	4.680201e-07
1.469182799231687e-02	-7.174898e-07
1.473089049231687e-02	4.669201e-07
1.476995299231687e-02	-7.163909e-07
1.480901549231687e-02	4.658222e-07
1.484807799231687e-02	-7.152940e-07
1.488714049231687e-02	4.647263e-07
1.492620299231687e-02	-7.141991e-07
1.496526549231687e-02	4.636325e-07
1.500432799231687e-02	-7.131063e-07
1.504339049231687e-02	4.625406e-07
1.508245299231687e-02	-7.120155e-07
1.512151549231686e-02	4.614508e-07
1.516057799231686e-02	-7.109267e-07
1.519964049231686e-02	4.603631e-07
1.523870299231686e-02	-7.098399e-07
1.527776549231686e-02	4.592773e-07
1.531682799231686e-02	-7.087552e-07
1.535589049231686e-02	4.581936e-07
1.539495299231686e-02	-7.076724e-07
1.543401549231686e-02	4.571118e-07
1.547307799231686e-02	-7.065917e-07
1.551214049231686e-02	4.560321e-07
1.555120299231686e-02	-7.055130e-07
1.559026549231685e-02	4.549544e-07
1.562932799231686e-02	-7.044363e-07
1.566839049231685e-02	4.538787e-07
1.570745299231685e-02	-7.033615e-07
1.574651549231685e-02	4.528050e-07
1.578557799231685e-02	-7.022888e-07
1.582464049231685e-02	4.517332e-07
1.586370299231685e-02	-7.012181e-07
1.590276549231685e-02	4.506635e-07
1.594182799231685e-02	-7.001493e-07
1.598089049231685e-02	4.495957e-07
1.601995299231685e-02	-6.990825e-07
1.605901549231685e-02	4.485299e-07
1.609807799231685e-02	-6.980177e-07
1.613714049231684e-02	4.474661e-07
1.617620299231684e-02	-6.969549e-07
1.621526549231684e-02	4.464043e-07
1.625432799231684e-02	-6.958941e-07
1.629339049231684e-02	4.453444e-07
1.633245299231684e-02	-6.948352e-07
1.637151549231684e-02	4.442865e-07
1.641057799231684e-02	-6.937783e-07
1.644964049231684e-02	4.432306e-07
1.648870299231684e-02	-6.927233e-07
1.652776549231684e-02	4.421766e-07
1.656682799231684e-02	-6.916703e-07
1.660589049231683e-02	4.411246e-07
1.664495299231683e-02	-6.906193e-07
1.668401549231683e-02	4.400745e-07
1.672307799231683e-02	-6.895702e-07
1.676214049231683e-02	4.390264e-07
1.680120299231683e-02	-6.885230e-07
1.684026549231683e-02	4.379802e-07
1.687932799231683e-02	-6.874778e-07
1.691839049231683e-02	4.369359e-07
1.695745299231683e-02	-6.864346e-07
1.699651549231683e-02	4.358937e-07
1.703557799231683e-02	-6.853932e-07
1.707464049231682e-02	4.348533e-07
1.711370299231682e-02	-6.843538e-07
1.715276549231682e-02	4.338148e-07
1.719182799231682e-02	-6.833163e-07
1.723089049231682e-02	4.327783e-07
1.726995299231682e-02	-6.822808e-07
1.730901549231682e-02	4.317438e-07
1.734807799231682e-02	-6.812472e-07
1.738714049231682e-02	4.307111e-07
1.742620299231682e-02	-6.802155e-07
1.746526549231682e-02	4.296803e-07
1.750432799231682e-02	-6.791856e-07
1.754339049231681e-02	4.286515e-07
1.758245299231681e-02	-6.781578e-07
1.762151549231681e-02	4.276245e-07
1.766057799231681e-02	-6.771318e-07
1.769964049231681e-02	4.265995e-07
1.773870299231681e-02	-6.761077e-07
1.777776549231681e-02	4.255764e-07
1.781682799231681e-02	-6.750855e-07
1.785589049231681e-02	4.245551e-07
1.789495299231681e-02	-6.740652e-07
1.793401549231681e-02	4.235358e-07
1.797307799231681e-02	-6.730468e-07
1.801214049231680e-02	4.225184e-07
1.805120299231680e-02	-6.720304e-07
1.809026549231680e-02	4.215028e-07
1.812932799231680e-02	-6.710157e-07
1.816839049231680e-02	4.204891e-07
1.820745299231680e-02	-6.700030e-07
1.824651549231680e-02	4.194773e-07
1.828557799231680e-02	-6.689921e-07
1.832464049231680e-02	4.184674e-07
1.836370299231680e-02	-6.679832e-07
1.840276549231680e-02	4.174593e-07
1.844182799231680e-02	-6.669761e-07
1.848089049231679e-02	4.164532e-07
1.851995299231679e-02	-6.659708e-07
1.855901549231679e-02	4.154489e-07
1.859807799231679e-02	-6.649674e-07
1.863714049231679e-02	4.144464e-07
1.867620299231679e-02	-6.639659e-07
1.871526549231679e-02	4.134458e-07
1.875432799231679e-02	-6.629662e-07
1.879339049231679e-02	4.124471e-07
1.883245299231679e-02	-6.619684e-07
1.887151549231679e-02	4.114502e-07
1.891057799231679e-02	-6.609725e-07
1.894964049231678e-02	4.104552e-07
1.898870299231678e-02	-6.599784e-07
1.902776549231678e-02	4.094620e-07
1.906682799231678e-02	-6.589861e-07
1.910589049231678e-02	4.084707e-07
1.914495299231678e-02	-6.579957e-07
1.918401549231678e-02	4.074812e-07
1.922307799231678e-02	-6.570071e-07
1.926214049231678e-02	4.064935e-07
1.930120299231678e-02	-6.560203e-07
1.934026549231678e-02	4.055076e-07
1.937932799231678e-02	-6.550354e-07
1.941839049231677e-02	4.045236e-07
1.945745299231677e-02	-6.540523e-07
1.949651549231677e-02	4.035415e-07
1.953557799231677e-02	-6.530710e-07
1.957464049231677e-02	4.025611e-07
1.961370299231677e-02	-6.520916e-07
1.965276549231677e-02	4.015826e-07
1.969182799231677e-02	-6.511140e-07
1.973089049231677e-02	4.006058e-07
1.976995299231677e-02	-6.501381e-07
1.980901549231677e-02	3.996309e-07
1.984807799231677e-02	-6.491641e-07
1.988714049231676e-02	3.986578e-07
1.992620299231676e-02	-6.481919e-07
1.996526549231676e-02	3.976865e-07
2.000000000000000e-02	-6.471611e-07
2.000000100000000e-02	1.896976e-02
2.000000110437453e-02	1.877659e-02
2.000000131312360e-02	1.835314e-02
2.000000173062174e-02	1.758126e-02
2.000000256561801e-02	1.620037e-02
2.000000423561056e-02	1.391508e-02
2.000000465310869e-02	1.345872e-02
2.000000548810497e-02	1.259593e-02
2.000000715809751e-02	1.118525e-02
2.000000757559565e-02	1.091061e-02
2.000000841059192e-02	1.039113e-02
2.000000861934099e-02	1.026020e-02
2.000000903683913e-02	1.004181e-02
2.000000987183540e-02	9.851789e-03
2.000001154182795e-02	9.848473e-03
2.000001438620194e-02	9.741195e-03
2.000002007494990e-02	9.735758e-03
2.000003145244585e-02	9.667381e-03
2.000005420743773e-02	9.623379e-03
2.000009971742149e-02	9.584575e-03
2.000019073738902e-02	9.548314e-03
2.000037277732408e-02	9.513859e-03
2.000073685719420e-02	9.481747e-03
2.000146501693444e-02	9.453407e-03
2.000247579561534e-02	9.527639e-03
2.000368900381713e-02	9.430891e-03
2.000523149687322e-02	9.656831e-03
2.000697021318691e-02	9.485564e-03
2.000954703003946e-02	9.452438e-03
2.001281991231766e-02	9.418657e-03
2.001667160572538e-02	9.415362e-03
2.002437499254083e-02	9.415411e-03
2.003978176617173e-02	9.415321e-03
2.007059531343352e-02	9.415323e-03
2.010965781343351e-02	9.415319e-03
2.014872031343351e-02	9.415322e-03
2.018778281343351e-02	9.415320e-03
2.022684531343351e-02	9.415321e-03
2.026590781343351e-02	9.415320e-03
2.030497031343351e-02	9.415321e-03
2.034403281343351e-02	9.415320e-03
2.038309531343351e-02	9.415321e-03
2.042215781343351e-02	9.415320e-03
2.046122031343351e-02	9.415321e-03
2.050028281343351e-02	9.415320e-03
2.053934531343351e-02	9.415321e-03
2.057840781343350e-02	9.415320e-03
2.061747031343350e-02	9.415321e-03
2.065653281343350e-02	9.415320e-03
2.069559531343350e-02	9.415321e-03
2.073465781343350e-02	9.415321e-03
2.077372031343350e-02	9.415321e-03
2.081278281343350e-02	9.415321e-03
2.085184531343350e-02	9.415321e-03
2.089090781343350e-02	9.415321e-03
2.092997031343350e-02	9.415321e-03
2.096903281343350e-02	9.415321e-03
2.100809531343350e-02	9.415321e-03
2.104715781343349e-02	9.415321e-03
2.108622031343349e-02	9.415321e-03
2.112528281343349e-02	9.415321e-03
2.116434531343349e-02	9.415321e-03
2.120340781343349e-02	9.415321e-03
2.124247031343349e-02	9.415321e-03
2.128153281343349e-02	9.415321e-03
2.132059531343349e-02	9.415321e-03
2.135965781343349e-02	9.415321e-03
2.139872031343349e-02	9.415321e-03
2.143778281343349e-02	9.415321e-03
2.147684531343349e-02	9.415321e-03
2.151590781343348e-02	9.415321e-03
2.155497031343348e-02	9.415321e-03
2.159403281343348e-02	9.415321e-03
2.163309531343348e-02	9.415321e-03
2.167215781343348e-02	9.415321e-03
2.171122031343348e-02	9.415321e-03
2.175028281343348e-02	9.415321e-03
2.178934531343348e-02	9.415321e-03
2.182840781343348e-02	9.415321e-03
2.186747031343348e-02	9.415321e-03
2.190653281343348e-02	9.415321e-03
2.194559531343348e-02	9.415321e-03
2.198465781343347e-02	9.415321e-03
2.202372031343347e-02	9.415321e-03
2.206278281343347e-02	9.415321e-03
2.210184531343347e-02	9.415321e-03
2.214090781343347e-02	9.415321e-03
2.217997031343347e-02	9.415321e-03
2.221903281343347e-02	9.415321e-03
2.225809531343347e-02	9.415321e-03
2.229715781343347e-02	9.415321e-03
2.233622031343347e-02	9.415321e-03
2.237528281343347e-02	9.415321e-03
2.241434531343347e-02	9.415321e-03
2.245340781343346e-02	9.415321e-03
2.249247031343346e-02	9.415321e-03
2.253153281343346e-02	9.415321e-03
2.257059531343346e-02	9.415321e-03
2.260965781343346e-02	9.415321e-03
2.264872031343346e-02	9.415321e-03
2.268778281343346e-02	9.415321e-03
2.272684531343346e-02	9.415321e-03
2.276590781343346e-02	9.415321e-03
2.280497031343346e-02	9.415321e-03
2.284403281343346e-02	9.415321e-03
2.288309531343346e-02	9.415321e-03
2.292215781343345e-02	9.415321e-03
2.296122031343345e-02	9.415321e-03
2.300028281343345e-02	9.415321e-03
2.303934531343345e-02	9.415321e-03
2.307840781343345e-02	9.415321e-03
2.311747031343345e-02	9.415321e-03
2.315653281343345e-02	9.415321e-03
2.319559531343345e-02	9.415321e-03
2.323465781343345e-02	9.415321e-03
2.327372031343345e-02	9.415321e-03
2.331278281343345e-02	9.415321e-03
2.335184531343345e-02	9.415321e-03
2.339090781343344e-02	9.415321e-03
2.342997031343344e-02	9.415321e-03
2.346903281343344e-02	9.415321e-03
2.350809531343344e-02	9.415321e-03
2.354715781343344e-02	9.415321e-03
2.358622031343344e-02	9.415321e-03
2.362528281343344e-02	9.415321e-03
2.366434531343344e-02	9.415321e-03
2.370340781343344e-02	9.415321e-03
2.374247031343344e-02	9.415321e-03
2.378153281343344e-02	9.415321e-03
2.382059531343344e-02	9.415321e-03
2.385965781343343e-02	9.415321e-03
2.389872031343343e-02	9.415321e-03
2.393778281343343e-02	9.415321e-03
2.397684531343343e-02	9.415321e-03
2.401590781343343e-02	9.415321e-03
2.405497031343343e-02	9.415321e-03
2.409403281343343e-02	9.415321e-03
2.413309531343343e-02	9.415321e-03
2.417215781343343e-02	9.415321e-03
2.421122031343343e-02	9.415321e-03
2.425028281343343e-02	9.415321e-03
2.428934531343343e-02	9.415321e-03
2.432840781343342e-02	9.415321e-03
2.436747031343342e-02	9.415321e-03
2.440653281343342e-02	9.415321e-03
2.444559531343342e-02	9.415321e-03
2.448465781343342e-02	9.415321e-03
2.452372031343342e-02	9.415321e-03
2.456278281343342e-02	9.415321e-03
2.460184531343342e-02	9.415321e-03
2.464090781343342e-02	9.415321e-03
2.467997031343342e-02	9.415321e-03
2.471903281343342e-02	9.415321e-03
2.475809531343342e-02	9.415321e-03
2.479715781343341e-02	9.415321e-03
2.483622031343341e-02	9.415321e-03
2.487528281343341e-02	9.415321e-03
2.491434531343341e-02	9.415321e-03
2.495340781343341e-02	9.415321e-03
2.499247031343341e-02	9.415321e-03
2.503153281343341e-02	9.415321e-03
2.507059531343341e-02	9.415321e-03
2.510965781343341e-02	9.415321e-03
2.514872031343341e-02	9.415321e-03
2.518778281343341e-02	9.415321e-03
2.522684531343341e-02	9.415321e-03
2.526590781343340e-02	9.415321e-03
2.530497031343340e-02	9.415321e-03
2.534403281343340e-02	9.415321e-03
2.538309531343340e-02	9.415321e-03
2.542215781343340e-02	9.415321e-03
2.546122031343340e-02	9.415321e-03
2.550028281343340e-02	9.415321e-03
2.553934531343340e-02	9.415321e-03
2.557840781343340e-02	9.415321e-03
2.561747031343340e-02	9.415321e-03
2.565653281343340e-02	9.415321e-03
2.569559531343340e-02	9.415321e-03
2.573465781343339e-02	9.415321e-03
2.577372031343339e-02	9.415321e-03
2.581278281343339e-02	9.415321e-03
2.585184531343339e-02	9.415321e-03
2.589090781343339e-02	9.415321e-03
2.592997031343339e-02	9.415321e-03
2.596903281343339e-02	9.415321e-03
2.600809531343339e-02	9.415321e-03
2.604715781343339e-02	9.415321e-03
2.608622031343339e-02	9.415321e-03
2.612528281343339e-02	9.415321e-03
2.616434531343339e-02	9.415321e-03
2.620340781343338e-02	9.415321e-03
2.624247031343338e-02	9.415321e-03
2.628153281343338e-02	9.415321e-03
2.632059531343338e-02	9.415321e-03
2.635965781343338e-02	9.415321e-03
2.639872031343338e-02	9.415321e-03
2.643778281343338e-02	9.415321e-03
2.647684531343338e-02	9.415321e-03
2.651590781343338e-02	9.415321e-03
2.655497031343338e-02	9.415321e-03
2.659403281343338e-02	9.415321e-03
2.663309531343338e-02	9.415321e-03
2.667215781343337e-02	9.415321e-03
2.671122031343337e-02	9.415321e-03
2.675028281343337e-02	9.415321e-03
2.678934531343337e-02	9.415321e-03
2.682840781343337e-02	9.415321e-03
2.686747031343337e-02	9.415321e-03
2.690653281343337e-02	9.415321e-03
2.694559531343337e-02	9.415321e-03
2.698465781343337e-02	9.415321e-03
2.702372031343337e-02	9.415321e-03
2.706278281343337e-02	9.415321e-03
2.710184531343337e-02	9.415321e-03
2.714090781343336e-02	9.415321e-03
2.717997031343336e-02	9.415321e-03
2.721903281343336e-02	9.415321e-03
2.725809531343336e-02	9.415321e-03
2.729715781343336e-02	9.415321e-03
2.733622031343336e-02	9.415321e-03
2.737528281343336e-02	9.415321e-03
2.741434531343336e-02	9.415321e-03
2.745340781343336e-02	9.415321e-03
2.749247031343336e-02	9.415321e-03
2.753153281343336e-02	9.415321e-03
2.757059531343336e-02	9.415321e-03
2.760965781343335e-02	9.415321e-03
2.764872031343335e-02	9.415321e-03
2.768778281343335e-02	9.415321e-03
2.772684531343335e-02	9.415321e-03
2.776590781343335e-02	9.415321e-03
2.780497031343335e-02	9.415321e-03
2.784403281343335e-02	9.415321e-03
2.788309531343335e-02	9.415321e-03
2.792215781343335e-02	9.415321e-03
2.796122031343335e-02	9.415321e-03
2.800028281343335e-02	9.415321e-03
2.803934531343335e-02	9.415321e-03
2.807840781343334e-02	9.415321e-03
2.811747031343334e-02	9.415321e-03
2.815653281343334e-02	9.415321e-03
2.819559531343334e-02	9.415321e-03
2.823465781343334e-02	9.415321e-03
2.827372031343334e-02	9.415321e-03
2.831278281343334e-02	9.415321e-03
2.835184531343334e-02	9.415321e-03
2.839090781343334e-02	9.415321e-03
2.842997031343334e-02	9.415321e-03
2.846903281343334e-02	9.415321e-03
2.850809531343334e-02	9.415321e-03
2.854715781343333e-02	9.415321e-03
2.858622031343333e-02	9.415321e-03
2.862528281343333e-02	9.415321e-03
2.866434531343333e-02	9.415321e-03
2.870340781343333e-02	9.415321e-03
2.874247031343333e-02	9.415321e-03
2.878153281343333e-02	9.415321e-03
2.882059531343333e-02	9.415321e-03
2.885965781343333e-02	9.415321e-03
2.889872031343333e-02	9.415321e-03
2.893778281343333e-02	9.415321e-03
2.897684531343333e-02	9.415321e-03
2.901590781343332e-02	9.415321e-03
2.905497031343332e-02	9.415321e-03
2.909403281343332e-02	9.415321e-03
2.913309531343332e-02	9.415321e-03
2.917215781343332e-02	9.415321e-03
2.921122031343332e-02	9.415321e-03
2.925028281343332e-02	9.415321e-03
2.928934531343332e-02	9.415321e-03
2.932840781343332e-02	9.415321e-03
2.936747031343332e-02	9.415321e-03
2.940653281343332e-02	9.415321e-03
2.944559531343332e-02	9.415321e-03
2.948465781343331e-02	9.415321e-03
2.952372031343331e-02	9.415321e-03
2.956278281343331e-02	9.415321e-03
2.960184531343331e-02	9.415321e-03
2.964090781343331e-02	9.415321e-03
2.967997031343331e-02	9.415321e-03
2.971903281343331e-02	9.415321e-03
2.975809531343331e-02	9.415321e-03
2.979715781343331e-02	9.415321e-03
2.983622031343331e-02	9.415321e-03
2.987528281343331e-02	9.415321e-03
2.991434531343331e-02	9.415321e-03
2.995340781343330e-02	9.415321e-03
2.999247031343330e-02	9.415321e-03
3.000000100000000e-02	9.415321e-03
3.000000200000000e-02	-1.057934e-02
3.000001799999999e-02	-1.049859e-02
3.000004999999997e-02	-1.058184e-02
3.000008408269289e-02	-1.057968e-02
3.000015224807874e-02	-1.057457e-02
3.000028857885043e-02	-1.055434e-02
3.000056124039381e-02	-1.040623e-02
3.000110656348057e-02	-1.046283e-02
3.000140620064443e-02	-2.028919e-03
3.000148401564848e-02	1.253425e-03
3.000152409758940e-02	-4.787350e-04
3.000155171641779e-02	9.780554e-05
3.000157877624271e-02	-1.953321e-05
3.000160693241050e-02	4.076819e-06
3.000164777655544e-02	-1.743414e-06
3.000172946484532e-02	9.056070e-07
3.000189284142508e-02	-9.497963e-07
3.000221959458461e-02	6.130566e-07
3.000287310090367e-02	-8.232302e-07
3.000418011354179e-02	5.541044e-07
3.000679413881803e-02	-7.947691e-07
3.001202218937051e-02	5.401198e-07
3.002247829047547e-02	-7.878372e-07
3.004339049268539e-02	5.366689e-07
3.008245299268539e-02	-7.860750e-07
3.012151549268539e-02	5.354416e-07
3.016057799268539e-02	-7.848489e-07
3.019964049268539e-02	5.342166e-07
3.023870299268539e-02	-7.836250e-07
3.027776549268539e-02	5.329939e-07
3.031682799268539e-02	-7.824034e-07
3.035589049268539e-02	5.317734e-07
3.039495299268538e-02	-7.811840e-07
3.043401549268538e-02	5.305552e-07
3.047307799268538e-02	-7.799670e-07
3.051214049268538e-02	5.293393e-07
3.055120299268538e-02	-7.787521e-07
3.059026549268538e-02	5.281256e-07
3.062932799268538e-02	-7.775396e-07
3.066839049268538e-02	5.269141e-07
3.070745299268538e-02	-7.763293e-07
3.074651549268538e-02	5.257049e-07
3.078557799268538e-02	-7.751212e-07
3.082464049268538e-02	5.244980e-07
3.086370299268537e-02	-7.739154e-07
3.090276549268537e-02	5.232933e-07
3.094182799268537e-02	-7.727118e-07
3.098089049268537e-02	5.220908e-07
3.101995299268537e-02	-7.715104e-07
3.105901549268537e-02	5.208905e-07
3.109807799268537e-02	-7.703113e-07
3.113714049268537e-02	5.196925e-07
3.117620299268537e-02	-7.691144e-07
3.121526549268537e-02	5.184967e-07
3.125432799268537e-02	-7.679196e-07
3.129339049268537e-02	5.173031e-07
3.133245299268537e-02	-7.667272e-07
3.137151549268537e-02	5.161118e-07
3.141057799268537e-02	-7.655369e-07
3.144964049268537e-02	5.149226e-07
3.148870299268536e-02	-7.643488e-07
3.152776549268536e-02	5.137356e-07
3.156682799268536e-02	-7.631630e-07
3.160589049268536e-02	5.125509e-07
3.164495299268536e-02	-7.619794e-07
3.168401549268536e-02	5.113683e-07
3.172307799268536e-02	-7.607979e-07
3.176214049268536e-02	5.101880e-07
3.180120299268536e-02	-7.596186e-07
3.184026549268536e-02	5.090099e-07
3.187932799268536e-02	-7.584416e-07
3.191839049268536e-02	5.078338e-07
3.195745299268535e-02	-7.572667e-07
3.199651549268535e-02	5.066601e-07
3.203557799268535e-02	-7.560939e-07
3.207464049268535e-02	5.054884e-07
3.211370299268535e-02	-7.549234e-07
3.215276549268535e-02	5.043190e-07
3.219182799268535e-02	-7.537550e-07
3.223089049268535e-02	5.031517e-07
3.226995299268535e-02	-7.525888e-07
3.230901549268535e-02	5.019866e-07
3.234807799268535e-02	-7.514248e-07
3.238714049268535e-02	5.008236e-07
3.242620299268534e-02	-7.502629e-07
3.246526549268534e-02	4.996628e-07
3.250432799268534e-02	-7.491032e-07
3.254339049268534e-02	4.985042e-07
3.258245299268534e-02	-7.479456e-07
3.262151549268534e-02	4.973476e-07
3.266057799268534e-02	-7.467902e-07
3.269964049268534e-02	4.961933e-07
3.273870299268534e-02	-7.456369e-07
3.277776549268534e-02	4.950411e-07
3.281682799268534e-02	-7.444858e-07
3.285589049268534e-02	4.938910e-07
3.289495299268533e-02	-7.433368e-07
3.293401549268533e-02	4.927431e-07
3.297307799268533e-02	-7.421899e-07
3.301214049268533e-02	4.915972e-07
3.305120299268533e-02	-7.410451e-07
3.309026549268533e-02	4.904535e-07
3.312932799268533e-02	-7.399025e-07
3.316839049268533e-02	4.893120e-07
3.320745299268533e-02	-7.387620e-07
3.324651549268533e-02	4.881725e-07
3.328557799268533e-02	-7.376236e-07
3.332464049268533e-02	4.870352e-07
3.336370299268532e-02	-7.364873e-07
3.340276549268532e-02	4.859000e-07
3.344182799268532e-02	-7.353531e-07
3.348089049268532e-02	4.847669e-07
3.351995299268532e-02	-7.342211e-07
3.355901549268532e-02	4.836359e-07
3.359807799268532e-02	-7.330911e-07
3.363714049268532e-02	4.825069e-07
3.367620299268532e-02	-7.319633e-07
3.371526549268532e-02	4.813801e-07
3.375432799268532e-02	-7.308375e-07
3.379339049268532e-02	4.802553e-07
3.383245299268531e-02	-7.297137e-07
3.387151549268531e-02	4.791327e-07
3.391057799268531e-02	-7.285922e-07
3.394964049268531e-02	4.780121e-07
3.398870299268531e-02	-7.274726e-07
3.402776549268531e-02	4.768937e-07
3.406682799268531e-02	-7.263552e-07
3.410589049268531e-02	4.757772e-07
3.414495299268531e-02	-7.252398e-07
3.418401549268531e-02	4.746629e-07
3.422307799268531e-02	-7.241265e-07
3.426214049268531e-02	4.735506e-07
3.430120299268530e-02	-7.230153e-07
3.434026549268530e-02	4.724404e-07
3.437932799268530e-02	-7.219061e-07
3.441839049268530e-02	4.713322e-07
3.445745299268530e-02	-7.207989e-07
3.449651549268530e-02	4.702261e-07
3.453557799268530e-02	-7.196938e-07
3.457464049268530e-02	4.691221e-07
3.461370299268530e-02	-7.185908e-07
3.465276549268530e-02	4.680201e-07
3.469182799268530e-02	-7.174899e-07
3.473089049268530e-02	4.669201e-07
3.476995299268529e-02	-7.163909e-07
3.480901549268529e-02	4.658222e-07
3.484807799268529e-02	-7.152940e-07
3.488714049268529e-02	4.647263e-07
3.492620299268529e-02	-7.141991e-07
3.496526549268529e-02	4.636325e-07
3.500432799268529e-02	-7.131063e-07
3.504339049268529e-02	4.625407e-07
3.508245299268529e-02	-7.120155e-07
3.512151549268529e-02	4.614509e-07
3.516057799268529e-02	-7.109267e-07
3.519964049268529e-02	4.603631e-07
3.523870299268528e-02	-7.098400e-07
3.527776549268528e-02	4.592773e-07
3.531682799268528e-02	-7.087552e-07
3.535589049268528e-02	4.581936e-07
3.539495299268528e-02	-7.076725e-07
3.543401549268528e-02	4.571119e-07
3.547307799268528e-02	-7.065918e-07
3.551214049268528e-02	4.560322e-07
3.555120299268528e-02	-7.055130e-07
3.559026549268528e-02	4.549544e-07
3.562932799268528e-02	-7.044363e-07
3.566839049268528e-02	4.538787e-07
3.570745299268527e-02	-7.033616e-07
3.574651549268527e-02	4.528050e-07
3.578557799268527e-02	-7.022888e-07
3.582464049268527e-02	4.517332e-07
3.586370299268527e-02	-7.012181e-07
3.590276549268527e-02	4.506635e-07
3.594182799268527e-02	-7.001494e-07
3.598089049268527e-02	4.495957e-07
3.601995299268527e-02	-6.990826e-07
3.605901549268527e-02	4.485299e-07
3.609807799268527e-02	-6.980178e-07
3.613714049268527e-02	4.474661e-07
3.617620299268526e-02	-6.969549e-07
3.621526549268526e-02	4.464043e-07
3.625432799268526e-02	-6.958941e-07
3.629339049268526e-02	4.453444e-07
3.633245299268526e-02	-6.948353e-07
3.637151549268526e-02	4.442865e-07
3.641057799268526e-02	-6.937783e-07
3.644964049268526e-02	4.432306e-07
3.648870299268526e-02	-6.927233e-07
3.652776549268526e-02	4.421766e-07
3.656682799268526e-02	-6.916704e-07
3.660589049268526e-02	4.411246e-07
3.664495299268525e-02	-6.906193e-07
3.668401549268525e-02	4.400745e-07
3.672307799268525e-02	-6.895702e-07
3.676214049268525e-02	4.390264e-07
3.680120299268525e-02	-6.885231e-07
3.684026549268525e-02	4.379802e-07
3.687932799268525e-02	-6.874778e-07
3.691839049268525e-02	4.369360e-07
3.695745299268525e-02	-6.864346e-07
3.699651549268525e-02	4.358937e-07
3.703557799268525e-02	-6.853933e-07
3.707464049268525e-02	4.348533e-07
3.711370299268524e-02	-6.843538e-07
3.715276549268524e-02	4.338149e-07
3.719182799268524e-02	-6.833164e-07
3.723089049268524e-02	4.327784e-07
3.726995299268524e-02	-6.822808e-07
3.730901549268524e-02	4.317438e-07
3.734807799268524e-02	-6.812472e-07
3.738714049268524e-02	4.307111e-07
3.742620299268524e-02	-6.802155e-07
3.746526549268524e-02	4.296803e-07
3.750432799268524e-02	-6.791857e-07
3.754339049268524e-02	4.286515e-07
3.758245299268523e-02	-6.781578e-07
3.762151549268523e-02	4.276246e-07
3.766057799268523e-02	-6.771318e-07
3.769964049268523e-02	4.265995e-07
3.773870299268523e-02	-6.761077e-07
3.777776549268523e-02	4.255764e-07
3.781682799268523e-02	-6.750856e-07
3.785589049268523e-02	4.245552e-07
3.789495299268523e-02	-6.740653e-07
3.793401549268523e-02	4.235358e-07
3.797307799268523e-02	-6.730469e-07
3.801214049268523e-02	4.225184e-07
3.805120299268522e-02	-6.720304e-07
3.809026549268522e-02	4.215028e-07
3.812932799268522e-02	-6.710158e-07
3.816839049268522e-02	4.204892e-07
3.820745299268522e-02	-6.700030e-07
3.824651549268522e-02	4.194773e-07
3.828557799268522e-02	-6.689922e-07
3.832464049268522e-02	4.184674e-07
3.836370299268522e-02	-6.679832e-07
3.840276549268522e-02	4.174594e-07
3.844182799268522e-02	-6.669761e-07
3.848089049268522e-02	4.164532e-07
3.851995299268521e-02	-6.659708e-07
3.855901549268521e-02	4.154489e-07
3.859807799268521e-02	-6.649674e-07
3.863714049268521e-02	4.144464e-07
3.867620299268521e-02	-6.639659e-07
3.871526549268521e-02	4.134459e-07
3.875432799268521e-02	-6.629663e-07
3.879339049268521e-02	4.124471e-07
3.883245299268521e-02	-6.619684e-07
3.887151549268521e-02	4.114503e-07
3.891057799268521e-02	-6.609725e-07
3.894964049268521e-02	4.104552e-07
3.898870299268520e-02	-6.599784e-07
3.902776549268520e-02	4.094620e-07
3.906682799268520e-02	-6.589862e-07
3.910589049268520e-02	4.084707e-07
3.914495299268520e-02	-6.579957e-07
3.918401549268520e-02	4.074812e-07
3.922307799268520e-02	-6.570071e-07
3.926214049268520e-02	4.064935e-07
3.930120299268520e-02	-6.560203e-07
3.934026549268520e-02	4.055077e-07
3.937932799268520e-02	-6.550354e-07
3.941839049268520e-02	4.045237e-07
3.945745299268519e-02	-6.540524e-07
3.949651549268519e-02	4.035415e-07
3.953557799268519e-02	-6.530711e-07
3.957464049268519e-02	4.025611e-07
3.961370299268519e-02	-6.520916e-07
3.965276549268519e-02	4.015826e-07
3.969182799268519e-02	-6.511140e-07
3.973089049268519e-02	4.006058e-07
3.976995299268519e-02	-6.501382e-07
3.980901549268519e-02	3.996309e-07
3.984807799268519e-02	-6.491642e-07
3.988714049268519e-02	3.986578e-07
3.992620299268518e-02	-6.481919e-07
3.996526549268518e-02	3.976865e-07
4.000000000000000e-02	-6.471611e-07
Step Information: F=100  (Step: 3/10)
0.000000000000000e+00	-1.250100e-07
1.953125022824409e-10	3.828479e-03
3.906250045648818e-10	7.572199e-03
7.812500091297636e-10	1.492023e-02
1.000000000000000e-09	1.890481e-02
1.562500018259527e-09	1.780455e-02
2.417293698510318e-09	1.636738e-02
3.702607845624135e-09	1.458235e-02
6.273236139851769e-09	1.182019e-02
6.682437633872818e-09	1.151909e-02
7.500840621914917e-09	1.090943e-02
9.137646597999115e-09	9.969866e-03
9.310902475862820e-09	9.920644e-03
9.657414231590231e-09	9.867205e-03
1.035043774304505e-08	9.909244e-03
1.173648476595470e-08	9.860125e-03
1.450857881177399e-08	9.767228e-03
2.005276690341256e-08	9.706461e-03
3.114114308668972e-08	9.661414e-03
5.331789545324403e-08	9.622031e-03
9.767140018635264e-08	9.584913e-03
1.863784096525699e-07	9.549186e-03
3.637924285850043e-07	9.514906e-03
7.186204664498733e-07	9.482795e-03
1.428276542179611e-06	9.454331e-03
2.436814606824188e-06	9.538709e-03
3.632355680640862e-06	9.431766e-03
5.180168258496287e-06	9.672517e-03
6.890422374800344e-06	9.488683e-03
9.462952620299328e-06	9.454967e-03
1.268352040773514e-05	9.418831e-03
1.647138346515862e-05	9.415366e-03
2.404710958000559e-05	9.415422e-03
3.919856180969954e-05	9.415321e-03
5.872981180969954e-05	9.415323e-03
7.826106180969955e-05	9.415320e-03
9.779231180969955e-05	9.415321e-03
1.173235618096996e-04	9.415320e-03
1.368548118096995e-04	9.415321e-03
1.563860618096995e-04	9.415320e-03
1.759173118096995e-04	9.415321e-03
1.954485618096995e-04	9.415320e-03
2.149798118096995e-04	9.415321e-03
2.345110618096995e-04	9.415321e-03
2.540423118096995e-04	9.415321e-03
2.735735618096995e-04	9.415321e-03
2.931048118096995e-04	9.415321e-03
3.126360618096995e-04	9.415321e-03
3.321673118096996e-04	9.415321e-03
3.516985618096996e-04	9.415321e-03
3.712298118096996e-04	9.415321e-03
3.907610618096996e-04	9.415321e-03
4.102923118096996e-04	9.415321e-03
4.298235618096996e-04	9.415321e-03
4.493548118096997e-04	9.415321e-03
4.688860618096997e-04	9.415321e-03
4.884173118096997e-04	9.415321e-03
5.079485618096997e-04	9.415321e-03
5.274798118096997e-04	9.415321e-03
5.470110618096997e-04	9.415321e-03
5.665423118096998e-04	9.415321e-03
5.860735618096998e-04	9.415321e-03
6.056048118096998e-04	9.415321e-03
6.251360618096998e-04	9.415321e-03
6.446673118096998e-04	9.415321e-03
6.641985618096998e-04	9.415321e-03
6.837298118096999e-04	9.415321e-03
7.032610618096999e-04	9.415321e-03
7.227923118096999e-04	9.415321e-03
7.423235618096999e-04	9.415321e-03
7.618548118096999e-04	9.415321e-03
7.813860618097000e-04	9.415321e-03
8.009173118097000e-04	9.415321e-03
8.204485618097000e-04	9.415321e-03
8.399798118097000e-04	9.415321e-03
8.595110618097000e-04	9.415321e-03
8.790423118097000e-04	9.415321e-03
8.985735618097001e-04	9.415321e-03
9.181048118097001e-04	9.415321e-03
9.376360618097001e-04	9.415321e-03
9.571673118097001e-04	9.415321e-03
9.766985618097001e-04	9.415321e-03
9.962298118097001e-04	9.415321e-03
1.015761061809700e-03	9.415321e-03
1.035292311809700e-03	9.415321e-03
1.054823561809700e-03	9.415321e-03
1.074354811809700e-03	9.415321e-03
1.093886061809700e-03	9.415321e-03
1.113417311809700e-03	9.415321e-03
1.132948561809700e-03	9.415321e-03
1.152479811809700e-03	9.415321e-03
1.172011061809700e-03	9.415321e-03
1.191542311809700e-03	9.415321e-03
1.211073561809700e-03	9.415321e-03
1.230604811809700e-03	9.415321e-03
1.250136061809700e-03	9.415321e-03
1.269667311809700e-03	9.415321e-03
1.289198561809700e-03	9.415321e-03
1.308729811809700e-03	9.415321e-03
1.328261061809700e-03	9.415321e-03
1.347792311809700e-03	9.415321e-03
1.367323561809700e-03	9.415321e-03
1.386854811809700e-03	9.415321e-03
1.406386061809701e-03	9.415321e-03
1.425917311809701e-03	9.415321e-03
1.445448561809701e-03	9.415321e-03
1.464979811809701e-03	9.415321e-03
1.484511061809701e-03	9.415321e-03
1.504042311809701e-03	9.415321e-03
1.523573561809701e-03	9.415321e-03
1.543104811809701e-03	9.415321e-03
1.562636061809701e-03	9.415321e-03
1.582167311809701e-03	9.415321e-03
1.601698561809701e-03	9.415321e-03
1.621229811809701e-03	9.415321e-03
1.640761061809701e-03	9.415321e-03
1.660292311809701e-03	9.415321e-03
1.679823561809701e-03	9.415321e-03
1.699354811809701e-03	9.415321e-03
1.718886061809701e-03	9.415321e-03
1.738417311809701e-03	9.415321e-03
1.757948561809701e-03	9.415321e-03
1.777479811809701e-03	9.415321e-03
1.797011061809701e-03	9.415321e-03
1.816542311809701e-03	9.415321e-03
1.836073561809701e-03	9.415321e-03
1.855604811809701e-03	9.415321e-03
1.875136061809701e-03	9.415321e-03
1.894667311809701e-03	9.415321e-03
1.914198561809701e-03	9.415321e-03
1.933729811809701e-03	9.415321e-03
1.953261061809701e-03	9.415321e-03
1.972792311809701e-03	9.415321e-03
1.992323561809701e-03	9.415321e-03
2.011854811809701e-03	9.415321e-03
2.031386061809701e-03	9.415321e-03
2.050917311809701e-03	9.415321e-03
2.070448561809701e-03	9.415321e-03
2.089979811809701e-03	9.415321e-03
2.109511061809701e-03	9.415321e-03
2.129042311809701e-03	9.415321e-03
2.148573561809701e-03	9.415321e-03
2.168104811809701e-03	9.415321e-03
2.187636061809701e-03	9.415321e-03
2.207167311809701e-03	9.415321e-03
2.226698561809701e-03	9.415321e-03
2.246229811809701e-03	9.415321e-03
2.265761061809701e-03	9.415321e-03
2.285292311809701e-03	9.415321e-03
2.304823561809701e-03	9.415321e-03
2.324354811809701e-03	9.415321e-03
2.343886061809701e-03	9.415321e-03
2.363417311809701e-03	9.415321e-03
2.382948561809701e-03	9.415321e-03
2.402479811809701e-03	9.415321e-03
2.422011061809701e-03	9.415321e-03
2.441542311809701e-03	9.415321e-03
2.461073561809701e-03	9.415321e-03
2.480604811809701e-03	9.415321e-03
2.500136061809701e-03	9.415321e-03
2.519667311809701e-03	9.415321e-03
2.539198561809702e-03	9.415321e-03
2.558729811809702e-03	9.415321e-03
2.578261061809702e-03	9.415321e-03
2.597792311809702e-03	9.415321e-03
2.617323561809702e-03	9.415321e-03
2.636854811809702e-03	9.415321e-03
2.656386061809702e-03	9.415321e-03
2.675917311809702e-03	9.415321e-03
2.695448561809702e-03	9.415321e-03
2.714979811809702e-03	9.415321e-03
2.734511061809702e-03	9.415321e-03
2.754042311809702e-03	9.415321e-03
2.773573561809702e-03	9.415321e-03
2.793104811809702e-03	9.415321e-03
2.812636061809702e-03	9.415321e-03
2.832167311809702e-03	9.415321e-03
2.851698561809702e-03	9.415321e-03
2.871229811809702e-03	9.415321e-03
2.890761061809702e-03	9.415321e-03
2.910292311809702e-03	9.415321e-03
2.929823561809702e-03	9.415321e-03
2.949354811809702e-03	9.415321e-03
2.968886061809702e-03	9.415321e-03
2.988417311809702e-03	9.415321e-03
3.007948561809702e-03	9.415321e-03
3.027479811809702e-03	9.415321e-03
3.047011061809702e-03	9.415321e-03
3.066542311809702e-03	9.415321e-03
3.086073561809702e-03	9.415321e-03
3.105604811809702e-03	9.415321e-03
3.125136061809702e-03	9.415321e-03
3.144667311809702e-03	9.415321e-03
3.164198561809702e-03	9.415321e-03
3.183729811809702e-03	9.415321e-03
3.203261061809702e-03	9.415321e-03
3.222792311809702e-03	9.415321e-03
3.242323561809702e-03	9.415321e-03
3.261854811809702e-03	9.415321e-03
3.281386061809702e-03	9.415321e-03
3.300917311809702e-03	9.415321e-03
3.320448561809702e-03	9.415321e-03
3.339979811809702e-03	9.415321e-03
3.359511061809702e-03	9.415321e-03
3.379042311809702e-03	9.415321e-03
3.398573561809702e-03	9.415321e-03
3.418104811809702e-03	9.415321e-03
3.437636061809702e-03	9.415321e-03
3.457167311809702e-03	9.415321e-03
3.476698561809702e-03	9.415321e-03
3.496229811809702e-03	9.415321e-03
3.515761061809702e-03	9.415321e-03
3.535292311809702e-03	9.415321e-03
3.554823561809702e-03	9.415321e-03
3.574354811809702e-03	9.415321e-03
3.593886061809702e-03	9.415321e-03
3.613417311809702e-03	9.415321e-03
3.632948561809702e-03	9.415321e-03
3.652479811809703e-03	9.415321e-03
3.672011061809703e-03	9.415321e-03
3.691542311809703e-03	9.415321e-03
3.711073561809703e-03	9.415321e-03
3.730604811809703e-03	9.415321e-03
3.750136061809703e-03	9.415321e-03
3.769667311809703e-03	9.415321e-03
3.789198561809703e-03	9.415321e-03
3.808729811809703e-03	9.415321e-03
3.828261061809703e-03	9.415321e-03
3.847792311809703e-03	9.415321e-03
3.867323561809703e-03	9.415321e-03
3.886854811809703e-03	9.415321e-03
3.906386061809703e-03	9.415321e-03
3.925917311809702e-03	9.415321e-03
3.945448561809702e-03	9.415321e-03
3.964979811809701e-03	9.415321e-03
3.984511061809701e-03	9.415321e-03
4.004042311809701e-03	9.415321e-03
4.023573561809700e-03	9.415321e-03
4.043104811809700e-03	9.415321e-03
4.062636061809699e-03	9.415321e-03
4.082167311809699e-03	9.415321e-03
4.101698561809699e-03	9.415321e-03
4.121229811809698e-03	9.415321e-03
4.140761061809698e-03	9.415321e-03
4.160292311809697e-03	9.415321e-03
4.179823561809697e-03	9.415321e-03
4.199354811809696e-03	9.415321e-03
4.218886061809696e-03	9.415321e-03
4.238417311809696e-03	9.415321e-03
4.257948561809695e-03	9.415321e-03
4.277479811809695e-03	9.415321e-03
4.297011061809694e-03	9.415321e-03
4.316542311809694e-03	9.415321e-03
4.336073561809694e-03	9.415321e-03
4.355604811809693e-03	9.415321e-03
4.375136061809693e-03	9.415321e-03
4.394667311809692e-03	9.415321e-03
4.414198561809692e-03	9.415321e-03
4.433729811809691e-03	9.415321e-03
4.453261061809691e-03	9.415321e-03
4.472792311809691e-03	9.415321e-03
4.492323561809690e-03	9.415321e-03
4.511854811809690e-03	9.415321e-03
4.531386061809689e-03	9.415321e-03
4.550917311809689e-03	9.415321e-03
4.570448561809689e-03	9.415321e-03
4.589979811809688e-03	9.415321e-03
4.609511061809688e-03	9.415321e-03
4.629042311809687e-03	9.415321e-03
4.648573561809687e-03	9.415321e-03
4.668104811809686e-03	9.415321e-03
4.687636061809686e-03	9.415321e-03
4.707167311809686e-03	9.415321e-03
4.726698561809685e-03	9.415321e-03
4.746229811809685e-03	9.415321e-03
4.765761061809684e-03	9.415321e-03
4.785292311809684e-03	9.415321e-03
4.804823561809684e-03	9.415321e-03
4.824354811809683e-03	9.415321e-03
4.843886061809683e-03	9.415321e-03
4.863417311809682e-03	9.415321e-03
4.882948561809682e-03	9.415321e-03
4.902479811809681e-03	9.415321e-03
4.922011061809681e-03	9.415321e-03
4.941542311809681e-03	9.415321e-03
4.961073561809680e-03	9.415321e-03
4.980604811809680e-03	9.415321e-03
5.000001000000000e-03	9.415321e-03
5.000002000000001e-03	-1.057934e-02
5.000018000000006e-03	-1.049859e-02
5.000050000000017e-03	-1.058184e-02
5.000084082692940e-03	-1.057968e-02
5.000152248078787e-03	-1.057457e-02
5.000288578850479e-03	-1.055434e-02
5.000561240393863e-03	-1.040623e-02
5.001106563480632e-03	-1.046283e-02
5.001406200644459e-03	-2.028919e-03
5.001484015648439e-03	1.253425e-03
5.001524097589368e-03	-4.787350e-04
5.001551716417777e-03	9.780554e-05
5.001578776242730e-03	-1.953321e-05
5.001606932410553e-03	4.076819e-06
5.001647776555558e-03	-1.743414e-06
5.001729464845569e-03	9.056070e-07
5.001892841425591e-03	-9.497963e-07
5.002219594585636e-03	6.130566e-07
5.002873100905724e-03	-8.232302e-07
5.004180113545902e-03	5.541045e-07
5.006794138826258e-03	-7.947691e-07
5.012022189386968e-03	5.401198e-07
5.022478290508390e-03	-7.878372e-07
5.042009540508390e-03	5.365878e-07
5.061540790508389e-03	-7.853807e-07
5.081072040508389e-03	5.341358e-07
5.100603290508389e-03	-7.829332e-07
5.120134540508388e-03	5.316929e-07
5.139665790508388e-03	-7.804949e-07
5.159197040508387e-03	5.292591e-07
5.178728290508387e-03	-7.780655e-07
5.198259540508387e-03	5.268342e-07
5.217790790508386e-03	-7.756452e-07
5.237322040508386e-03	5.244183e-07
5.256853290508385e-03	-7.732338e-07
5.276384540508385e-03	5.220115e-07
5.295915790508384e-03	-7.708314e-07
5.315447040508384e-03	5.196135e-07
5.334978290508384e-03	-7.684378e-07
5.354509540508383e-03	5.172244e-07
5.374040790508383e-03	-7.660532e-07
5.393572040508382e-03	5.148441e-07
5.413103290508382e-03	-7.636773e-07
5.432634540508382e-03	5.124728e-07
5.452165790508381e-03	-7.613103e-07
5.471697040508381e-03	5.101101e-07
5.491228290508380e-03	-7.589521e-07
5.510759540508380e-03	5.077563e-07
5.530290790508379e-03	-7.566026e-07
5.549822040508379e-03	5.054111e-07
5.569353290508379e-03	-7.542618e-07
5.588884540508378e-03	5.030747e-07
5.608415790508378e-03	-7.519297e-07
5.627947040508377e-03	5.007469e-07
5.647478290508377e-03	-7.496062e-07
5.667009540508377e-03	4.984277e-07
5.686540790508376e-03	-7.472913e-07
5.706072040508376e-03	4.961171e-07
5.725603290508375e-03	-7.449851e-07
5.745134540508375e-03	4.938152e-07
5.764665790508374e-03	-7.426873e-07
5.784197040508374e-03	4.915216e-07
5.803728290508374e-03	-7.403981e-07
5.823259540508373e-03	4.892367e-07
5.842790790508373e-03	-7.381174e-07
5.862322040508372e-03	4.869602e-07
5.881853290508372e-03	-7.358451e-07
5.901384540508372e-03	4.846921e-07
5.920915790508371e-03	-7.335812e-07
5.940447040508371e-03	4.824324e-07
5.959978290508370e-03	-7.313258e-07
5.979509540508370e-03	4.801811e-07
5.999040790508369e-03	-7.290786e-07
6.018572040508369e-03	4.779382e-07
6.038103290508369e-03	-7.268399e-07
6.057634540508368e-03	4.757036e-07
6.077165790508368e-03	-7.246094e-07
6.096697040508367e-03	4.734772e-07
6.116228290508367e-03	-7.223871e-07
6.135759540508367e-03	4.712591e-07
6.155290790508366e-03	-7.201731e-07
6.174822040508366e-03	4.690492e-07
6.194353290508365e-03	-7.179674e-07
6.213884540508365e-03	4.668476e-07
6.233415790508364e-03	-7.157698e-07
6.252947040508364e-03	4.646540e-07
6.272478290508364e-03	-7.135803e-07
6.292009540508363e-03	4.624686e-07
6.311540790508363e-03	-7.113990e-07
6.331072040508362e-03	4.602913e-07
6.350603290508362e-03	-7.092257e-07
6.370134540508362e-03	4.581221e-07
6.389665790508361e-03	-7.070605e-07
6.409197040508361e-03	4.559609e-07
6.428728290508360e-03	-7.049033e-07
6.448259540508360e-03	4.538077e-07
6.467790790508359e-03	-7.027541e-07
6.487322040508359e-03	4.516625e-07
6.506853290508359e-03	-7.006129e-07
6.526384540508358e-03	4.495253e-07
6.545915790508358e-03	-6.984796e-07
6.565447040508357e-03	4.473959e-07
6.584978290508357e-03	-6.963542e-07
6.604509540508357e-03	4.452745e-07
6.624040790508356e-03	-6.942367e-07
6.643572040508356e-03	4.431609e-07
6.663103290508355e-03	-6.921271e-07
6.682634540508355e-03	4.410552e-07
6.702165790508354e-03	-6.900252e-07
6.721697040508354e-03	4.389572e-07
6.741228290508354e-03	-6.879312e-07
6.760759540508353e-03	4.368671e-07
6.780290790508353e-03	-6.858449e-07
6.799822040508352e-03	4.347847e-07
6.819353290508352e-03	-6.837664e-07
6.838884540508352e-03	4.327100e-07
6.858415790508351e-03	-6.816955e-07
6.877947040508351e-03	4.306430e-07
6.897478290508350e-03	-6.796323e-07
6.917009540508350e-03	4.285836e-07
6.936540790508349e-03	-6.775768e-07
6.956072040508349e-03	4.265319e-07
6.975603290508349e-03	-6.755289e-07
6.995134540508348e-03	4.244878e-07
7.014665790508348e-03	-6.734886e-07
7.034197040508347e-03	4.224513e-07
7.053728290508347e-03	-6.714558e-07
7.073259540508347e-03	4.204223e-07
7.092790790508346e-03	-6.694306e-07
7.112322040508346e-03	4.184008e-07
7.131853290508345e-03	-6.674128e-07
7.151384540508345e-03	4.163868e-07
7.170915790508344e-03	-6.654026e-07
7.190447040508344e-03	4.143803e-07
7.209978290508344e-03	-6.633998e-07
7.229509540508343e-03	4.123812e-07
7.249040790508343e-03	-6.614044e-07
7.268572040508342e-03	4.103896e-07
7.288103290508342e-03	-6.594165e-07
7.307634540508342e-03	4.084053e-07
7.327165790508341e-03	-6.574359e-07
7.346697040508341e-03	4.064283e-07
7.366228290508340e-03	-6.554626e-07
7.385759540508340e-03	4.044587e-07
7.405290790508339e-03	-6.534967e-07
7.424822040508339e-03	4.024964e-07
7.444353290508339e-03	-6.515380e-07
7.463884540508338e-03	4.005414e-07
7.483415790508338e-03	-6.495866e-07
7.502947040508337e-03	3.985936e-07
7.522478290508337e-03	-6.476424e-07
7.542009540508337e-03	3.966530e-07
7.561540790508336e-03	-6.457055e-07
7.581072040508336e-03	3.947197e-07
7.600603290508335e-03	-6.437756e-07
7.620134540508335e-03	3.927935e-07
7.639665790508334e-03	-6.418530e-07
7.659197040508334e-03	3.908744e-07
7.678728290508334e-03	-6.399375e-07
7.698259540508333e-03	3.889624e-07
7.717790790508333e-03	-6.380291e-07
7.737322040508332e-03	3.870576e-07
7.756853290508332e-03	-6.361278e-07
7.776384540508332e-03	3.851598e-07
7.795915790508331e-03	-6.342335e-07
7.815447040508331e-03	3.832690e-07
7.834978290508330e-03	-6.323462e-07
7.854509540508330e-03	3.813852e-07
7.874040790508329e-03	-6.304659e-07
7.893572040508329e-03	3.795084e-07
7.913103290508329e-03	-6.285926e-07
7.932634540508328e-03	3.776386e-07
7.952165790508328e-03	-6.267263e-07
7.971697040508327e-03	3.757757e-07
7.991228290508327e-03	-6.248668e-07
8.010759540508327e-03	3.739196e-07
8.030290790508326e-03	-6.230142e-07
8.049822040508326e-03	3.720705e-07
8.069353290508325e-03	-6.211686e-07
8.088884540508325e-03	3.702283e-07
8.108415790508324e-03	-6.193297e-07
8.127947040508324e-03	3.683928e-07
8.147478290508324e-03	-6.174977e-07
8.167009540508323e-03	3.665642e-07
8.186540790508323e-03	-6.156724e-07
8.206072040508322e-03	3.647423e-07
8.225603290508322e-03	-6.138540e-07
8.245134540508322e-03	3.629272e-07
8.264665790508321e-03	-6.120422e-07
8.284197040508321e-03	3.611189e-07
8.303728290508320e-03	-6.102372e-07
8.323259540508320e-03	3.593172e-07
8.342790790508319e-03	-6.084388e-07
8.362322040508319e-03	3.575222e-07
8.381853290508319e-03	-6.066472e-07
8.401384540508318e-03	3.557338e-07
8.420915790508318e-03	-6.048621e-07
8.440447040508317e-03	3.539521e-07
8.459978290508317e-03	-6.030837e-07
8.479509540508317e-03	3.521770e-07
8.499040790508316e-03	-6.013119e-07
8.518572040508316e-03	3.504084e-07
8.538103290508315e-03	-5.995466e-07
8.557634540508315e-03	3.486464e-07
8.577165790508314e-03	-5.977879e-07
8.596697040508314e-03	3.468910e-07
8.616228290508314e-03	-5.960357e-07
8.635759540508313e-03	3.451420e-07
8.655290790508313e-03	-5.942900e-07
8.674822040508312e-03	3.433996e-07
8.694353290508312e-03	-5.925507e-07
8.713884540508312e-03	3.416636e-07
8.733415790508311e-03	-5.908180e-07
8.752947040508311e-03	3.399340e-07
8.772478290508310e-03	-5.890916e-07
8.792009540508310e-03	3.382108e-07
8.811540790508310e-03	-5.873716e-07
8.831072040508309e-03	3.364941e-07
8.850603290508309e-03	-5.856580e-07
8.870134540508308e-03	3.347836e-07
8.889665790508308e-03	-5.839508e-07
8.909197040508307e-03	3.330796e-07
8.928728290508307e-03	-5.822499e-07
8.948259540508307e-03	3.313818e-07
8.967790790508306e-03	-5.805553e-07
8.987322040508306e-03	3.296903e-07
9.006853290508305e-03	-5.788669e-07
9.026384540508305e-03	3.280051e-07
9.045915790508305e-03	-5.771849e-07
9.065447040508304e-03	3.263262e-07
9.084978290508304e-03	-5.755090e-07
9.104509540508303e-03	3.246534e-07
9.124040790508303e-03	-5.738394e-07
9.143572040508302e-03	3.229869e-07
9.163103290508302e-03	-5.721760e-07
9.182634540508302e-03	3.213266e-07
9.202165790508301e-03	-5.705187e-07
9.221697040508301e-03	3.196724e-07
9.241228290508300e-03	-5.688676e-07
9.260759540508300e-03	3.180243e-07
9.280290790508300e-03	-5.672225e-07
9.299822040508299e-03	3.163823e-07
9.319353290508299e-03	-5.655836e-07
9.338884540508298e-03	3.147464e-07
9.358415790508298e-03	-5.639508e-07
9.377947040508297e-03	3.131166e-07
9.397478290508297e-03	-5.623240e-07
9.417009540508297e-03	3.114928e-07
9.436540790508296e-03	-5.607032e-07
9.456072040508296e-03	3.098751e-07
9.475603290508295e-03	-5.590884e-07
9.495134540508295e-03	3.082633e-07
9.514665790508295e-03	-5.574797e-07
9.534197040508294e-03	3.066575e-07
9.553728290508294e-03	-5.558769e-07
9.573259540508293e-03	3.050577e-07
9.592790790508293e-03	-5.542800e-07
9.612322040508292e-03	3.034638e-07
9.631853290508292e-03	-5.526891e-07
9.651384540508292e-03	3.018758e-07
9.670915790508291e-03	-5.511040e-07
9.690447040508291e-03	3.002937e-07
9.709978290508290e-03	-5.495248e-07
9.729509540508290e-03	2.987174e-07
9.749040790508290e-03	-5.479515e-07
9.768572040508289e-03	2.971470e-07
9.788103290508289e-03	-5.463840e-07
9.807634540508288e-03	2.955824e-07
9.827165790508288e-03	-5.448223e-07
9.846697040508287e-03	2.940236e-07
9.866228290508287e-03	-5.432664e-07
9.885759540508287e-03	2.924706e-07
9.905290790508286e-03	-5.417163e-07
9.924822040508286e-03	2.909234e-07
9.944353290508285e-03	-5.401719e-07
9.963884540508285e-03	2.893819e-07
9.983415790508285e-03	-5.386332e-07
1.000000000000000e-02	2.877099e-07
1.000000100000000e-02	1.897057e-02
1.000000110438625e-02	1.877736e-02
1.000000131315876e-02	1.835384e-02
1.000000173070378e-02	1.758183e-02
1.000000256579382e-02	1.620072e-02
1.000000423597391e-02	1.391512e-02
1.000000465351892e-02	1.345871e-02
1.000000548860897e-02	1.259583e-02
1.000000715878905e-02	1.118503e-02
1.000000757633407e-02	1.091039e-02
1.000000841142411e-02	1.039089e-02
1.000000862019662e-02	1.025995e-02
1.000000903774164e-02	1.004158e-02
1.000000987283168e-02	9.851779e-03
1.000001154301176e-02	9.846423e-03
1.000001439320243e-02	9.741341e-03
1.000002009358377e-02	9.736150e-03
1.000003149434644e-02	9.667383e-03
1.000005429587180e-02	9.623305e-03
1.000009989892251e-02	9.584481e-03
1.000019110502394e-02	9.548216e-03
1.000037351722680e-02	9.513763e-03
1.000073834163251e-02	9.481657e-03
1.000146799044394e-02	9.453332e-03
1.000247897799625e-02	9.526806e-03
1.000369359004307e-02	9.430822e-03
1.000523574353034e-02	9.655628e-03
1.000697673543745e-02	9.485316e-03
1.000955400427399e-02	9.452241e-03
1.001283112676913e-02	9.418642e-03
1.001668807087834e-02	9.415362e-03
1.002440195909674e-02	9.415410e-03
1.003982973553355e-02	9.415321e-03
1.005936098553355e-02	9.415322e-03
1.007889223553355e-02	9.415320e-03
1.009842348553355e-02	9.415321e-03
1.011795473553355e-02	9.415320e-03
1.013748598553355e-02	9.415321e-03
1.015701723553355e-02	9.415320e-03
1.017654848553355e-02	9.415321e-03
1.019607973553355e-02	9.415320e-03
1.021561098553355e-02	9.415321e-03
1.023514223553355e-02	9.415321e-03
1.025467348553355e-02	9.415321e-03
1.027420473553355e-02	9.415321e-03
1.029373598553355e-02	9.415321e-03
1.031326723553355e-02	9.415321e-03
1.033279848553354e-02	9.415321e-03
1.035232973553354e-02	9.415321e-03
1.037186098553354e-02	9.415321e-03
1.039139223553354e-02	9.415321e-03
1.041092348553354e-02	9.415321e-03
1.043045473553354e-02	9.415321e-03
1.044998598553354e-02	9.415321e-03
1.046951723553354e-02	9.415321e-03
1.048904848553354e-02	9.415321e-03
1.050857973553354e-02	9.415321e-03
1.052811098553354e-02	9.415321e-03
1.054764223553354e-02	9.415321e-03
1.056717348553354e-02	9.415321e-03
1.058670473553354e-02	9.415321e-03
1.060623598553354e-02	9.415321e-03
1.062576723553354e-02	9.415321e-03
1.064529848553354e-02	9.415321e-03
1.066482973553354e-02	9.415321e-03
1.068436098553354e-02	9.415321e-03
1.070389223553354e-02	9.415321e-03
1.072342348553354e-02	9.415321e-03
1.074295473553354e-02	9.415321e-03
1.076248598553354e-02	9.415321e-03
1.078201723553354e-02	9.415321e-03
1.080154848553353e-02	9.415321e-03
1.082107973553353e-02	9.415321e-03
1.084061098553353e-02	9.415321e-03
1.086014223553353e-02	9.415321e-03
1.087967348553353e-02	9.415321e-03
1.089920473553353e-02	9.415321e-03
1.091873598553353e-02	9.415321e-03
1.093826723553353e-02	9.415321e-03
1.095779848553353e-02	9.415321e-03
1.097732973553353e-02	9.415321e-03
1.099686098553353e-02	9.415321e-03
1.101639223553353e-02	9.415321e-03
1.103592348553353e-02	9.415321e-03
1.105545473553353e-02	9.415321e-03
1.107498598553353e-02	9.415321e-03
1.109451723553353e-02	9.415321e-03
1.111404848553353e-02	9.415321e-03
1.113357973553353e-02	9.415321e-03
1.115311098553353e-02	9.415321e-03
1.117264223553353e-02	9.415321e-03
1.119217348553353e-02	9.415321e-03
1.121170473553353e-02	9.415321e-03
1.123123598553353e-02	9.415321e-03
1.125076723553353e-02	9.415321e-03
1.127029848553352e-02	9.415321e-03
1.128982973553352e-02	9.415321e-03
1.130936098553352e-02	9.415321e-03
1.132889223553352e-02	9.415321e-03
1.134842348553352e-02	9.415321e-03
1.136795473553352e-02	9.415321e-03
1.138748598553352e-02	9.415321e-03
1.140701723553352e-02	9.415321e-03
1.142654848553352e-02	9.415321e-03
1.144607973553352e-02	9.415321e-03
1.146561098553352e-02	9.415321e-03
1.148514223553352e-02	9.415321e-03
1.150467348553352e-02	9.415321e-03
1.152420473553352e-02	9.415321e-03
1.154373598553352e-02	9.415321e-03
1.156326723553352e-02	9.415321e-03
1.158279848553352e-02	9.415321e-03
1.160232973553352e-02	9.415321e-03
1.162186098553352e-02	9.415321e-03
1.164139223553352e-02	9.415321e-03
1.166092348553352e-02	9.415321e-03
1.168045473553352e-02	9.415321e-03
1.169998598553352e-02	9.415321e-03
1.171951723553352e-02	9.415321e-03
1.173904848553351e-02	9.415321e-03
1.175857973553351e-02	9.415321e-03
1.177811098553351e-02	9.415321e-03
1.179764223553351e-02	9.415321e-03
1.181717348553351e-02	9.415321e-03
1.183670473553351e-02	9.415321e-03
1.185623598553351e-02	9.415321e-03
1.187576723553351e-02	9.415321e-03
1.189529848553351e-02	9.415321e-03
1.191482973553351e-02	9.415321e-03
1.193436098553351e-02	9.415321e-03
1.195389223553351e-02	9.415321e-03
1.197342348553351e-02	9.415321e-03
1.199295473553351e-02	9.415321e-03
1.201248598553351e-02	9.415321e-03
1.203201723553351e-02	9.415321e-03
1.205154848553351e-02	9.415321e-03
1.207107973553351e-02	9.415321e-03
1.209061098553351e-02	9.415321e-03
1.211014223553351e-02	9.415321e-03
1.212967348553351e-02	9.415321e-03
1.214920473553351e-02	9.415321e-03
1.216873598553351e-02	9.415321e-03
1.218826723553351e-02	9.415321e-03
1.220779848553350e-02	9.415321e-03
1.222732973553350e-02	9.415321e-03
1.224686098553350e-02	9.415321e-03
1.226639223553350e-02	9.415321e-03
1.228592348553350e-02	9.415321e-03
1.230545473553350e-02	9.415321e-03
1.232498598553350e-02	9.415321e-03
1.234451723553350e-02	9.415321e-03
1.236404848553350e-02	9.415321e-03
1.238357973553350e-02	9.415321e-03
1.240311098553350e-02	9.415321e-03
1.242264223553350e-02	9.415321e-03
1.244217348553350e-02	9.415321e-03
1.246170473553350e-02	9.415321e-03
1.248123598553350e-02	9.415321e-03
1.250076723553350e-02	9.415321e-03
1.252029848553350e-02	9.415321e-03
1.253982973553350e-02	9.415321e-03
1.255936098553350e-02	9.415321e-03
1.257889223553350e-02	9.415321e-03
1.259842348553350e-02	9.415321e-03
1.261795473553350e-02	9.415321e-03
1.263748598553350e-02	9.415321e-03
1.265701723553350e-02	9.415321e-03
1.267654848553349e-02	9.415321e-03
1.269607973553349e-02	9.415321e-03
1.271561098553349e-02	9.415321e-03
1.273514223553349e-02	9.415321e-03
1.275467348553349e-02	9.415321e-03
1.277420473553349e-02	9.415321e-03
1.279373598553349e-02	9.415321e-03
1.281326723553349e-02	9.415321e-03
1.283279848553349e-02	9.415321e-03
1.285232973553349e-02	9.415321e-03
1.287186098553349e-02	9.415321e-03
1.289139223553349e-02	9.415321e-03
1.291092348553349e-02	9.415321e-03
1.293045473553349e-02	9.415321e-03
1.294998598553349e-02	9.415321e-03
1.296951723553349e-02	9.415321e-03
1.298904848553349e-02	9.415321e-03
1.300857973553349e-02	9.415321e-03
1.302811098553349e-02	9.415321e-03
1.304764223553349e-02	9.415321e-03
1.306717348553349e-02	9.415321e-03
1.308670473553349e-02	9.415321e-03
1.310623598553349e-02	9.415321e-03
1.312576723553349e-02	9.415321e-03
1.314529848553348e-02	9.415321e-03
1.316482973553348e-02	9.415321e-03
1.318436098553348e-02	9.415321e-03
1.320389223553348e-02	9.415321e-03
1.322342348553348e-02	9.415321e-03
1.324295473553348e-02	9.415321e-03
1.326248598553348e-02	9.415321e-03
1.328201723553348e-02	9.415321e-03
1.330154848553348e-02	9.415321e-03
1.332107973553348e-02	9.415321e-03
1.334061098553348e-02	9.415321e-03
1.336014223553348e-02	9.415321e-03
1.337967348553348e-02	9.415321e-03
1.339920473553348e-02	9.415321e-03
1.341873598553348e-02	9.415321e-03
1.343826723553348e-02	9.415321e-03
1.345779848553348e-02	9.415321e-03
1.347732973553348e-02	9.415321e-03
1.349686098553348e-02	9.415321e-03
1.351639223553348e-02	9.415321e-03
1.353592348553348e-02	9.415321e-03
1.355545473553348e-02	9.415321e-03
1.357498598553348e-02	9.415321e-03
1.359451723553348e-02	9.415321e-03
1.361404848553347e-02	9.415321e-03
1.363357973553347e-02	9.415321e-03
1.365311098553347e-02	9.415321e-03
1.367264223553347e-02	9.415321e-03
1.369217348553347e-02	9.415321e-03
1.371170473553347e-02	9.415321e-03
1.373123598553347e-02	9.415321e-03
1.375076723553347e-02	9.415321e-03
1.377029848553347e-02	9.415321e-03
1.378982973553347e-02	9.415321e-03
1.380936098553347e-02	9.415321e-03
1.382889223553347e-02	9.415321e-03
1.384842348553347e-02	9.415321e-03
1.386795473553347e-02	9.415321e-03
1.388748598553347e-02	9.415321e-03
1.390701723553347e-02	9.415321e-03
1.392654848553347e-02	9.415321e-03
1.394607973553347e-02	9.415321e-03
1.396561098553347e-02	9.415321e-03
1.398514223553347e-02	9.415321e-03
1.400467348553347e-02	9.415321e-03
1.402420473553347e-02	9.415321e-03
1.404373598553347e-02	9.415321e-03
1.406326723553347e-02	9.415321e-03
1.408279848553346e-02	9.415321e-03
1.410232973553346e-02	9.415321e-03
1.412186098553346e-02	9.415321e-03
1.414139223553346e-02	9.415321e-03
1.416092348553346e-02	9.415321e-03
1.418045473553346e-02	9.415321e-03
1.419998598553346e-02	9.415321e-03
1.421951723553346e-02	9.415321e-03
1.423904848553346e-02	9.415321e-03
1.425857973553346e-02	9.415321e-03
1.427811098553346e-02	9.415321e-03
1.429764223553346e-02	9.415321e-03
1.431717348553346e-02	9.415321e-03
1.433670473553346e-02	9.415321e-03
1.435623598553346e-02	9.415321e-03
1.437576723553346e-02	9.415321e-03
1.439529848553346e-02	9.415321e-03
1.441482973553346e-02	9.415321e-03
1.443436098553346e-02	9.415321e-03
1.445389223553346e-02	9.415321e-03
1.447342348553346e-02	9.415321e-03
1.449295473553346e-02	9.415321e-03
1.451248598553346e-02	9.415321e-03
1.453201723553346e-02	9.415321e-03
1.455154848553345e-02	9.415321e-03
1.457107973553345e-02	9.415321e-03
1.459061098553345e-02	9.415321e-03
1.461014223553345e-02	9.415321e-03
1.462967348553345e-02	9.415321e-03
1.464920473553345e-02	9.415321e-03
1.466873598553345e-02	9.415321e-03
1.468826723553345e-02	9.415321e-03
1.470779848553345e-02	9.415321e-03
1.472732973553345e-02	9.415321e-03
1.474686098553345e-02	9.415321e-03
1.476639223553345e-02	9.415321e-03
1.478592348553345e-02	9.415321e-03
1.480545473553345e-02	9.415321e-03
1.482498598553345e-02	9.415321e-03
1.484451723553345e-02	9.415321e-03
1.486404848553345e-02	9.415321e-03
1.488357973553345e-02	9.415321e-03
1.490311098553345e-02	9.415321e-03
1.492264223553345e-02	9.415321e-03
1.494217348553345e-02	9.415321e-03
1.496170473553345e-02	9.415321e-03
1.498123598553345e-02	9.415321e-03
1.500000100000000e-02	9.415321e-03
1.500000200000000e-02	-1.057934e-02
1.500001799999999e-02	-1.049859e-02
1.500004999999997e-02	-1.058184e-02
1.500008408269290e-02	-1.057968e-02
1.500015224807874e-02	-1.057457e-02
1.500028857885043e-02	-1.055434e-02
1.500056124039381e-02	-1.040623e-02
1.500110656348057e-02	-1.046283e-02
1.500140620064443e-02	-2.028919e-03
1.500148401564847e-02	1.253425e-03
1.500152409758940e-02	-4.787350e-04
1.500155171641779e-02	9.780554e-05
1.500157877624270e-02	-1.953321e-05
1.500160693241049e-02	4.076819e-06
1.500164777655543e-02	-1.743414e-06
1.500172946484532e-02	9.056070e-07
1.500189284142508e-02	-9.497963e-07
1.500221959458461e-02	6.130566e-07
1.500287310090367e-02	-8.232302e-07
1.500418011354178e-02	5.541044e-07
1.500679413881801e-02	-7.947691e-07
1.501202218937048e-02	5.401198e-07
1.502247829047540e-02	-7.878372e-07
1.504200954047540e-02	5.365878e-07
1.506154079047540e-02	-7.853807e-07
1.508107204047540e-02	5.341358e-07
1.510060329047540e-02	-7.829332e-07
1.512013454047540e-02	5.316929e-07
1.513966579047540e-02	-7.804948e-07
1.515919704047540e-02	5.292591e-07
1.517872829047540e-02	-7.780655e-07
1.519825954047540e-02	5.268342e-07
1.521779079047540e-02	-7.756452e-07
1.523732204047539e-02	5.244183e-07
1.525685329047539e-02	-7.732338e-07
1.527638454047539e-02	5.220115e-07
1.529591579047539e-02	-7.708314e-07
1.531544704047539e-02	5.196135e-07
1.533497829047539e-02	-7.684378e-07
1.535450954047539e-02	5.172244e-07
1.537404079047539e-02	-7.660532e-07
1.539357204047539e-02	5.148441e-07
1.541310329047539e-02	-7.636773e-07
1.543263454047539e-02	5.124728e-07
1.545216579047539e-02	-7.613103e-07
1.547169704047539e-02	5.101101e-07
1.549122829047539e-02	-7.589521e-07
1.551075954047539e-02	5.077562e-07
1.553029079047539e-02	-7.566026e-07
1.554982204047539e-02	5.054111e-07
1.556935329047539e-02	-7.542618e-07
1.558888454047539e-02	5.030747e-07
1.560841579047539e-02	-7.519297e-07
1.562794704047539e-02	5.007469e-07
1.564747829047539e-02	-7.496062e-07
1.566700954047539e-02	4.984277e-07
1.568654079047539e-02	-7.472913e-07
1.570607204047538e-02	4.961171e-07
1.572560329047538e-02	-7.449851e-07
1.574513454047538e-02	4.938151e-07
1.576466579047538e-02	-7.426873e-07
1.578419704047538e-02	4.915216e-07
1.580372829047538e-02	-7.403981e-07
1.582325954047538e-02	4.892367e-07
1.584279079047538e-02	-7.381174e-07
1.586232204047538e-02	4.869602e-07
1.588185329047538e-02	-7.358450e-07
1.590138454047538e-02	4.846921e-07
1.592091579047538e-02	-7.335812e-07
1.594044704047538e-02	4.824324e-07
1.595997829047538e-02	-7.313257e-07
1.597950954047538e-02	4.801811e-07
1.599904079047538e-02	-7.290786e-07
1.601857204047538e-02	4.779382e-07
1.603810329047538e-02	-7.268399e-07
1.605763454047538e-02	4.757036e-07
1.607716579047538e-02	-7.246094e-07
1.609669704047538e-02	4.734772e-07
1.611622829047538e-02	-7.223871e-07
1.613575954047538e-02	4.712591e-07
1.615529079047538e-02	-7.201731e-07
1.617482204047537e-02	4.690492e-07
1.619435329047537e-02	-7.179673e-07
1.621388454047537e-02	4.668476e-07
1.623341579047537e-02	-7.157698e-07
1.625294704047537e-02	4.646540e-07
1.627247829047537e-02	-7.135803e-07
1.629200954047537e-02	4.624686e-07
1.631154079047537e-02	-7.113990e-07
1.633107204047537e-02	4.602913e-07
1.635060329047537e-02	-7.092257e-07
1.637013454047537e-02	4.581221e-07
1.638966579047537e-02	-7.070605e-07
1.640919704047537e-02	4.559609e-07
1.642872829047537e-02	-7.049033e-07
1.644825954047537e-02	4.538077e-07
1.646779079047537e-02	-7.027541e-07
1.648732204047537e-02	4.516625e-07
1.650685329047537e-02	-7.006129e-07
1.652638454047537e-02	4.495253e-07
1.654591579047537e-02	-6.984796e-07
1.656544704047537e-02	4.473959e-07
1.658497829047537e-02	-6.963542e-07
1.660450954047537e-02	4.452745e-07
1.662404079047537e-02	-6.942367e-07
1.664357204047536e-02	4.431609e-07
1.666310329047536e-02	-6.921271e-07
1.668263454047536e-02	4.410552e-07
1.670216579047536e-02	-6.900252e-07
1.672169704047536e-02	4.389572e-07
1.674122829047536e-02	-6.879312e-07
1.676075954047536e-02	4.368671e-07
1.678029079047536e-02	-6.858449e-07
1.679982204047536e-02	4.347847e-07
1.681935329047536e-02	-6.837664e-07
1.683888454047536e-02	4.327100e-07
1.685841579047536e-02	-6.816955e-07
1.687794704047536e-02	4.306430e-07
1.689747829047536e-02	-6.796323e-07
1.691700954047536e-02	4.285836e-07
1.693654079047536e-02	-6.775768e-07
1.695607204047536e-02	4.265319e-07
1.697560329047536e-02	-6.755289e-07
1.699513454047536e-02	4.244878e-07
1.701466579047536e-02	-6.734886e-07
1.703419704047536e-02	4.224513e-07
1.705372829047536e-02	-6.714558e-07
1.707325954047536e-02	4.204223e-07
1.709279079047536e-02	-6.694306e-07
1.711232204047535e-02	4.184008e-07
1.713185329047535e-02	-6.674128e-07
1.715138454047535e-02	4.163868e-07
1.717091579047535e-02	-6.654026e-07
1.719044704047535e-02	4.143803e-07
1.720997829047535e-02	-6.633998e-07
1.722950954047535e-02	4.123812e-07
1.724904079047535e-02	-6.614044e-07
1.726857204047535e-02	4.103896e-07
1.728810329047535e-02	-6.594165e-07
1.730763454047535e-02	4.084053e-07
1.732716579047535e-02	-6.574359e-07
1.734669704047535e-02	4.064283e-07
1.736622829047535e-02	-6.554626e-07
1.738575954047535e-02	4.044587e-07
1.740529079047535e-02	-6.534967e-07
1.742482204047535e-02	4.024964e-07
1.744435329047535e-02	-6.515380e-07
1.746388454047535e-02	4.005414e-07
1.748341579047535e-02	-6.495866e-07
1.750294704047535e-02	3.985936e-07
1.752247829047535e-02	-6.476424e-07
1.754200954047535e-02	3.966530e-07
1.756154079047535e-02	-6.457054e-07
1.758107204047534e-02	3.947197e-07
1.760060329047534e-02	-6.437756e-07
1.762013454047534e-02	3.927935e-07
1.763966579047534e-02	-6.418530e-07
1.765919704047534e-02	3.908744e-07
1.767872829047534e-02	-6.399375e-07
1.769825954047534e-02	3.889624e-07
1.771779079047534e-02	-6.380291e-07
1.773732204047534e-02	3.870576e-07
1.775685329047534e-02	-6.361278e-07
1.777638454047534e-02	3.851598e-07
1.779591579047534e-02	-6.342335e-07
1.781544704047534e-02	3.832690e-07
1.783497829047534e-02	-6.323462e-07
1.785450954047534e-02	3.813852e-07
1.787404079047534e-02	-6.304659e-07
1.789357204047534e-02	3.795084e-07
1.791310329047534e-02	-6.285926e-07
1.793263454047534e-02	3.776386e-07
1.795216579047534e-02	-6.267263e-07
1.797169704047534e-02	3.757757e-07
1.799122829047534e-02	-6.248668e-07
1.801075954047534e-02	3.739196e-07
1.803029079047534e-02	-6.230142e-07
1.804982204047533e-02	3.720705e-07
1.806935329047533e-02	-6.211686e-07
1.808888454047533e-02	3.702283e-07
1.810841579047533e-02	-6.193297e-07
1.812794704047533e-02	3.683928e-07
1.814747829047533e-02	-6.174977e-07
1.816700954047533e-02	3.665642e-07
1.818654079047533e-02	-6.156724e-07
1.820607204047533e-02	3.647423e-07
1.822560329047533e-02	-6.138540e-07
1.824513454047533e-02	3.629272e-07
1.826466579047533e-02	-6.120422e-07
1.828419704047533e-02	3.611188e-07
1.830372829047533e-02	-6.102372e-07
1.832325954047533e-02	3.593172e-07
1.834279079047533e-02	-6.084388e-07
1.836232204047533e-02	3.575221e-07
1.838185329047533e-02	-6.066472e-07
1.840138454047533e-02	3.557338e-07
1.842091579047533e-02	-6.048621e-07
1.844044704047533e-02	3.539521e-07
1.845997829047533e-02	-6.030837e-07
1.847950954047533e-02	3.521770e-07
1.849904079047533e-02	-6.013119e-07
1.851857204047532e-02	3.504084e-07
1.853810329047532e-02	-5.995466e-07
1.855763454047532e-02	3.486464e-07
1.857716579047532e-02	-5.977879e-07
1.859669704047532e-02	3.468910e-07
1.861622829047532e-02	-5.960357e-07
1.863575954047532e-02	3.451420e-07
1.865529079047532e-02	-5.942900e-07
1.867482204047532e-02	3.433996e-07
1.869435329047532e-02	-5.925507e-07
1.871388454047532e-02	3.416636e-07
1.873341579047532e-02	-5.908180e-07
1.875294704047532e-02	3.399340e-07
1.877247829047532e-02	-5.890916e-07
1.879200954047532e-02	3.382108e-07
1.881154079047532e-02	-5.873716e-07
1.883107204047532e-02	3.364941e-07
1.885060329047532e-02	-5.856580e-07
1.887013454047532e-02	3.347836e-07
1.888966579047532e-02	-5.839508e-07
1.890919704047532e-02	3.330796e-07
1.892872829047532e-02	-5.822499e-07
1.894825954047532e-02	3.313818e-07
1.896779079047532e-02	-5.805553e-07
1.898732204047531e-02	3.296903e-07
1.900685329047531e-02	-5.788669e-07
1.902638454047531e-02	3.280051e-07
1.904591579047531e-02	-5.771849e-07
1.906544704047531e-02	3.263262e-07
1.908497829047531e-02	-5.755090e-07
1.910450954047531e-02	3.246534e-07
1.912404079047531e-02	-5.738394e-07
1.914357204047531e-02	3.229869e-07
1.916310329047531e-02	-5.721760e-07
1.918263454047531e-02	3.213266e-07
1.920216579047531e-02	-5.705187e-07
1.922169704047531e-02	3.196724e-07
1.924122829047531e-02	-5.688676e-07
1.926075954047531e-02	3.180243e-07
1.928029079047531e-02	-5.672225e-07
1.929982204047531e-02	3.163823e-07
1.931935329047531e-02	-5.655836e-07
1.933888454047531e-02	3.147464e-07
1.935841579047531e-02	-5.639508e-07
1.937794704047531e-02	3.131166e-07
1.939747829047531e-02	-5.623240e-07
1.941700954047531e-02	3.114928e-07
1.943654079047531e-02	-5.607032e-07
1.945607204047531e-02	3.098751e-07
1.947560329047530e-02	-5.590884e-07
1.949513454047530e-02	3.082633e-07
1.951466579047530e-02	-5.574797e-07
1.953419704047530e-02	3.066575e-07
1.955372829047530e-02	-5.558769e-07
1.957325954047530e-02	3.050577e-07
1.959279079047530e-02	-5.542800e-07
1.961232204047530e-02	3.034638e-07
1.963185329047530e-02	-5.526891e-07
1.965138454047530e-02	3.018758e-07
1.967091579047530e-02	-5.511040e-07
1.969044704047530e-02	3.002937e-07
1.970997829047530e-02	-5.495248e-07
1.972950954047530e-02	2.987174e-07
1.974904079047530e-02	-5.479515e-07
1.976857204047530e-02	2.971470e-07
1.978810329047530e-02	-5.463840e-07
1.980763454047530e-02	2.955824e-07
1.982716579047530e-02	-5.448223e-07
1.984669704047530e-02	2.940236e-07
1.986622829047530e-02	-5.432664e-07
1.988575954047530e-02	2.924706e-07
1.990529079047530e-02	-5.417163e-07
1.992482204047530e-02	2.909234e-07
1.994435329047529e-02	-5.401719e-07
1.996388454047529e-02	2.893819e-07
1.998341579047529e-02	-5.386332e-07
2.000000000000000e-02	2.877099e-07
Step Information: F=500  (Step: 4/10)
0.000000000000000e+00	-1.250100e-07
3.906249976259879e-11	7.778120e-04
7.812499952519758e-11	1.552373e-03
1.562499990503952e-10	3.094973e-03
3.124999981007903e-10	6.143101e-03
6.249999962015806e-10	1.209964e-02
1.000000000000000e-09	1.900218e-02
1.750000007596839e-09	1.753771e-02
2.602431255618748e-09	1.613507e-02
3.871849592815552e-09	1.440706e-02
6.410686267209163e-09	1.173417e-02
6.812853029136374e-09	1.144310e-02
7.617186552990796e-09	1.085355e-02
9.225853600699640e-09	9.951072e-03
9.427506107338672e-09	9.914633e-03
9.830811120616735e-09	9.856797e-03
1.063742114717286e-08	9.875213e-03
1.225064120028512e-08	9.817961e-03
1.547708130650963e-08	9.746941e-03
2.192996151895866e-08	9.694702e-03
3.483572194385670e-08	9.652235e-03
6.064724279365280e-08	9.613676e-03
1.122702844932450e-07	9.576946e-03
2.155163678924294e-07	9.541526e-03
4.220085346907981e-07	9.507644e-03
8.349928682875357e-07	9.476180e-03
1.660961535481011e-06	9.448798e-03
2.684942397578525e-06	9.486624e-03
3.986316432518198e-06	9.427104e-03
5.520391870010023e-06	9.593989e-03
7.405447190784323e-06	9.471225e-03
1.002773081115122e-05	9.441817e-03
1.358620360361382e-05	9.417714e-03
1.749245360361382e-05	9.415337e-03
2.139870360361382e-05	9.415335e-03
2.530495360361382e-05	9.415321e-03
2.921120360361382e-05	9.415321e-03
3.311745360361382e-05	9.415321e-03
3.702370360361382e-05	9.415321e-03
4.092995360361383e-05	9.415321e-03
4.483620360361383e-05	9.415321e-03
4.874245360361383e-05	9.415321e-03
5.264870360361384e-05	9.415321e-03
5.655495360361384e-05	9.415321e-03
6.046120360361384e-05	9.415321e-03
6.436745360361385e-05	9.415321e-03
6.827370360361385e-05	9.415321e-03
7.217995360361385e-05	9.415321e-03
7.608620360361386e-05	9.415321e-03
7.999245360361386e-05	9.415321e-03
8.389870360361386e-05	9.415321e-03
8.780495360361387e-05	9.415321e-03
9.171120360361387e-05	9.415321e-03
9.561745360361387e-05	9.415321e-03
9.952370360361388e-05	9.415321e-03
1.034299536036139e-04	9.415321e-03
1.073362036036139e-04	9.415321e-03
1.112424536036139e-04	9.415321e-03
1.151487036036139e-04	9.415321e-03
1.190549536036139e-04	9.415321e-03
1.229612036036139e-04	9.415321e-03
1.268674536036139e-04	9.415321e-03
1.307737036036139e-04	9.415321e-03
1.346799536036139e-04	9.415321e-03
1.385862036036139e-04	9.415321e-03
1.424924536036139e-04	9.415321e-03
1.463987036036139e-04	9.415321e-03
1.503049536036139e-04	9.415321e-03
1.542112036036139e-04	9.415321e-03
1.581174536036139e-04	9.415321e-03
1.620237036036139e-04	9.415321e-03
1.659299536036139e-04	9.415321e-03
1.698362036036139e-04	9.415321e-03
1.737424536036139e-04	9.415321e-03
1.776487036036139e-04	9.415321e-03
1.815549536036139e-04	9.415321e-03
1.854612036036139e-04	9.415321e-03
1.893674536036139e-04	9.415321e-03
1.932737036036139e-04	9.415321e-03
1.971799536036140e-04	9.415321e-03
2.010862036036140e-04	9.415321e-03
2.049924536036140e-04	9.415321e-03
2.088987036036140e-04	9.415321e-03
2.128049536036140e-04	9.415321e-03
2.167112036036140e-04	9.415321e-03
2.206174536036140e-04	9.415321e-03
2.245237036036140e-04	9.415321e-03
2.284299536036140e-04	9.415321e-03
2.323362036036140e-04	9.415321e-03
2.362424536036140e-04	9.415321e-03
2.401487036036140e-04	9.415321e-03
2.440549536036140e-04	9.415321e-03
2.479612036036140e-04	9.415321e-03
2.518674536036140e-04	9.415321e-03
2.557737036036140e-04	9.415321e-03
2.596799536036140e-04	9.415321e-03
2.635862036036140e-04	9.415321e-03
2.674924536036140e-04	9.415321e-03
2.713987036036140e-04	9.415321e-03
2.753049536036140e-04	9.415321e-03
2.792112036036140e-04	9.415321e-03
2.831174536036140e-04	9.415321e-03
2.870237036036140e-04	9.415321e-03
2.909299536036140e-04	9.415321e-03
2.948362036036140e-04	9.415321e-03
2.987424536036140e-04	9.415321e-03
3.026487036036140e-04	9.415321e-03
3.065549536036140e-04	9.415321e-03
3.104612036036141e-04	9.415321e-03
3.143674536036141e-04	9.415321e-03
3.182737036036141e-04	9.415321e-03
3.221799536036141e-04	9.415321e-03
3.260862036036141e-04	9.415321e-03
3.299924536036141e-04	9.415321e-03
3.338987036036141e-04	9.415321e-03
3.378049536036141e-04	9.415321e-03
3.417112036036141e-04	9.415321e-03
3.456174536036141e-04	9.415321e-03
3.495237036036141e-04	9.415321e-03
3.534299536036141e-04	9.415321e-03
3.573362036036141e-04	9.415321e-03
3.612424536036141e-04	9.415321e-03
3.651487036036141e-04	9.415321e-03
3.690549536036141e-04	9.415321e-03
3.729612036036141e-04	9.415321e-03
3.768674536036141e-04	9.415321e-03
3.807737036036141e-04	9.415321e-03
3.846799536036141e-04	9.415321e-03
3.885862036036141e-04	9.415321e-03
3.924924536036141e-04	9.415321e-03
3.963987036036141e-04	9.415321e-03
4.003049536036141e-04	9.415321e-03
4.042112036036141e-04	9.415321e-03
4.081174536036141e-04	9.415321e-03
4.120237036036141e-04	9.415321e-03
4.159299536036141e-04	9.415321e-03
4.198362036036141e-04	9.415321e-03
4.237424536036142e-04	9.415321e-03
4.276487036036142e-04	9.415321e-03
4.315549536036142e-04	9.415321e-03
4.354612036036142e-04	9.415321e-03
4.393674536036142e-04	9.415321e-03
4.432737036036142e-04	9.415321e-03
4.471799536036142e-04	9.415321e-03
4.510862036036142e-04	9.415321e-03
4.549924536036142e-04	9.415321e-03
4.588987036036142e-04	9.415321e-03
4.628049536036142e-04	9.415321e-03
4.667112036036142e-04	9.415321e-03
4.706174536036142e-04	9.415321e-03
4.745237036036142e-04	9.415321e-03
4.784299536036142e-04	9.415321e-03
4.823362036036142e-04	9.415321e-03
4.862424536036142e-04	9.415321e-03
4.901487036036142e-04	9.415321e-03
4.940549536036142e-04	9.415321e-03
4.979612036036142e-04	9.415321e-03
5.018674536036142e-04	9.415321e-03
5.057737036036142e-04	9.415321e-03
5.096799536036142e-04	9.415321e-03
5.135862036036142e-04	9.415321e-03
5.174924536036142e-04	9.415321e-03
5.213987036036142e-04	9.415321e-03
5.253049536036142e-04	9.415321e-03
5.292112036036142e-04	9.415321e-03
5.331174536036142e-04	9.415321e-03
5.370237036036143e-04	9.415321e-03
5.409299536036143e-04	9.415321e-03
5.448362036036143e-04	9.415321e-03
5.487424536036143e-04	9.415321e-03
5.526487036036143e-04	9.415321e-03
5.565549536036143e-04	9.415321e-03
5.604612036036143e-04	9.415321e-03
5.643674536036143e-04	9.415321e-03
5.682737036036143e-04	9.415321e-03
5.721799536036143e-04	9.415321e-03
5.760862036036143e-04	9.415321e-03
5.799924536036143e-04	9.415321e-03
5.838987036036143e-04	9.415321e-03
5.878049536036143e-04	9.415321e-03
5.917112036036143e-04	9.415321e-03
5.956174536036143e-04	9.415321e-03
5.995237036036143e-04	9.415321e-03
6.034299536036143e-04	9.415321e-03
6.073362036036143e-04	9.415321e-03
6.112424536036143e-04	9.415321e-03
6.151487036036143e-04	9.415321e-03
6.190549536036143e-04	9.415321e-03
6.229612036036143e-04	9.415321e-03
6.268674536036143e-04	9.415321e-03
6.307737036036143e-04	9.415321e-03
6.346799536036143e-04	9.415321e-03
6.385862036036143e-04	9.415321e-03
6.424924536036143e-04	9.415321e-03
6.463987036036144e-04	9.415321e-03
6.503049536036144e-04	9.415321e-03
6.542112036036144e-04	9.415321e-03
6.581174536036144e-04	9.415321e-03
6.620237036036144e-04	9.415321e-03
6.659299536036144e-04	9.415321e-03
6.698362036036144e-04	9.415321e-03
6.737424536036144e-04	9.415321e-03
6.776487036036144e-04	9.415321e-03
6.815549536036144e-04	9.415321e-03
6.854612036036144e-04	9.415321e-03
6.893674536036144e-04	9.415321e-03
6.932737036036144e-04	9.415321e-03
6.971799536036144e-04	9.415321e-03
7.010862036036144e-04	9.415321e-03
7.049924536036144e-04	9.415321e-03
7.088987036036144e-04	9.415321e-03
7.128049536036144e-04	9.415321e-03
7.167112036036144e-04	9.415321e-03
7.206174536036144e-04	9.415321e-03
7.245237036036144e-04	9.415321e-03
7.284299536036144e-04	9.415321e-03
7.323362036036144e-04	9.415321e-03
7.362424536036144e-04	9.415321e-03
7.401487036036144e-04	9.415321e-03
7.440549536036144e-04	9.415321e-03
7.479612036036144e-04	9.415321e-03
7.518674536036144e-04	9.415321e-03
7.557737036036144e-04	9.415321e-03
7.596799536036145e-04	9.415321e-03
7.635862036036145e-04	9.415321e-03
7.674924536036145e-04	9.415321e-03
7.713987036036145e-04	9.415321e-03
7.753049536036145e-04	9.415321e-03
7.792112036036145e-04	9.415321e-03
7.831174536036145e-04	9.415321e-03
7.870237036036145e-04	9.415321e-03
7.909299536036145e-04	9.415321e-03
7.948362036036145e-04	9.415321e-03
7.987424536036145e-04	9.415321e-03
8.026487036036145e-04	9.415321e-03
8.065549536036145e-04	9.415321e-03
8.104612036036145e-04	9.415321e-03
8.143674536036145e-04	9.415321e-03
8.182737036036145e-04	9.415321e-03
8.221799536036145e-04	9.415321e-03
8.260862036036145e-04	9.415321e-03
8.299924536036145e-04	9.415321e-03
8.338987036036145e-04	9.415321e-03
8.378049536036145e-04	9.415321e-03
8.417112036036145e-04	9.415321e-03
8.456174536036145e-04	9.415321e-03
8.495237036036145e-04	9.415321e-03
8.534299536036145e-04	9.415321e-03
8.573362036036145e-04	9.415321e-03
8.612424536036145e-04	9.415321e-03
8.651487036036145e-04	9.415321e-03
8.690549536036145e-04	9.415321e-03
8.729612036036146e-04	9.415321e-03
8.768674536036146e-04	9.415321e-03
8.807737036036146e-04	9.415321e-03
8.846799536036146e-04	9.415321e-03
8.885862036036146e-04	9.415321e-03
8.924924536036146e-04	9.415321e-03
8.963987036036146e-04	9.415321e-03
9.003049536036146e-04	9.415321e-03
9.042112036036146e-04	9.415321e-03
9.081174536036146e-04	9.415321e-03
9.120237036036146e-04	9.415321e-03
9.159299536036146e-04	9.415321e-03
9.198362036036146e-04	9.415321e-03
9.237424536036146e-04	9.415321e-03
9.276487036036146e-04	9.415321e-03
9.315549536036146e-04	9.415321e-03
9.354612036036146e-04	9.415321e-03
9.393674536036146e-04	9.415321e-03
9.432737036036146e-04	9.415321e-03
9.471799536036146e-04	9.415321e-03
9.510862036036146e-04	9.415321e-03
9.549924536036146e-04	9.415321e-03
9.588987036036146e-04	9.415321e-03
9.628049536036146e-04	9.415321e-03
9.667112036036146e-04	9.415321e-03
9.706174536036146e-04	9.415321e-03
9.745237036036146e-04	9.415321e-03
9.784299536036145e-04	9.415321e-03
9.823362036036145e-04	9.415321e-03
9.862424536036145e-04	9.415321e-03
9.901487036036145e-04	9.415321e-03
9.940549536036146e-04	9.415321e-03
9.979612036036146e-04	9.415321e-03
1.000001000000000e-03	9.415321e-03
1.000002000000000e-03	-1.057934e-02
1.000017999999998e-03	-1.049859e-02
1.000049999999995e-03	-1.058184e-02
1.000084082692911e-03	-1.057968e-02
1.000152248078743e-03	-1.057457e-02
1.000288578850406e-03	-1.055434e-02
1.000561240393732e-03	-1.040623e-02
1.001106563480384e-03	-1.046283e-02
1.001406200644296e-03	-2.028919e-03
1.001484015648475e-03	1.253425e-03
1.001524097589394e-03	-4.787350e-04
1.001551716417732e-03	9.780554e-05
1.001578776242564e-03	-1.953321e-05
1.001606932410280e-03	4.076819e-06
1.001647776555074e-03	-1.743414e-06
1.001729464844662e-03	9.056069e-07
1.001892841423837e-03	-9.497963e-07
1.002219594582188e-03	6.130566e-07
1.002873100898890e-03	-8.232302e-07
1.004180113532292e-03	5.541044e-07
1.006794138799098e-03	-7.947690e-07
1.010700388799098e-03	5.385606e-07
1.014606638799098e-03	-7.824494e-07
1.018512888799098e-03	5.263548e-07
1.022419138799098e-03	-7.703563e-07
1.026325388799098e-03	5.143735e-07
1.030231638799098e-03	-7.584857e-07
1.034137888799098e-03	5.026125e-07
1.038044138799098e-03	-7.468335e-07
1.041950388799098e-03	4.910680e-07
1.045856638799098e-03	-7.353955e-07
1.049762888799098e-03	4.797357e-07
1.053669138799098e-03	-7.241680e-07
1.057575388799098e-03	4.686119e-07
1.061481638799098e-03	-7.131470e-07
1.065387888799098e-03	4.576927e-07
1.069294138799098e-03	-7.023287e-07
1.073200388799098e-03	4.469744e-07
1.077106638799098e-03	-6.917094e-07
1.081012888799098e-03	4.364532e-07
1.084919138799098e-03	-6.812854e-07
1.088825388799098e-03	4.261256e-07
1.092731638799098e-03	-6.710532e-07
1.096637888799098e-03	4.159879e-07
1.100544138799098e-03	-6.610092e-07
1.104450388799098e-03	4.060367e-07
1.108356638799098e-03	-6.511499e-07
1.112262888799098e-03	3.962685e-07
1.116169138799098e-03	-6.414721e-07
1.120075388799098e-03	3.866801e-07
1.123981638799098e-03	-6.319722e-07
1.127887888799098e-03	3.772680e-07
1.131794138799099e-03	-6.226470e-07
1.135700388799099e-03	3.680290e-07
1.139606638799099e-03	-6.134934e-07
1.143512888799099e-03	3.589599e-07
1.147419138799099e-03	-6.045082e-07
1.151325388799099e-03	3.500577e-07
1.155231638799099e-03	-5.956882e-07
1.159137888799099e-03	3.413192e-07
1.163044138799099e-03	-5.870305e-07
1.166950388799099e-03	3.327415e-07
1.170856638799099e-03	-5.785320e-07
1.174762888799099e-03	3.243215e-07
1.178669138799099e-03	-5.701899e-07
1.182575388799099e-03	3.160565e-07
1.186481638799099e-03	-5.620011e-07
1.190387888799099e-03	3.079434e-07
1.194294138799099e-03	-5.539630e-07
1.198200388799099e-03	2.999796e-07
1.202106638799099e-03	-5.460728e-07
1.206012888799099e-03	2.921623e-07
1.209919138799099e-03	-5.383277e-07
1.213825388799099e-03	2.844887e-07
1.217731638799099e-03	-5.307251e-07
1.221637888799099e-03	2.769564e-07
1.225544138799099e-03	-5.232623e-07
1.229450388799099e-03	2.695625e-07
1.233356638799099e-03	-5.159368e-07
1.237262888799099e-03	2.623047e-07
1.241169138799099e-03	-5.087460e-07
1.245075388799099e-03	2.551804e-07
1.248981638799099e-03	-5.016875e-07
1.252887888799099e-03	2.481871e-07
1.256794138799099e-03	-4.947588e-07
1.260700388799099e-03	2.413225e-07
1.264606638799099e-03	-4.879576e-07
1.268512888799099e-03	2.345841e-07
1.272419138799099e-03	-4.812815e-07
1.276325388799099e-03	2.279696e-07
1.280231638799099e-03	-4.747282e-07
1.284137888799099e-03	2.214769e-07
1.288044138799099e-03	-4.682954e-07
1.291950388799099e-03	2.151035e-07
1.295856638799099e-03	-4.619810e-07
1.299762888799099e-03	2.088474e-07
1.303669138799099e-03	-4.557827e-07
1.307575388799099e-03	2.027064e-07
1.311481638799099e-03	-4.496984e-07
1.315387888799099e-03	1.966783e-07
1.319294138799099e-03	-4.437260e-07
1.323200388799099e-03	1.907611e-07
1.327106638799099e-03	-4.378635e-07
1.331012888799099e-03	1.849528e-07
1.334919138799099e-03	-4.321088e-07
1.338825388799099e-03	1.792513e-07
1.342731638799099e-03	-4.264600e-07
1.346637888799099e-03	1.736547e-07
1.350544138799099e-03	-4.209151e-07
1.354450388799099e-03	1.681610e-07
1.358356638799099e-03	-4.154721e-07
1.362262888799099e-03	1.627683e-07
1.366169138799099e-03	-4.101293e-07
1.370075388799099e-03	1.574749e-07
1.373981638799099e-03	-4.048848e-07
1.377887888799099e-03	1.522788e-07
1.381794138799099e-03	-3.997367e-07
1.385700388799099e-03	1.471783e-07
1.389606638799099e-03	-3.946834e-07
1.393512888799099e-03	1.421717e-07
1.397419138799099e-03	-3.897230e-07
1.401325388799099e-03	1.372571e-07
1.405231638799099e-03	-3.848538e-07
1.409137888799099e-03	1.324329e-07
1.413044138799099e-03	-3.800742e-07
1.416950388799099e-03	1.276974e-07
1.420856638799099e-03	-3.753825e-07
1.424762888799099e-03	1.230491e-07
1.428669138799099e-03	-3.707771e-07
1.432575388799099e-03	1.184863e-07
1.436481638799099e-03	-3.662564e-07
1.440387888799099e-03	1.140073e-07
1.444294138799099e-03	-3.618189e-07
1.448200388799099e-03	1.096108e-07
1.452106638799099e-03	-3.574630e-07
1.456012888799099e-03	1.052952e-07
1.459919138799099e-03	-3.531872e-07
1.463825388799099e-03	1.010589e-07
1.467731638799099e-03	-3.489901e-07
1.471637888799099e-03	9.690056e-08
1.475544138799099e-03	-3.448702e-07
1.479450388799099e-03	9.281869e-08
1.483356638799099e-03	-3.408260e-07
1.487262888799099e-03	8.881192e-08
1.491169138799099e-03	-3.368563e-07
1.495075388799099e-03	8.487885e-08
1.498981638799099e-03	-3.329595e-07
1.502887888799099e-03	8.101811e-08
1.506794138799099e-03	-3.291345e-07
1.510700388799099e-03	7.722840e-08
1.514606638799099e-03	-3.253798e-07
1.518512888799099e-03	7.350840e-08
1.522419138799099e-03	-3.216941e-07
1.526325388799099e-03	6.985682e-08
1.530231638799099e-03	-3.180763e-07
1.534137888799099e-03	6.627241e-08
1.538044138799099e-03	-3.145250e-07
1.541950388799099e-03	6.275393e-08
1.545856638799099e-03	-3.110390e-07
1.549762888799099e-03	5.930017e-08
1.553669138799099e-03	-3.076172e-07
1.557575388799099e-03	5.590993e-08
1.561481638799099e-03	-3.042583e-07
1.565387888799099e-03	5.258206e-08
1.569294138799099e-03	-3.009611e-07
1.573200388799099e-03	4.931541e-08
1.577106638799099e-03	-2.977247e-07
1.581012888799099e-03	4.610884e-08
1.584919138799099e-03	-2.945477e-07
1.588825388799099e-03	4.296125e-08
1.592731638799099e-03	-2.914292e-07
1.596637888799099e-03	3.987156e-08
1.600544138799099e-03	-2.883681e-07
1.604450388799099e-03	3.683870e-08
1.608356638799099e-03	-2.853633e-07
1.612262888799099e-03	3.386163e-08
1.616169138799099e-03	-2.824137e-07
1.620075388799099e-03	3.093932e-08
1.623981638799099e-03	-2.795184e-07
1.627887888799099e-03	2.807076e-08
1.631794138799099e-03	-2.766763e-07
1.635700388799099e-03	2.525497e-08
1.639606638799099e-03	-2.738865e-07
1.643512888799099e-03	2.249097e-08
1.647419138799099e-03	-2.711481e-07
1.651325388799099e-03	1.977781e-08
1.655231638799099e-03	-2.684600e-07
1.659137888799099e-03	1.711456e-08
1.663044138799099e-03	-2.658214e-07
1.666950388799099e-03	1.450030e-08
1.670856638799099e-03	-2.632313e-07
1.674762888799099e-03	1.193413e-08
1.678669138799099e-03	-2.606888e-07
1.682575388799099e-03	9.415154e-09
1.686481638799099e-03	-2.581931e-07
1.690387888799099e-03	6.942516e-09
1.694294138799099e-03	-2.557433e-07
1.698200388799099e-03	4.515360e-09
1.702106638799099e-03	-2.533386e-07
1.706012888799099e-03	2.132849e-09
1.709919138799099e-03	-2.509781e-07
1.713825388799099e-03	-2.058367e-10
1.717731638799099e-03	-2.486610e-07
1.721637888799099e-03	-2.501505e-09
1.725544138799099e-03	-2.463865e-07
1.729450388799099e-03	-4.754946e-09
1.733356638799099e-03	-2.441539e-07
1.737262888799099e-03	-6.966937e-09
1.741169138799099e-03	-2.419624e-07
1.745075388799099e-03	-9.138240e-09
1.748981638799099e-03	-2.398111e-07
1.752887888799099e-03	-1.126960e-08
1.756794138799099e-03	-2.376995e-07
1.760700388799099e-03	-1.336176e-08
1.764606638799099e-03	-2.356266e-07
1.768512888799099e-03	-1.541544e-08
1.772419138799099e-03	-2.335919e-07
1.776325388799099e-03	-1.743134e-08
1.780231638799099e-03	-2.315947e-07
1.784137888799099e-03	-1.941016e-08
1.788044138799099e-03	-2.296341e-07
1.791950388799099e-03	-2.135258e-08
1.795856638799099e-03	-2.277096e-07
1.799762888799099e-03	-2.325927e-08
1.803669138799099e-03	-2.258206e-07
1.807575388799099e-03	-2.513089e-08
1.811481638799099e-03	-2.239663e-07
1.815387888799099e-03	-2.696808e-08
1.819294138799099e-03	-2.221460e-07
1.823200388799099e-03	-2.877148e-08
1.827106638799099e-03	-2.203593e-07
1.831012888799099e-03	-3.054171e-08
1.834919138799099e-03	-2.186054e-07
1.838825388799099e-03	-3.227937e-08
1.842731638799099e-03	-2.168838e-07
1.846637888799099e-03	-3.398507e-08
1.850544138799099e-03	-2.151939e-07
1.854450388799099e-03	-3.565940e-08
1.858356638799099e-03	-2.135350e-07
1.862262888799099e-03	-3.730293e-08
1.866169138799099e-03	-2.119067e-07
1.870075388799099e-03	-3.891623e-08
1.873981638799099e-03	-2.103083e-07
1.877887888799099e-03	-4.049985e-08
1.881794138799099e-03	-2.087393e-07
1.885700388799099e-03	-4.205435e-08
1.889606638799099e-03	-2.071992e-07
1.893512888799099e-03	-4.358025e-08
1.897419138799099e-03	-2.056874e-07
1.901325388799099e-03	-4.507808e-08
1.905231638799099e-03	-2.042034e-07
1.909137888799099e-03	-4.654836e-08
1.913044138799099e-03	-2.027467e-07
1.916950388799099e-03	-4.799159e-08
1.920856638799099e-03	-2.013168e-07
1.924762888799099e-03	-4.940829e-08
1.928669138799099e-03	-1.999132e-07
1.932575388799099e-03	-5.079891e-08
1.936481638799099e-03	-1.985354e-07
1.940387888799099e-03	-5.216397e-08
1.944294138799099e-03	-1.971830e-07
1.948200388799099e-03	-5.350391e-08
1.952106638799099e-03	-1.958554e-07
1.956012888799099e-03	-5.481920e-08
1.959919138799099e-03	-1.945523e-07
1.963825388799099e-03	-5.611030e-08
1.967731638799099e-03	-1.932731e-07
1.971637888799099e-03	-5.737765e-08
1.975544138799099e-03	-1.920174e-07
1.979450388799099e-03	-5.862169e-08
1.983356638799099e-03	-1.907849e-07
1.987262888799099e-03	-5.984285e-08
1.991169138799099e-03	-1.895750e-07
1.995075388799099e-03	-6.104155e-08
1.998981638799099e-03	-1.883874e-07
2.000000000000000e-03	-6.384978e-08
2.000001000000000e-03	1.897027e-02
2.000001104381847e-03	1.877707e-02
2.000001313145542e-03	1.835358e-02
2.000001730672931e-03	1.758162e-02
2.000002565727711e-03	1.620059e-02
2.000004235837269e-03	1.391510e-02
2.000004653364658e-03	1.345871e-02
2.000005488419437e-03	1.259587e-02
2.000007158528995e-03	1.118511e-02
2.000007576056385e-03	1.091047e-02
2.000008411111164e-03	1.039098e-02
2.000008619874859e-03	1.026005e-02
2.000009037402248e-03	1.004167e-02
2.000009872457027e-03	9.851783e-03
2.000011542566585e-03	9.847187e-03
2.000014390578457e-03	9.741286e-03
2.000020086602199e-03	9.736003e-03
2.000031478649684e-03	9.667383e-03
2.000054262744654e-03	9.623333e-03
2.000099830934595e-03	9.584516e-03
2.000190967314476e-03	9.548252e-03
2.000373240074238e-03	9.513799e-03
2.000737785593763e-03	9.481691e-03
2.001466876632812e-03	9.453360e-03
2.002477786025820e-03	9.527117e-03
2.003691872493642e-03	9.430848e-03
2.005234152223313e-03	9.656077e-03
2.006974292018862e-03	9.485410e-03
2.009551390477861e-03	9.452315e-03
2.012826924453823e-03	9.418648e-03
2.016681901460903e-03	9.415362e-03
2.020588151460903e-03	9.415348e-03
2.024494401460903e-03	9.415321e-03
2.028400651460903e-03	9.415321e-03
2.032306901460903e-03	9.415321e-03
2.036213151460903e-03	9.415321e-03
2.040119401460903e-03	9.415321e-03
2.044025651460903e-03	9.415321e-03
2.047931901460903e-03	9.415321e-03
2.051838151460903e-03	9.415321e-03
2.055744401460903e-03	9.415321e-03
2.059650651460903e-03	9.415321e-03
2.063556901460903e-03	9.415321e-03
2.067463151460903e-03	9.415321e-03
2.071369401460903e-03	9.415321e-03
2.075275651460903e-03	9.415321e-03
2.079181901460903e-03	9.415321e-03
2.083088151460903e-03	9.415321e-03
2.086994401460903e-03	9.415321e-03
2.090900651460903e-03	9.415321e-03
2.094806901460903e-03	9.415321e-03
2.098713151460903e-03	9.415321e-03
2.102619401460903e-03	9.415321e-03
2.106525651460903e-03	9.415321e-03
2.110431901460903e-03	9.415321e-03
2.114338151460903e-03	9.415321e-03
2.118244401460903e-03	9.415321e-03
2.122150651460903e-03	9.415321e-03
2.126056901460903e-03	9.415321e-03
2.129963151460903e-03	9.415321e-03
2.133869401460903e-03	9.415321e-03
2.137775651460903e-03	9.415321e-03
2.141681901460903e-03	9.415321e-03
2.145588151460903e-03	9.415321e-03
2.149494401460903e-03	9.415321e-03
2.153400651460903e-03	9.415321e-03
2.157306901460903e-03	9.415321e-03
2.161213151460903e-03	9.415321e-03
2.165119401460903e-03	9.415321e-03
2.169025651460903e-03	9.415321e-03
2.172931901460903e-03	9.415321e-03
2.176838151460903e-03	9.415321e-03
2.180744401460903e-03	9.415321e-03
2.184650651460903e-03	9.415321e-03
2.188556901460903e-03	9.415321e-03
2.192463151460903e-03	9.415321e-03
2.196369401460903e-03	9.415321e-03
2.200275651460903e-03	9.415321e-03
2.204181901460903e-03	9.415321e-03
2.208088151460903e-03	9.415321e-03
2.211994401460903e-03	9.415321e-03
2.215900651460903e-03	9.415321e-03
2.219806901460903e-03	9.415321e-03
2.223713151460903e-03	9.415321e-03
2.227619401460903e-03	9.415321e-03
2.231525651460903e-03	9.415321e-03
2.235431901460903e-03	9.415321e-03
2.239338151460903e-03	9.415321e-03
2.243244401460903e-03	9.415321e-03
2.247150651460903e-03	9.415321e-03
2.251056901460903e-03	9.415321e-03
2.254963151460903e-03	9.415321e-03
2.258869401460903e-03	9.415321e-03
2.262775651460903e-03	9.415321e-03
2.266681901460903e-03	9.415321e-03
2.270588151460903e-03	9.415321e-03
2.274494401460903e-03	9.415321e-03
2.278400651460903e-03	9.415321e-03
2.282306901460903e-03	9.415321e-03
2.286213151460903e-03	9.415321e-03
2.290119401460903e-03	9.415321e-03
2.294025651460903e-03	9.415321e-03
2.297931901460903e-03	9.415321e-03
2.301838151460903e-03	9.415321e-03
2.305744401460903e-03	9.415321e-03
2.309650651460903e-03	9.415321e-03
2.313556901460903e-03	9.415321e-03
2.317463151460903e-03	9.415321e-03
2.321369401460903e-03	9.415321e-03
2.325275651460903e-03	9.415321e-03
2.329181901460903e-03	9.415321e-03
2.333088151460903e-03	9.415321e-03
2.336994401460903e-03	9.415321e-03
2.340900651460903e-03	9.415321e-03
2.344806901460903e-03	9.415321e-03
2.348713151460903e-03	9.415321e-03
2.352619401460903e-03	9.415321e-03
2.356525651460903e-03	9.415321e-03
2.360431901460903e-03	9.415321e-03
2.364338151460903e-03	9.415321e-03
2.368244401460903e-03	9.415321e-03
2.372150651460903e-03	9.415321e-03
2.376056901460903e-03	9.415321e-03
2.379963151460903e-03	9.415321e-03
2.383869401460903e-03	9.415321e-03
2.387775651460903e-03	9.415321e-03
2.391681901460903e-03	9.415321e-03
2.395588151460903e-03	9.415321e-03
2.399494401460903e-03	9.415321e-03
2.403400651460903e-03	9.415321e-03
2.407306901460903e-03	9.415321e-03
2.411213151460903e-03	9.415321e-03
2.415119401460903e-03	9.415321e-03
2.419025651460903e-03	9.415321e-03
2.422931901460903e-03	9.415321e-03
2.426838151460903e-03	9.415321e-03
2.430744401460903e-03	9.415321e-03
2.434650651460903e-03	9.415321e-03
2.438556901460903e-03	9.415321e-03
2.442463151460903e-03	9.415321e-03
2.446369401460903e-03	9.415321e-03
2.450275651460903e-03	9.415321e-03
2.454181901460903e-03	9.415321e-03
2.458088151460903e-03	9.415321e-03
2.461994401460903e-03	9.415321e-03
2.465900651460903e-03	9.415321e-03
2.469806901460903e-03	9.415321e-03
2.473713151460903e-03	9.415321e-03
2.477619401460903e-03	9.415321e-03
2.481525651460903e-03	9.415321e-03
2.485431901460903e-03	9.415321e-03
2.489338151460903e-03	9.415321e-03
2.493244401460903e-03	9.415321e-03
2.497150651460903e-03	9.415321e-03
2.501056901460903e-03	9.415321e-03
2.504963151460903e-03	9.415321e-03
2.508869401460903e-03	9.415321e-03
2.512775651460903e-03	9.415321e-03
2.516681901460903e-03	9.415321e-03
2.520588151460903e-03	9.415321e-03
2.524494401460903e-03	9.415321e-03
2.528400651460903e-03	9.415321e-03
2.532306901460903e-03	9.415321e-03
2.536213151460903e-03	9.415321e-03
2.540119401460903e-03	9.415321e-03
2.544025651460903e-03	9.415321e-03
2.547931901460903e-03	9.415321e-03
2.551838151460903e-03	9.415321e-03
2.555744401460903e-03	9.415321e-03
2.559650651460903e-03	9.415321e-03
2.563556901460903e-03	9.415321e-03
2.567463151460903e-03	9.415321e-03
2.571369401460903e-03	9.415321e-03
2.575275651460903e-03	9.415321e-03
2.579181901460903e-03	9.415321e-03
2.583088151460903e-03	9.415321e-03
2.586994401460903e-03	9.415321e-03
2.590900651460903e-03	9.415321e-03
2.594806901460903e-03	9.415321e-03
2.598713151460903e-03	9.415321e-03
2.602619401460903e-03	9.415321e-03
2.606525651460903e-03	9.415321e-03
2.610431901460903e-03	9.415321e-03
2.614338151460903e-03	9.415321e-03
2.618244401460903e-03	9.415321e-03
2.622150651460903e-03	9.415321e-03
2.626056901460903e-03	9.415321e-03
2.629963151460903e-03	9.415321e-03
2.633869401460903e-03	9.415321e-03
2.637775651460903e-03	9.415321e-03
2.641681901460903e-03	9.415321e-03
2.645588151460903e-03	9.415321e-03
2.649494401460903e-03	9.415321e-03
2.653400651460903e-03	9.415321e-03
2.657306901460903e-03	9.415321e-03
2.661213151460903e-03	9.415321e-03
2.665119401460903e-03	9.415321e-03
2.669025651460903e-03	9.415321e-03
2.672931901460903e-03	9.415321e-03
2.676838151460903e-03	9.415321e-03
2.680744401460903e-03	9.415321e-03
2.684650651460903e-03	9.415321e-03
2.688556901460903e-03	9.415321e-03
2.692463151460903e-03	9.415321e-03
2.696369401460903e-03	9.415321e-03
2.700275651460903e-03	9.415321e-03
2.704181901460903e-03	9.415321e-03
2.708088151460903e-03	9.415321e-03
2.711994401460903e-03	9.415321e-03
2.715900651460903e-03	9.415321e-03
2.719806901460903e-03	9.415321e-03
2.723713151460903e-03	9.415321e-03
2.727619401460903e-03	9.415321e-03
2.731525651460903e-03	9.415321e-03
2.735431901460903e-03	9.415321e-03
2.739338151460903e-03	9.415321e-03
2.743244401460903e-03	9.415321e-03
2.747150651460903e-03	9.415321e-03
2.751056901460903e-03	9.415321e-03
2.754963151460903e-03	9.415321e-03
2.758869401460903e-03	9.415321e-03
2.762775651460903e-03	9.415321e-03
2.766681901460903e-03	9.415321e-03
2.770588151460903e-03	9.415321e-03
2.774494401460903e-03	9.415321e-03
2.778400651460903e-03	9.415321e-03
2.782306901460903e-03	9.415321e-03
2.786213151460903e-03	9.415321e-03
2.790119401460903e-03	9.415321e-03
2.794025651460903e-03	9.415321e-03
2.797931901460903e-03	9.415321e-03
2.801838151460903e-03	9.415321e-03
2.805744401460903e-03	9.415321e-03
2.809650651460903e-03	9.415321e-03
2.813556901460903e-03	9.415321e-03
2.817463151460903e-03	9.415321e-03
2.821369401460903e-03	9.415321e-03
2.825275651460903e-03	9.415321e-03
2.829181901460903e-03	9.415321e-03
2.833088151460903e-03	9.415321e-03
2.836994401460903e-03	9.415321e-03
2.840900651460903e-03	9.415321e-03
2.844806901460903e-03	9.415321e-03
2.848713151460903e-03	9.415321e-03
2.852619401460903e-03	9.415321e-03
2.856525651460903e-03	9.415321e-03
2.860431901460903e-03	9.415321e-03
2.864338151460903e-03	9.415321e-03
2.868244401460903e-03	9.415321e-03
2.872150651460903e-03	9.415321e-03
2.876056901460903e-03	9.415321e-03
2.879963151460903e-03	9.415321e-03
2.883869401460903e-03	9.415321e-03
2.887775651460903e-03	9.415321e-03
2.891681901460903e-03	9.415321e-03
2.895588151460903e-03	9.415321e-03
2.899494401460903e-03	9.415321e-03
2.903400651460903e-03	9.415321e-03
2.907306901460903e-03	9.415321e-03
2.911213151460903e-03	9.415321e-03
2.915119401460903e-03	9.415321e-03
2.919025651460903e-03	9.415321e-03
2.922931901460903e-03	9.415321e-03
2.926838151460903e-03	9.415321e-03
2.930744401460903e-03	9.415321e-03
2.934650651460903e-03	9.415321e-03
2.938556901460903e-03	9.415321e-03
2.942463151460903e-03	9.415321e-03
2.946369401460903e-03	9.415321e-03
2.950275651460903e-03	9.415321e-03
2.954181901460903e-03	9.415321e-03
2.958088151460903e-03	9.415321e-03
2.961994401460903e-03	9.415321e-03
2.965900651460903e-03	9.415321e-03
2.969806901460904e-03	9.415321e-03
2.973713151460904e-03	9.415321e-03
2.977619401460904e-03	9.415321e-03
2.981525651460904e-03	9.415321e-03
2.985431901460904e-03	9.415321e-03
2.989338151460904e-03	9.415321e-03
2.993244401460904e-03	9.415321e-03
2.997150651460904e-03	9.415321e-03
3.000001000000000e-03	9.415321e-03
3.000002000000000e-03	-1.057934e-02
3.000017999999998e-03	-1.049859e-02
3.000049999999995e-03	-1.058184e-02
3.000084082692911e-03	-1.057968e-02
3.000152248078743e-03	-1.057457e-02
3.000288578850406e-03	-1.055434e-02
3.000561240393732e-03	-1.040623e-02
3.001106563480383e-03	-1.046283e-02
3.001406200644296e-03	-2.028919e-03
3.001484015648475e-03	1.253425e-03
3.001524097589394e-03	-4.787350e-04
3.001551716417732e-03	9.780554e-05
3.001578776242563e-03	-1.953321e-05
3.001606932410280e-03	4.076819e-06
3.001647776555073e-03	-1.743414e-06
3.001729464844660e-03	9.056069e-07
3.001892841423833e-03	-9.497963e-07
3.002219594582179e-03	6.130566e-07
3.002873100898873e-03	-8.232302e-07
3.004180113532259e-03	5.541044e-07
3.006794138799031e-03	-7.947690e-07
3.010700388799031e-03	5.385606e-07
3.014606638799031e-03	-7.824494e-07
3.018512888799031e-03	5.263548e-07
3.022419138799031e-03	-7.703563e-07
3.026325388799031e-03	5.143735e-07
3.030231638799031e-03	-7.584857e-07
3.034137888799031e-03	5.026125e-07
3.038044138799031e-03	-7.468335e-07
3.041950388799031e-03	4.910680e-07
3.045856638799031e-03	-7.353955e-07
3.049762888799031e-03	4.797357e-07
3.053669138799031e-03	-7.241680e-07
3.057575388799031e-03	4.686119e-07
3.061481638799031e-03	-7.131470e-07
3.065387888799031e-03	4.576927e-07
3.069294138799031e-03	-7.023287e-07
3.073200388799031e-03	4.469744e-07
3.077106638799031e-03	-6.917094e-07
3.081012888799031e-03	4.364532e-07
3.084919138799031e-03	-6.812854e-07
3.088825388799031e-03	4.261256e-07
3.092731638799031e-03	-6.710532e-07
3.096637888799031e-03	4.159879e-07
3.100544138799031e-03	-6.610092e-07
3.104450388799031e-03	4.060367e-07
3.108356638799031e-03	-6.511499e-07
3.112262888799031e-03	3.962685e-07
3.116169138799031e-03	-6.414721e-07
3.120075388799031e-03	3.866801e-07
3.123981638799031e-03	-6.319722e-07
3.127887888799031e-03	3.772680e-07
3.131794138799031e-03	-6.226470e-07
3.135700388799031e-03	3.680290e-07
3.139606638799031e-03	-6.134934e-07
3.143512888799031e-03	3.589599e-07
3.147419138799031e-03	-6.045082e-07
3.151325388799031e-03	3.500577e-07
3.155231638799031e-03	-5.956882e-07
3.159137888799031e-03	3.413192e-07
3.163044138799031e-03	-5.870305e-07
3.166950388799031e-03	3.327415e-07
3.170856638799031e-03	-5.785320e-07
3.174762888799031e-03	3.243215e-07
3.178669138799031e-03	-5.701899e-07
3.182575388799031e-03	3.160565e-07
3.186481638799031e-03	-5.620011e-07
3.190387888799031e-03	3.079434e-07
3.194294138799031e-03	-5.539630e-07
3.198200388799031e-03	2.999796e-07
3.202106638799031e-03	-5.460728e-07
3.206012888799031e-03	2.921623e-07
3.209919138799031e-03	-5.383277e-07
3.213825388799031e-03	2.844887e-07
3.217731638799031e-03	-5.307251e-07
3.221637888799031e-03	2.769564e-07
3.225544138799031e-03	-5.232623e-07
3.229450388799031e-03	2.695625e-07
3.233356638799031e-03	-5.159368e-07
3.237262888799031e-03	2.623047e-07
3.241169138799031e-03	-5.087460e-07
3.245075388799031e-03	2.551804e-07
3.248981638799031e-03	-5.016875e-07
3.252887888799031e-03	2.481871e-07
3.256794138799031e-03	-4.947588e-07
3.260700388799031e-03	2.413225e-07
3.264606638799031e-03	-4.879576e-07
3.268512888799031e-03	2.345841e-07
3.272419138799031e-03	-4.812815e-07
3.276325388799031e-03	2.279696e-07
3.280231638799031e-03	-4.747282e-07
3.284137888799031e-03	2.214769e-07
3.288044138799031e-03	-4.682954e-07
3.291950388799031e-03	2.151035e-07
3.295856638799031e-03	-4.619810e-07
3.299762888799031e-03	2.088474e-07
3.303669138799031e-03	-4.557827e-07
3.307575388799031e-03	2.027064e-07
3.311481638799031e-03	-4.496984e-07
3.315387888799031e-03	1.966783e-07
3.319294138799031e-03	-4.437260e-07
3.323200388799031e-03	1.907611e-07
3.327106638799031e-03	-4.378635e-07
3.331012888799031e-03	1.849528e-07
3.334919138799031e-03	-4.321088e-07
3.338825388799031e-03	1.792513e-07
3.342731638799031e-03	-4.264600e-07
3.346637888799031e-03	1.736547e-07
3.350544138799031e-03	-4.209151e-07
3.354450388799031e-03	1.681610e-07
3.358356638799031e-03	-4.154721e-07
3.362262888799031e-03	1.627683e-07
3.366169138799031e-03	-4.101293e-07
3.370075388799031e-03	1.574749e-07
3.373981638799031e-03	-4.048848e-07
3.377887888799031e-03	1.522788e-07
3.381794138799031e-03	-3.997367e-07
3.385700388799031e-03	1.471783e-07
3.389606638799031e-03	-3.946834e-07
3.393512888799031e-03	1.421717e-07
3.397419138799031e-03	-3.897230e-07
3.401325388799031e-03	1.372571e-07
3.405231638799031e-03	-3.848538e-07
3.409137888799031e-03	1.324329e-07
3.413044138799031e-03	-3.800742e-07
3.416950388799031e-03	1.276974e-07
3.420856638799031e-03	-3.753825e-07
3.424762888799031e-03	1.230491e-07
3.428669138799031e-03	-3.707771e-07
3.432575388799031e-03	1.184863e-07
3.436481638799031e-03	-3.662564e-07
3.440387888799031e-03	1.140073e-07
3.444294138799031e-03	-3.618189e-07
3.448200388799031e-03	1.096108e-07
3.452106638799031e-03	-3.574630e-07
3.456012888799031e-03	1.052952e-07
3.459919138799031e-03	-3.531872e-07
3.463825388799031e-03	1.010589e-07
3.467731638799031e-03	-3.489901e-07
3.471637888799031e-03	9.690056e-08
3.475544138799031e-03	-3.448702e-07
3.479450388799031e-03	9.281869e-08
3.483356638799031e-03	-3.408260e-07
3.487262888799031e-03	8.881192e-08
3.491169138799031e-03	-3.368563e-07
3.495075388799031e-03	8.487885e-08
3.498981638799031e-03	-3.329595e-07
3.502887888799031e-03	8.101811e-08
3.506794138799031e-03	-3.291345e-07
3.510700388799031e-03	7.722840e-08
3.514606638799031e-03	-3.253798e-07
3.518512888799031e-03	7.350840e-08
3.522419138799031e-03	-3.216941e-07
3.526325388799031e-03	6.985682e-08
3.530231638799031e-03	-3.180763e-07
3.534137888799031e-03	6.627241e-08
3.538044138799031e-03	-3.145250e-07
3.541950388799031e-03	6.275393e-08
3.545856638799031e-03	-3.110390e-07
3.549762888799031e-03	5.930017e-08
3.553669138799031e-03	-3.076172e-07
3.557575388799031e-03	5.590993e-08
3.561481638799031e-03	-3.042583e-07
3.565387888799031e-03	5.258206e-08
3.569294138799031e-03	-3.009611e-07
3.573200388799031e-03	4.931541e-08
3.577106638799031e-03	-2.977247e-07
3.581012888799031e-03	4.610884e-08
3.584919138799031e-03	-2.945477e-07
3.588825388799031e-03	4.296125e-08
3.592731638799031e-03	-2.914292e-07
3.596637888799031e-03	3.987156e-08
3.600544138799031e-03	-2.883681e-07
3.604450388799031e-03	3.683870e-08
3.608356638799031e-03	-2.853633e-07
3.612262888799031e-03	3.386163e-08
3.616169138799031e-03	-2.824137e-07
3.620075388799031e-03	3.093932e-08
3.623981638799031e-03	-2.795184e-07
3.627887888799031e-03	2.807076e-08
3.631794138799031e-03	-2.766763e-07
3.635700388799031e-03	2.525497e-08
3.639606638799031e-03	-2.738865e-07
3.643512888799031e-03	2.249097e-08
3.647419138799031e-03	-2.711481e-07
3.651325388799031e-03	1.977781e-08
3.655231638799031e-03	-2.684600e-07
3.659137888799031e-03	1.711456e-08
3.663044138799031e-03	-2.658214e-07
3.666950388799031e-03	1.450030e-08
3.670856638799031e-03	-2.632313e-07
3.674762888799031e-03	1.193413e-08
3.678669138799031e-03	-2.606888e-07
3.682575388799031e-03	9.415154e-09
3.686481638799031e-03	-2.581931e-07
3.690387888799031e-03	6.942516e-09
3.694294138799031e-03	-2.557433e-07
3.698200388799031e-03	4.515360e-09
3.702106638799031e-03	-2.533386e-07
3.706012888799031e-03	2.132849e-09
3.709919138799031e-03	-2.509781e-07
3.713825388799031e-03	-2.058367e-10
3.717731638799031e-03	-2.486610e-07
3.721637888799031e-03	-2.501505e-09
3.725544138799031e-03	-2.463865e-07
3.729450388799031e-03	-4.754946e-09
3.733356638799031e-03	-2.441539e-07
3.737262888799031e-03	-6.966937e-09
3.741169138799031e-03	-2.419624e-07
3.745075388799031e-03	-9.138240e-09
3.748981638799031e-03	-2.398111e-07
3.752887888799031e-03	-1.126960e-08
3.756794138799031e-03	-2.376995e-07
3.760700388799031e-03	-1.336176e-08
3.764606638799031e-03	-2.356266e-07
3.768512888799031e-03	-1.541544e-08
3.772419138799031e-03	-2.335919e-07
3.776325388799031e-03	-1.743134e-08
3.780231638799031e-03	-2.315947e-07
3.784137888799031e-03	-1.941016e-08
3.788044138799031e-03	-2.296341e-07
3.791950388799031e-03	-2.135258e-08
3.795856638799031e-03	-2.277096e-07
3.799762888799031e-03	-2.325927e-08
3.803669138799031e-03	-2.258206e-07
3.807575388799031e-03	-2.513089e-08
3.811481638799031e-03	-2.239663e-07
3.815387888799031e-03	-2.696808e-08
3.819294138799031e-03	-2.221460e-07
3.823200388799031e-03	-2.877148e-08
3.827106638799031e-03	-2.203593e-07
3.831012888799031e-03	-3.054171e-08
3.834919138799031e-03	-2.186054e-07
3.838825388799031e-03	-3.227937e-08
3.842731638799031e-03	-2.168838e-07
3.846637888799031e-03	-3.398507e-08
3.850544138799031e-03	-2.151939e-07
3.854450388799031e-03	-3.565940e-08
3.858356638799031e-03	-2.135350e-07
3.862262888799031e-03	-3.730293e-08
3.866169138799031e-03	-2.119067e-07
3.870075388799031e-03	-3.891623e-08
3.873981638799031e-03	-2.103083e-07
3.877887888799031e-03	-4.049985e-08
3.881794138799031e-03	-2.087393e-07
3.885700388799031e-03	-4.205435e-08
3.889606638799031e-03	-2.071992e-07
3.893512888799031e-03	-4.358025e-08
3.897419138799031e-03	-2.056874e-07
3.901325388799031e-03	-4.507808e-08
3.905231638799031e-03	-2.042034e-07
3.909137888799031e-03	-4.654836e-08
3.913044138799030e-03	-2.027467e-07
3.916950388799030e-03	-4.799159e-08
3.920856638799030e-03	-2.013168e-07
3.924762888799029e-03	-4.940829e-08
3.928669138799029e-03	-1.999132e-07
3.932575388799028e-03	-5.079891e-08
3.936481638799028e-03	-1.985354e-07
3.940387888799027e-03	-5.216397e-08
3.944294138799027e-03	-1.971830e-07
3.948200388799027e-03	-5.350391e-08
3.952106638799026e-03	-1.958554e-07
3.956012888799026e-03	-5.481920e-08
3.959919138799025e-03	-1.945523e-07
3.963825388799025e-03	-5.611030e-08
3.967731638799024e-03	-1.932731e-07
3.971637888799024e-03	-5.737765e-08
3.975544138799024e-03	-1.920174e-07
3.979450388799023e-03	-5.862169e-08
3.983356638799023e-03	-1.907849e-07
3.987262888799022e-03	-5.984285e-08
3.991169138799022e-03	-1.895750e-07
3.995075388799021e-03	-6.104155e-08
3.998981638799021e-03	-1.883874e-07
4.000000000000000e-03	-6.384978e-08
Step Information: F=1K  (Step: 5/10)
0.000000000000000e+00	-1.250100e-07
1.953124988129940e-11	3.896651e-04
3.906249976259879e-11	7.786123e-04
7.812499952519758e-11	1.554850e-03
1.562499990503952e-10	3.097639e-03
3.124999981007903e-10	6.145523e-03
6.249999962015806e-10	1.210196e-02
1.000000000000000e-09	1.900435e-02
1.750000007596839e-09	1.753962e-02
2.602511023252369e-09	1.613662e-02
3.872026058458894e-09	1.440820e-02
6.411056128871944e-09	1.173474e-02
6.813286746980723e-09	1.144360e-02
7.617747983198279e-09	1.085389e-02
9.226670455633393e-09	9.951149e-03
9.428181855271282e-09	9.914582e-03
9.831204654547060e-09	9.856839e-03
1.063725025309861e-08	9.875351e-03
1.224934145020172e-08	9.818112e-03
1.547352384440794e-08	9.747021e-03
2.192188863282038e-08	9.694752e-03
3.481861820964525e-08	9.652277e-03
6.061207736329500e-08	9.613714e-03
1.121989956705945e-07	9.576982e-03
2.153728322851935e-07	9.541561e-03
4.217205055143914e-07	9.507678e-03
8.344158519727874e-07	9.476210e-03
1.659806544889579e-06	9.448824e-03
2.683719222931140e-06	9.486802e-03
3.984591847214723e-06	9.427123e-03
5.518659461213825e-06	9.594283e-03
7.402861252333048e-06	9.471298e-03
9.355986252333048e-06	9.432347e-03
1.130911125233305e-05	9.416247e-03
1.326223625233305e-05	9.415343e-03
1.521536125233305e-05	9.415318e-03
1.716848625233305e-05	9.415320e-03
1.912161125233305e-05	9.415320e-03
2.107473625233305e-05	9.415320e-03
2.302786125233305e-05	9.415321e-03
2.498098625233305e-05	9.415321e-03
2.693411125233305e-05	9.415321e-03
2.888723625233306e-05	9.415321e-03
3.084036125233306e-05	9.415321e-03
3.279348625233306e-05	9.415321e-03
3.474661125233306e-05	9.415321e-03
3.669973625233306e-05	9.415321e-03
3.865286125233306e-05	9.415321e-03
4.060598625233307e-05	9.415321e-03
4.255911125233307e-05	9.415321e-03
4.451223625233307e-05	9.415321e-03
4.646536125233307e-05	9.415321e-03
4.841848625233307e-05	9.415321e-03
5.037161125233307e-05	9.415321e-03
5.232473625233308e-05	9.415321e-03
5.427786125233308e-05	9.415321e-03
5.623098625233308e-05	9.415321e-03
5.818411125233308e-05	9.415321e-03
6.013723625233308e-05	9.415321e-03
6.209036125233308e-05	9.415321e-03
6.404348625233309e-05	9.415321e-03
6.599661125233309e-05	9.415321e-03
6.794973625233309e-05	9.415321e-03
6.990286125233309e-05	9.415321e-03
7.185598625233309e-05	9.415321e-03
7.380911125233309e-05	9.415321e-03
7.576223625233310e-05	9.415321e-03
7.771536125233310e-05	9.415321e-03
7.966848625233310e-05	9.415321e-03
8.162161125233310e-05	9.415321e-03
8.357473625233310e-05	9.415321e-03
8.552786125233311e-05	9.415321e-03
8.748098625233311e-05	9.415321e-03
8.943411125233311e-05	9.415321e-03
9.138723625233311e-05	9.415321e-03
9.334036125233311e-05	9.415321e-03
9.529348625233311e-05	9.415321e-03
9.724661125233312e-05	9.415321e-03
9.919973625233312e-05	9.415321e-03
1.011528612523331e-04	9.415321e-03
1.031059862523331e-04	9.415321e-03
1.050591112523331e-04	9.415321e-03
1.070122362523331e-04	9.415321e-03
1.089653612523331e-04	9.415321e-03
1.109184862523331e-04	9.415321e-03
1.128716112523331e-04	9.415321e-03
1.148247362523331e-04	9.415321e-03
1.167778612523331e-04	9.415321e-03
1.187309862523331e-04	9.415321e-03
1.206841112523331e-04	9.415321e-03
1.226372362523331e-04	9.415321e-03
1.245903612523331e-04	9.415321e-03
1.265434862523331e-04	9.415321e-03
1.284966112523331e-04	9.415321e-03
1.304497362523331e-04	9.415321e-03
1.324028612523331e-04	9.415321e-03
1.343559862523331e-04	9.415321e-03
1.363091112523332e-04	9.415321e-03
1.382622362523332e-04	9.415321e-03
1.402153612523332e-04	9.415321e-03
1.421684862523332e-04	9.415321e-03
1.441216112523332e-04	9.415321e-03
1.460747362523332e-04	9.415321e-03
1.480278612523332e-04	9.415321e-03
1.499809862523332e-04	9.415321e-03
1.519341112523332e-04	9.415321e-03
1.538872362523332e-04	9.415321e-03
1.558403612523332e-04	9.415321e-03
1.577934862523332e-04	9.415321e-03
1.597466112523332e-04	9.415321e-03
1.616997362523332e-04	9.415321e-03
1.636528612523332e-04	9.415321e-03
1.656059862523332e-04	9.415321e-03
1.675591112523332e-04	9.415321e-03
1.695122362523332e-04	9.415321e-03
1.714653612523332e-04	9.415321e-03
1.734184862523332e-04	9.415321e-03
1.753716112523332e-04	9.415321e-03
1.773247362523332e-04	9.415321e-03
1.792778612523332e-04	9.415321e-03
1.812309862523332e-04	9.415321e-03
1.831841112523332e-04	9.415321e-03
1.851372362523332e-04	9.415321e-03
1.870903612523332e-04	9.415321e-03
1.890434862523332e-04	9.415321e-03
1.909966112523332e-04	9.415321e-03
1.929497362523332e-04	9.415321e-03
1.949028612523332e-04	9.415321e-03
1.968559862523332e-04	9.415321e-03
1.988091112523332e-04	9.415321e-03
2.007622362523332e-04	9.415321e-03
2.027153612523332e-04	9.415321e-03
2.046684862523332e-04	9.415321e-03
2.066216112523332e-04	9.415321e-03
2.085747362523332e-04	9.415321e-03
2.105278612523332e-04	9.415321e-03
2.124809862523332e-04	9.415321e-03
2.144341112523332e-04	9.415321e-03
2.163872362523332e-04	9.415321e-03
2.183403612523332e-04	9.415321e-03
2.202934862523332e-04	9.415321e-03
2.222466112523332e-04	9.415321e-03
2.241997362523332e-04	9.415321e-03
2.261528612523332e-04	9.415321e-03
2.281059862523332e-04	9.415321e-03
2.300591112523332e-04	9.415321e-03
2.320122362523332e-04	9.415321e-03
2.339653612523332e-04	9.415321e-03
2.359184862523332e-04	9.415321e-03
2.378716112523332e-04	9.415321e-03
2.398247362523332e-04	9.415321e-03
2.417778612523332e-04	9.415321e-03
2.437309862523332e-04	9.415321e-03
2.456841112523332e-04	9.415321e-03
2.476372362523332e-04	9.415321e-03
2.495903612523332e-04	9.415321e-03
2.515434862523332e-04	9.415321e-03
2.534966112523332e-04	9.415321e-03
2.554497362523332e-04	9.415321e-03
2.574028612523332e-04	9.415321e-03
2.593559862523332e-04	9.415321e-03
2.613091112523332e-04	9.415321e-03
2.632622362523332e-04	9.415321e-03
2.652153612523332e-04	9.415321e-03
2.671684862523332e-04	9.415321e-03
2.691216112523332e-04	9.415321e-03
2.710747362523332e-04	9.415321e-03
2.730278612523332e-04	9.415321e-03
2.749809862523332e-04	9.415321e-03
2.769341112523332e-04	9.415321e-03
2.788872362523332e-04	9.415321e-03
2.808403612523333e-04	9.415321e-03
2.827934862523333e-04	9.415321e-03
2.847466112523333e-04	9.415321e-03
2.866997362523333e-04	9.415321e-03
2.886528612523333e-04	9.415321e-03
2.906059862523333e-04	9.415321e-03
2.925591112523333e-04	9.415321e-03
2.945122362523333e-04	9.415321e-03
2.964653612523333e-04	9.415321e-03
2.984184862523333e-04	9.415321e-03
3.003716112523333e-04	9.415321e-03
3.023247362523333e-04	9.415321e-03
3.042778612523333e-04	9.415321e-03
3.062309862523333e-04	9.415321e-03
3.081841112523333e-04	9.415321e-03
3.101372362523333e-04	9.415321e-03
3.120903612523333e-04	9.415321e-03
3.140434862523333e-04	9.415321e-03
3.159966112523333e-04	9.415321e-03
3.179497362523333e-04	9.415321e-03
3.199028612523333e-04	9.415321e-03
3.218559862523333e-04	9.415321e-03
3.238091112523333e-04	9.415321e-03
3.257622362523333e-04	9.415321e-03
3.277153612523333e-04	9.415321e-03
3.296684862523333e-04	9.415321e-03
3.316216112523333e-04	9.415321e-03
3.335747362523333e-04	9.415321e-03
3.355278612523333e-04	9.415321e-03
3.374809862523333e-04	9.415321e-03
3.394341112523333e-04	9.415321e-03
3.413872362523333e-04	9.415321e-03
3.433403612523333e-04	9.415321e-03
3.452934862523333e-04	9.415321e-03
3.472466112523333e-04	9.415321e-03
3.491997362523333e-04	9.415321e-03
3.511528612523333e-04	9.415321e-03
3.531059862523333e-04	9.415321e-03
3.550591112523333e-04	9.415321e-03
3.570122362523333e-04	9.415321e-03
3.589653612523333e-04	9.415321e-03
3.609184862523333e-04	9.415321e-03
3.628716112523333e-04	9.415321e-03
3.648247362523333e-04	9.415321e-03
3.667778612523333e-04	9.415321e-03
3.687309862523333e-04	9.415321e-03
3.706841112523333e-04	9.415321e-03
3.726372362523333e-04	9.415321e-03
3.745903612523333e-04	9.415321e-03
3.765434862523333e-04	9.415321e-03
3.784966112523333e-04	9.415321e-03
3.804497362523333e-04	9.415321e-03
3.824028612523333e-04	9.415321e-03
3.843559862523333e-04	9.415321e-03
3.863091112523333e-04	9.415321e-03
3.882622362523333e-04	9.415321e-03
3.902153612523333e-04	9.415321e-03
3.921684862523334e-04	9.415321e-03
3.941216112523334e-04	9.415321e-03
3.960747362523334e-04	9.415321e-03
3.980278612523334e-04	9.415321e-03
3.999809862523334e-04	9.415321e-03
4.019341112523334e-04	9.415321e-03
4.038872362523334e-04	9.415321e-03
4.058403612523334e-04	9.415321e-03
4.077934862523334e-04	9.415321e-03
4.097466112523334e-04	9.415321e-03
4.116997362523334e-04	9.415321e-03
4.136528612523334e-04	9.415321e-03
4.156059862523334e-04	9.415321e-03
4.175591112523334e-04	9.415321e-03
4.195122362523334e-04	9.415321e-03
4.214653612523334e-04	9.415321e-03
4.234184862523334e-04	9.415321e-03
4.253716112523334e-04	9.415321e-03
4.273247362523334e-04	9.415321e-03
4.292778612523334e-04	9.415321e-03
4.312309862523334e-04	9.415321e-03
4.331841112523334e-04	9.415321e-03
4.351372362523334e-04	9.415321e-03
4.370903612523334e-04	9.415321e-03
4.390434862523334e-04	9.415321e-03
4.409966112523334e-04	9.415321e-03
4.429497362523334e-04	9.415321e-03
4.449028612523334e-04	9.415321e-03
4.468559862523334e-04	9.415321e-03
4.488091112523334e-04	9.415321e-03
4.507622362523334e-04	9.415321e-03
4.527153612523334e-04	9.415321e-03
4.546684862523334e-04	9.415321e-03
4.566216112523334e-04	9.415321e-03
4.585747362523334e-04	9.415321e-03
4.605278612523334e-04	9.415321e-03
4.624809862523334e-04	9.415321e-03
4.644341112523334e-04	9.415321e-03
4.663872362523334e-04	9.415321e-03
4.683403612523334e-04	9.415321e-03
4.702934862523334e-04	9.415321e-03
4.722466112523334e-04	9.415321e-03
4.741997362523334e-04	9.415321e-03
4.761528612523334e-04	9.415321e-03
4.781059862523334e-04	9.415321e-03
4.800591112523334e-04	9.415321e-03
4.820122362523334e-04	9.415321e-03
4.839653612523334e-04	9.415321e-03
4.859184862523334e-04	9.415321e-03
4.878716112523334e-04	9.415321e-03
4.898247362523334e-04	9.415321e-03
4.917778612523334e-04	9.415321e-03
4.937309862523334e-04	9.415321e-03
4.956841112523334e-04	9.415321e-03
4.976372362523334e-04	9.415321e-03
4.995903612523334e-04	9.415321e-03
5.000010000000000e-04	9.415321e-03
5.000020000000000e-04	-1.057934e-02
5.000180000000003e-04	-1.049859e-02
5.000500000000008e-04	-1.058184e-02
5.000840826929184e-04	-1.057968e-02
5.001522480787536e-04	-1.057457e-02
5.002885788504241e-04	-1.055434e-02
5.005612403937650e-04	-1.040623e-02
5.011065634804466e-04	-1.046283e-02
5.014062006443373e-04	-2.028919e-03
5.014840156484656e-04	1.253425e-03
5.015240975893874e-04	-4.787350e-04
5.015517164177434e-04	9.780554e-05
5.015787762426058e-04	-1.953321e-05
5.016069324103493e-04	4.076819e-06
5.016477765551968e-04	-1.743414e-06
5.017294648448918e-04	9.056069e-07
5.018928414242818e-04	-9.497963e-07
5.022195945830618e-04	6.130566e-07
5.028731009006217e-04	-8.232302e-07
5.041801135357416e-04	5.541044e-07
5.061332385357416e-04	-7.916324e-07
5.080863635357416e-04	5.293502e-07
5.100394885357416e-04	-7.673336e-07
5.119926135357416e-04	5.054983e-07
5.139457385357416e-04	-7.439204e-07
5.158988635357416e-04	4.825158e-07
5.178519885357416e-04	-7.213606e-07
5.198051135357416e-04	4.603710e-07
5.217582385357416e-04	-6.996232e-07
5.237113635357416e-04	4.390334e-07
5.256644885357416e-04	-6.786781e-07
5.276176135357416e-04	4.184736e-07
5.295707385357416e-04	-6.584965e-07
5.315238635357416e-04	3.986632e-07
5.334769885357416e-04	-6.390505e-07
5.354301135357416e-04	3.795750e-07
5.373832385357416e-04	-6.203134e-07
5.393363635357416e-04	3.611825e-07
5.412894885357416e-04	-6.022592e-07
5.432426135357416e-04	3.434604e-07
5.451957385357416e-04	-5.848631e-07
5.471488635357416e-04	3.263843e-07
5.491019885357416e-04	-5.681011e-07
5.510551135357416e-04	3.099306e-07
5.530082385357416e-04	-5.519501e-07
5.549613635357416e-04	2.940767e-07
5.569144885357416e-04	-5.363878e-07
5.588676135357416e-04	2.788007e-07
5.608207385357416e-04	-5.213928e-07
5.627738635357416e-04	2.640815e-07
5.647269885357416e-04	-5.069443e-07
5.666801135357416e-04	2.498988e-07
5.686332385357416e-04	-4.930225e-07
5.705863635357416e-04	2.362331e-07
5.725394885357416e-04	-4.796082e-07
5.744926135357416e-04	2.230655e-07
5.764457385357417e-04	-4.666828e-07
5.783988635357417e-04	2.103779e-07
5.803519885357417e-04	-4.542286e-07
5.823051135357417e-04	1.981528e-07
5.842582385357417e-04	-4.422283e-07
5.862113635357417e-04	1.863733e-07
5.881644885357417e-04	-4.306655e-07
5.901176135357417e-04	1.750231e-07
5.920707385357417e-04	-4.195241e-07
5.940238635357417e-04	1.640867e-07
5.959769885357417e-04	-4.087888e-07
5.979301135357417e-04	1.535489e-07
5.998832385357417e-04	-3.984449e-07
6.018363635357417e-04	1.433952e-07
6.037894885357417e-04	-3.884780e-07
6.057426135357417e-04	1.336116e-07
6.076957385357417e-04	-3.788744e-07
6.096488635357417e-04	1.241847e-07
6.116019885357417e-04	-3.696208e-07
6.135551135357417e-04	1.151013e-07
6.155082385357417e-04	-3.607046e-07
6.174613635357417e-04	1.063491e-07
6.194144885357417e-04	-3.521133e-07
6.213676135357417e-04	9.791589e-08
6.233207385357417e-04	-3.438353e-07
6.252738635357417e-04	8.979007e-08
6.272269885357417e-04	-3.358589e-07
6.291801135357417e-04	8.196045e-08
6.311332385357417e-04	-3.281733e-07
6.330863635357417e-04	7.441622e-08
6.350394885357417e-04	-3.207679e-07
6.369926135357417e-04	6.714698e-08
6.389457385357417e-04	-3.136323e-07
6.408988635357417e-04	6.014272e-08
6.428519885357417e-04	-3.067569e-07
6.448051135357417e-04	5.339377e-08
6.467582385357417e-04	-3.001321e-07
6.487113635357417e-04	4.689081e-08
6.506644885357417e-04	-2.937488e-07
6.526176135357417e-04	4.062490e-08
6.545707385357417e-04	-2.875981e-07
6.565238635357417e-04	3.458738e-08
6.584769885357417e-04	-2.816717e-07
6.604301135357417e-04	2.876994e-08
6.623832385357417e-04	-2.759612e-07
6.643363635357417e-04	2.316455e-08
6.662894885357417e-04	-2.704589e-07
6.682426135357417e-04	1.776347e-08
6.701957385357417e-04	-2.651572e-07
6.721488635357417e-04	1.255927e-08
6.741019885357417e-04	-2.600488e-07
6.760551135357417e-04	7.544769e-09
6.780082385357417e-04	-2.551265e-07
6.799613635357417e-04	2.713049e-09
6.819144885357417e-04	-2.503836e-07
6.838676135357417e-04	-1.942552e-09
6.858207385357417e-04	-2.458137e-07
6.877738635357417e-04	-6.428453e-09
6.897269885357418e-04	-2.414103e-07
6.916801135357418e-04	-1.075084e-08
6.936332385357418e-04	-2.371674e-07
6.955863635357418e-04	-1.491567e-08
6.975394885357418e-04	-2.330792e-07
6.994926135357418e-04	-1.892869e-08
7.014457385357418e-04	-2.291400e-07
7.033988635357418e-04	-2.279543e-08
7.053519885357418e-04	-2.253444e-07
7.073051135357418e-04	-2.652123e-08
7.092582385357418e-04	-2.216871e-07
7.112113635357418e-04	-3.011122e-08
7.131644885357418e-04	-2.181632e-07
7.151176135357418e-04	-3.357036e-08
7.170707385357418e-04	-2.147677e-07
7.190238635357418e-04	-3.690340e-08
7.209769885357418e-04	-2.114959e-07
7.229301135357418e-04	-4.011495e-08
7.248832385357418e-04	-2.083435e-07
7.268363635357418e-04	-4.320944e-08
7.287894885357418e-04	-2.053059e-07
7.307426135357418e-04	-4.619113e-08
7.326957385357418e-04	-2.023790e-07
7.346488635357418e-04	-4.906414e-08
7.366019885357418e-04	-1.995589e-07
7.385551135357418e-04	-5.183242e-08
7.405082385357418e-04	-1.968415e-07
7.424613635357418e-04	-5.449980e-08
7.444144885357418e-04	-1.942232e-07
7.463676135357418e-04	-5.706995e-08
7.483207385357418e-04	-1.917003e-07
7.502738635357418e-04	-5.954641e-08
7.522269885357418e-04	-1.892694e-07
7.541801135357418e-04	-6.193261e-08
7.561332385357418e-04	-1.869271e-07
7.580863635357418e-04	-6.423183e-08
7.600394885357418e-04	-1.846702e-07
7.619926135357418e-04	-6.644724e-08
7.639457385357418e-04	-1.824955e-07
7.658988635357418e-04	-6.858190e-08
7.678519885357418e-04	-1.804001e-07
7.698051135357418e-04	-7.063874e-08
7.717582385357418e-04	-1.783811e-07
7.737113635357418e-04	-7.262062e-08
7.756644885357418e-04	-1.764357e-07
7.776176135357418e-04	-7.453025e-08
7.795707385357418e-04	-1.745612e-07
7.815238635357418e-04	-7.637027e-08
7.834769885357418e-04	-1.727550e-07
7.854301135357418e-04	-7.814322e-08
7.873832385357418e-04	-1.710147e-07
7.893363635357418e-04	-7.985155e-08
7.912894885357418e-04	-1.693378e-07
7.932426135357418e-04	-8.149762e-08
7.951957385357418e-04	-1.677220e-07
7.971488635357418e-04	-8.308368e-08
7.991019885357418e-04	-1.661651e-07
8.010551135357419e-04	-8.461192e-08
8.030082385357419e-04	-1.646650e-07
8.049613635357419e-04	-8.608446e-08
8.069144885357419e-04	-1.632195e-07
8.088676135357419e-04	-8.750332e-08
8.108207385357419e-04	-1.618268e-07
8.127738635357419e-04	-8.887047e-08
8.147269885357419e-04	-1.604848e-07
8.166801135357419e-04	-9.018778e-08
8.186332385357419e-04	-1.591917e-07
8.205863635357419e-04	-9.145708e-08
8.225394885357419e-04	-1.579457e-07
8.244926135357419e-04	-9.268011e-08
8.264457385357419e-04	-1.567452e-07
8.283988635357419e-04	-9.385856e-08
8.303519885357419e-04	-1.555884e-07
8.323051135357419e-04	-9.499405e-08
8.342582385357419e-04	-1.544738e-07
8.362113635357419e-04	-9.608816e-08
8.381644885357419e-04	-1.533998e-07
8.401176135357419e-04	-9.714238e-08
8.420707385357419e-04	-1.523650e-07
8.440238635357419e-04	-9.815817e-08
8.459769885357419e-04	-1.513679e-07
8.479301135357419e-04	-9.913694e-08
8.498832385357419e-04	-1.504071e-07
8.518363635357419e-04	-1.000800e-07
8.537894885357419e-04	-1.494814e-07
8.557426135357419e-04	-1.009887e-07
8.576957385357419e-04	-1.485894e-07
8.596488635357419e-04	-1.018643e-07
8.616019885357419e-04	-1.477299e-07
8.635551135357419e-04	-1.027080e-07
8.655082385357419e-04	-1.469017e-07
8.674613635357419e-04	-1.035209e-07
8.694144885357419e-04	-1.461038e-07
8.713676135357419e-04	-1.043042e-07
8.733207385357419e-04	-1.453349e-07
8.752738635357419e-04	-1.050590e-07
8.772269885357419e-04	-1.445940e-07
8.791801135357419e-04	-1.057862e-07
8.811332385357419e-04	-1.438802e-07
8.830863635357419e-04	-1.064869e-07
8.850394885357419e-04	-1.431924e-07
8.869926135357419e-04	-1.071621e-07
8.889457385357419e-04	-1.425296e-07
8.908988635357419e-04	-1.078127e-07
8.928519885357419e-04	-1.418910e-07
8.948051135357419e-04	-1.084395e-07
8.967582385357419e-04	-1.412757e-07
8.987113635357419e-04	-1.090435e-07
9.006644885357419e-04	-1.406828e-07
9.026176135357419e-04	-1.096255e-07
9.045707385357419e-04	-1.401115e-07
9.065238635357419e-04	-1.101863e-07
9.084769885357419e-04	-1.395610e-07
9.104301135357419e-04	-1.107266e-07
9.123832385357419e-04	-1.390306e-07
9.143363635357420e-04	-1.112473e-07
9.162894885357420e-04	-1.385196e-07
9.182426135357420e-04	-1.117489e-07
9.201957385357420e-04	-1.380271e-07
9.221488635357420e-04	-1.122323e-07
9.241019885357420e-04	-1.375526e-07
9.260551135357420e-04	-1.126981e-07
9.280082385357420e-04	-1.370955e-07
9.299613635357420e-04	-1.131468e-07
9.319144885357420e-04	-1.366549e-07
9.338676135357420e-04	-1.135793e-07
9.358207385357420e-04	-1.362305e-07
9.377738635357420e-04	-1.139959e-07
9.397269885357420e-04	-1.358215e-07
9.416801135357420e-04	-1.143974e-07
9.436332385357420e-04	-1.354274e-07
9.455863635357420e-04	-1.147842e-07
9.475394885357420e-04	-1.350477e-07
9.494926135357420e-04	-1.151570e-07
9.514457385357420e-04	-1.346818e-07
9.533988635357420e-04	-1.155161e-07
9.553519885357420e-04	-1.343292e-07
9.573051135357420e-04	-1.158622e-07
9.592582385357420e-04	-1.339895e-07
9.612113635357420e-04	-1.161956e-07
9.631644885357420e-04	-1.336622e-07
9.651176135357420e-04	-1.165169e-07
9.670707385357420e-04	-1.333469e-07
9.690238635357420e-04	-1.168265e-07
9.709769885357420e-04	-1.330430e-07
9.729301135357420e-04	-1.171248e-07
9.748832385357420e-04	-1.327502e-07
9.768363635357419e-04	-1.174122e-07
9.787894885357419e-04	-1.324680e-07
9.807426135357419e-04	-1.176892e-07
9.826957385357419e-04	-1.321962e-07
9.846488635357419e-04	-1.179560e-07
9.866019885357419e-04	-1.319342e-07
9.885551135357419e-04	-1.182131e-07
9.905082385357419e-04	-1.316818e-07
9.924613635357419e-04	-1.184609e-07
9.944144885357419e-04	-1.314387e-07
9.963676135357419e-04	-1.186996e-07
9.983207385357419e-04	-1.312043e-07
1.000000000000000e-03	-1.189480e-07
1.000001000000000e-03	1.897022e-02
1.000001104381156e-03	1.877702e-02
1.000001313143470e-03	1.835353e-02
1.000001730668096e-03	1.758159e-02
1.000002565717349e-03	1.620056e-02
1.000004235815854e-03	1.391510e-02
1.000004653340481e-03	1.345871e-02
1.000005488389733e-03	1.259587e-02
1.000007158488239e-03	1.118513e-02
1.000007576012865e-03	1.091048e-02
1.000008411062118e-03	1.039100e-02
1.000008619824431e-03	1.026006e-02
1.000009037349057e-03	1.004168e-02
1.000009872398310e-03	9.851784e-03
1.000011542496815e-03	9.847309e-03
1.000014390166275e-03	9.741277e-03
1.000020085505193e-03	9.735980e-03
1.000031476183030e-03	9.667383e-03
1.000054257538703e-03	9.623338e-03
1.000099820250050e-03	9.584522e-03
1.000190945672744e-03	9.548258e-03
1.000373196518132e-03	9.513805e-03
1.000737698208908e-03	9.481696e-03
1.001466701590459e-03	9.453365e-03
1.002477598691620e-03	9.527166e-03
1.003691602532029e-03	9.430852e-03
1.005233902204962e-03	9.656148e-03
1.006973908055972e-03	9.485424e-03
1.008927033055972e-03	9.439647e-03
1.010880158055972e-03	9.416764e-03
1.012833283055972e-03	9.415360e-03
1.014786408055972e-03	9.415316e-03
1.016739533055972e-03	9.415319e-03
1.018692658055972e-03	9.415320e-03
1.020645783055972e-03	9.415320e-03
1.022598908055972e-03	9.415321e-03
1.024552033055972e-03	9.415321e-03
1.026505158055972e-03	9.415321e-03
1.028458283055972e-03	9.415321e-03
1.030411408055972e-03	9.415321e-03
1.032364533055972e-03	9.415321e-03
1.034317658055972e-03	9.415321e-03
1.036270783055972e-03	9.415321e-03
1.038223908055972e-03	9.415321e-03
1.040177033055972e-03	9.415321e-03
1.042130158055972e-03	9.415321e-03
1.044083283055972e-03	9.415321e-03
1.046036408055972e-03	9.415321e-03
1.047989533055972e-03	9.415321e-03
1.049942658055972e-03	9.415321e-03
1.051895783055972e-03	9.415321e-03
1.053848908055972e-03	9.415321e-03
1.055802033055972e-03	9.415321e-03
1.057755158055972e-03	9.415321e-03
1.059708283055972e-03	9.415321e-03
1.061661408055972e-03	9.415321e-03
1.063614533055972e-03	9.415321e-03
1.065567658055972e-03	9.415321e-03
1.067520783055972e-03	9.415321e-03
1.069473908055972e-03	9.415321e-03
1.071427033055972e-03	9.415321e-03
1.073380158055972e-03	9.415321e-03
1.075333283055972e-03	9.415321e-03
1.077286408055972e-03	9.415321e-03
1.079239533055972e-03	9.415321e-03
1.081192658055972e-03	9.415321e-03
1.083145783055972e-03	9.415321e-03
1.085098908055972e-03	9.415321e-03
1.087052033055972e-03	9.415321e-03
1.089005158055972e-03	9.415321e-03
1.090958283055972e-03	9.415321e-03
1.092911408055972e-03	9.415321e-03
1.094864533055972e-03	9.415321e-03
1.096817658055972e-03	9.415321e-03
1.098770783055972e-03	9.415321e-03
1.100723908055972e-03	9.415321e-03
1.102677033055972e-03	9.415321e-03
1.104630158055972e-03	9.415321e-03
1.106583283055972e-03	9.415321e-03
1.108536408055972e-03	9.415321e-03
1.110489533055972e-03	9.415321e-03
1.112442658055972e-03	9.415321e-03
1.114395783055972e-03	9.415321e-03
1.116348908055972e-03	9.415321e-03
1.118302033055972e-03	9.415321e-03
1.120255158055972e-03	9.415321e-03
1.122208283055972e-03	9.415321e-03
1.124161408055972e-03	9.415321e-03
1.126114533055972e-03	9.415321e-03
1.128067658055972e-03	9.415321e-03
1.130020783055972e-03	9.415321e-03
1.131973908055972e-03	9.415321e-03
1.133927033055972e-03	9.415321e-03
1.135880158055972e-03	9.415321e-03
1.137833283055972e-03	9.415321e-03
1.139786408055972e-03	9.415321e-03
1.141739533055972e-03	9.415321e-03
1.143692658055972e-03	9.415321e-03
1.145645783055972e-03	9.415321e-03
1.147598908055972e-03	9.415321e-03
1.149552033055972e-03	9.415321e-03
1.151505158055972e-03	9.415321e-03
1.153458283055972e-03	9.415321e-03
1.155411408055972e-03	9.415321e-03
1.157364533055972e-03	9.415321e-03
1.159317658055972e-03	9.415321e-03
1.161270783055972e-03	9.415321e-03
1.163223908055972e-03	9.415321e-03
1.165177033055972e-03	9.415321e-03
1.167130158055972e-03	9.415321e-03
1.169083283055972e-03	9.415321e-03
1.171036408055972e-03	9.415321e-03
1.172989533055972e-03	9.415321e-03
1.174942658055972e-03	9.415321e-03
1.176895783055972e-03	9.415321e-03
1.178848908055972e-03	9.415321e-03
1.180802033055972e-03	9.415321e-03
1.182755158055972e-03	9.415321e-03
1.184708283055972e-03	9.415321e-03
1.186661408055972e-03	9.415321e-03
1.188614533055972e-03	9.415321e-03
1.190567658055972e-03	9.415321e-03
1.192520783055972e-03	9.415321e-03
1.194473908055972e-03	9.415321e-03
1.196427033055972e-03	9.415321e-03
1.198380158055972e-03	9.415321e-03
1.200333283055972e-03	9.415321e-03
1.202286408055972e-03	9.415321e-03
1.204239533055972e-03	9.415321e-03
1.206192658055972e-03	9.415321e-03
1.208145783055972e-03	9.415321e-03
1.210098908055972e-03	9.415321e-03
1.212052033055972e-03	9.415321e-03
1.214005158055972e-03	9.415321e-03
1.215958283055972e-03	9.415321e-03
1.217911408055972e-03	9.415321e-03
1.219864533055972e-03	9.415321e-03
1.221817658055972e-03	9.415321e-03
1.223770783055972e-03	9.415321e-03
1.225723908055972e-03	9.415321e-03
1.227677033055972e-03	9.415321e-03
1.229630158055972e-03	9.415321e-03
1.231583283055972e-03	9.415321e-03
1.233536408055972e-03	9.415321e-03
1.235489533055972e-03	9.415321e-03
1.237442658055972e-03	9.415321e-03
1.239395783055972e-03	9.415321e-03
1.241348908055972e-03	9.415321e-03
1.243302033055972e-03	9.415321e-03
1.245255158055972e-03	9.415321e-03
1.247208283055972e-03	9.415321e-03
1.249161408055972e-03	9.415321e-03
1.251114533055972e-03	9.415321e-03
1.253067658055972e-03	9.415321e-03
1.255020783055972e-03	9.415321e-03
1.256973908055972e-03	9.415321e-03
1.258927033055972e-03	9.415321e-03
1.260880158055972e-03	9.415321e-03
1.262833283055972e-03	9.415321e-03
1.264786408055972e-03	9.415321e-03
1.266739533055972e-03	9.415321e-03
1.268692658055972e-03	9.415321e-03
1.270645783055972e-03	9.415321e-03
1.272598908055972e-03	9.415321e-03
1.274552033055972e-03	9.415321e-03
1.276505158055972e-03	9.415321e-03
1.278458283055972e-03	9.415321e-03
1.280411408055972e-03	9.415321e-03
1.282364533055972e-03	9.415321e-03
1.284317658055972e-03	9.415321e-03
1.286270783055972e-03	9.415321e-03
1.288223908055972e-03	9.415321e-03
1.290177033055972e-03	9.415321e-03
1.292130158055972e-03	9.415321e-03
1.294083283055972e-03	9.415321e-03
1.296036408055972e-03	9.415321e-03
1.297989533055972e-03	9.415321e-03
1.299942658055972e-03	9.415321e-03
1.301895783055972e-03	9.415321e-03
1.303848908055972e-03	9.415321e-03
1.305802033055972e-03	9.415321e-03
1.307755158055972e-03	9.415321e-03
1.309708283055972e-03	9.415321e-03
1.311661408055972e-03	9.415321e-03
1.313614533055972e-03	9.415321e-03
1.315567658055972e-03	9.415321e-03
1.317520783055972e-03	9.415321e-03
1.319473908055972e-03	9.415321e-03
1.321427033055972e-03	9.415321e-03
1.323380158055972e-03	9.415321e-03
1.325333283055972e-03	9.415321e-03
1.327286408055972e-03	9.415321e-03
1.329239533055972e-03	9.415321e-03
1.331192658055972e-03	9.415321e-03
1.333145783055972e-03	9.415321e-03
1.335098908055972e-03	9.415321e-03
1.337052033055972e-03	9.415321e-03
1.339005158055972e-03	9.415321e-03
1.340958283055972e-03	9.415321e-03
1.342911408055972e-03	9.415321e-03
1.344864533055972e-03	9.415321e-03
1.346817658055972e-03	9.415321e-03
1.348770783055972e-03	9.415321e-03
1.350723908055973e-03	9.415321e-03
1.352677033055973e-03	9.415321e-03
1.354630158055973e-03	9.415321e-03
1.356583283055973e-03	9.415321e-03
1.358536408055973e-03	9.415321e-03
1.360489533055973e-03	9.415321e-03
1.362442658055973e-03	9.415321e-03
1.364395783055973e-03	9.415321e-03
1.366348908055973e-03	9.415321e-03
1.368302033055973e-03	9.415321e-03
1.370255158055973e-03	9.415321e-03
1.372208283055973e-03	9.415321e-03
1.374161408055973e-03	9.415321e-03
1.376114533055973e-03	9.415321e-03
1.378067658055973e-03	9.415321e-03
1.380020783055973e-03	9.415321e-03
1.381973908055973e-03	9.415321e-03
1.383927033055973e-03	9.415321e-03
1.385880158055973e-03	9.415321e-03
1.387833283055973e-03	9.415321e-03
1.389786408055973e-03	9.415321e-03
1.391739533055973e-03	9.415321e-03
1.393692658055973e-03	9.415321e-03
1.395645783055973e-03	9.415321e-03
1.397598908055973e-03	9.415321e-03
1.399552033055973e-03	9.415321e-03
1.401505158055973e-03	9.415321e-03
1.403458283055973e-03	9.415321e-03
1.405411408055973e-03	9.415321e-03
1.407364533055973e-03	9.415321e-03
1.409317658055973e-03	9.415321e-03
1.411270783055973e-03	9.415321e-03
1.413223908055973e-03	9.415321e-03
1.415177033055973e-03	9.415321e-03
1.417130158055973e-03	9.415321e-03
1.419083283055973e-03	9.415321e-03
1.421036408055973e-03	9.415321e-03
1.422989533055973e-03	9.415321e-03
1.424942658055973e-03	9.415321e-03
1.426895783055973e-03	9.415321e-03
1.428848908055973e-03	9.415321e-03
1.430802033055973e-03	9.415321e-03
1.432755158055973e-03	9.415321e-03
1.434708283055973e-03	9.415321e-03
1.436661408055973e-03	9.415321e-03
1.438614533055973e-03	9.415321e-03
1.440567658055973e-03	9.415321e-03
1.442520783055973e-03	9.415321e-03
1.444473908055973e-03	9.415321e-03
1.446427033055973e-03	9.415321e-03
1.448380158055973e-03	9.415321e-03
1.450333283055973e-03	9.415321e-03
1.452286408055973e-03	9.415321e-03
1.454239533055973e-03	9.415321e-03
1.456192658055973e-03	9.415321e-03
1.458145783055973e-03	9.415321e-03
1.460098908055973e-03	9.415321e-03
1.462052033055973e-03	9.415321e-03
1.464005158055973e-03	9.415321e-03
1.465958283055973e-03	9.415321e-03
1.467911408055973e-03	9.415321e-03
1.469864533055973e-03	9.415321e-03
1.471817658055973e-03	9.415321e-03
1.473770783055973e-03	9.415321e-03
1.475723908055973e-03	9.415321e-03
1.477677033055973e-03	9.415321e-03
1.479630158055973e-03	9.415321e-03
1.481583283055973e-03	9.415321e-03
1.483536408055973e-03	9.415321e-03
1.485489533055973e-03	9.415321e-03
1.487442658055973e-03	9.415321e-03
1.489395783055973e-03	9.415321e-03
1.491348908055973e-03	9.415321e-03
1.493302033055973e-03	9.415321e-03
1.495255158055973e-03	9.415321e-03
1.497208283055973e-03	9.415321e-03
1.499161408055973e-03	9.415321e-03
1.500001000000000e-03	9.415321e-03
1.500002000000000e-03	-1.057934e-02
1.500017999999998e-03	-1.049859e-02
1.500049999999995e-03	-1.058184e-02
1.500084082692912e-03	-1.057968e-02
1.500152248078746e-03	-1.057457e-02
1.500288578850414e-03	-1.055434e-02
1.500561240393750e-03	-1.040623e-02
1.501106563480421e-03	-1.046283e-02
1.501406200644322e-03	-2.028919e-03
1.501484015648472e-03	1.253425e-03
1.501524097589392e-03	-4.787350e-04
1.501551716417741e-03	9.780554e-05
1.501578776242591e-03	-1.953321e-05
1.501606932410323e-03	4.076819e-06
1.501647776555149e-03	-1.743414e-06
1.501729464844799e-03	9.056069e-07
1.501892841424101e-03	-9.497963e-07
1.502219594582703e-03	6.130566e-07
1.502873100899909e-03	-8.232302e-07
1.504180113534319e-03	5.541044e-07
1.506133238534319e-03	-7.916324e-07
1.508086363534319e-03	5.293502e-07
1.510039488534319e-03	-7.673336e-07
1.511992613534319e-03	5.054983e-07
1.513945738534319e-03	-7.439204e-07
1.515898863534319e-03	4.825158e-07
1.517851988534319e-03	-7.213606e-07
1.519805113534319e-03	4.603710e-07
1.521758238534319e-03	-6.996232e-07
1.523711363534319e-03	4.390334e-07
1.525664488534319e-03	-6.786781e-07
1.527617613534319e-03	4.184736e-07
1.529570738534319e-03	-6.584965e-07
1.531523863534319e-03	3.986632e-07
1.533476988534319e-03	-6.390505e-07
1.535430113534319e-03	3.795750e-07
1.537383238534319e-03	-6.203134e-07
1.539336363534319e-03	3.611825e-07
1.541289488534319e-03	-6.022592e-07
1.543242613534319e-03	3.434604e-07
1.545195738534319e-03	-5.848631e-07
1.547148863534319e-03	3.263843e-07
1.549101988534319e-03	-5.681011e-07
1.551055113534320e-03	3.099306e-07
1.553008238534320e-03	-5.519501e-07
1.554961363534320e-03	2.940767e-07
1.556914488534320e-03	-5.363878e-07
1.558867613534320e-03	2.788007e-07
1.560820738534320e-03	-5.213928e-07
1.562773863534320e-03	2.640815e-07
1.564726988534320e-03	-5.069443e-07
1.566680113534320e-03	2.498988e-07
1.568633238534320e-03	-4.930225e-07
1.570586363534320e-03	2.362331e-07
1.572539488534320e-03	-4.796082e-07
1.574492613534320e-03	2.230655e-07
1.576445738534320e-03	-4.666828e-07
1.578398863534320e-03	2.103779e-07
1.580351988534320e-03	-4.542286e-07
1.582305113534320e-03	1.981528e-07
1.584258238534320e-03	-4.422283e-07
1.586211363534320e-03	1.863732e-07
1.588164488534320e-03	-4.306655e-07
1.590117613534320e-03	1.750231e-07
1.592070738534320e-03	-4.195241e-07
1.594023863534320e-03	1.640867e-07
1.595976988534320e-03	-4.087888e-07
1.597930113534320e-03	1.535489e-07
1.599883238534320e-03	-3.984449e-07
1.601836363534320e-03	1.433952e-07
1.603789488534320e-03	-3.884780e-07
1.605742613534320e-03	1.336116e-07
1.607695738534320e-03	-3.788744e-07
1.609648863534320e-03	1.241847e-07
1.611601988534320e-03	-3.696208e-07
1.613555113534320e-03	1.151013e-07
1.615508238534320e-03	-3.607046e-07
1.617461363534320e-03	1.063491e-07
1.619414488534320e-03	-3.521133e-07
1.621367613534320e-03	9.791589e-08
1.623320738534320e-03	-3.438353e-07
1.625273863534320e-03	8.979007e-08
1.627226988534320e-03	-3.358589e-07
1.629180113534320e-03	8.196045e-08
1.631133238534320e-03	-3.281733e-07
1.633086363534320e-03	7.441622e-08
1.635039488534320e-03	-3.207679e-07
1.636992613534320e-03	6.714698e-08
1.638945738534320e-03	-3.136323e-07
1.640898863534320e-03	6.014272e-08
1.642851988534320e-03	-3.067569e-07
1.644805113534320e-03	5.339377e-08
1.646758238534320e-03	-3.001321e-07
1.648711363534320e-03	4.689081e-08
1.650664488534320e-03	-2.937488e-07
1.652617613534320e-03	4.062490e-08
1.654570738534320e-03	-2.875981e-07
1.656523863534320e-03	3.458738e-08
1.658476988534320e-03	-2.816717e-07
1.660430113534320e-03	2.876994e-08
1.662383238534320e-03	-2.759612e-07
1.664336363534320e-03	2.316455e-08
1.666289488534320e-03	-2.704589e-07
1.668242613534320e-03	1.776347e-08
1.670195738534320e-03	-2.651572e-07
1.672148863534320e-03	1.255927e-08
1.674101988534320e-03	-2.600488e-07
1.676055113534320e-03	7.544769e-09
1.678008238534320e-03	-2.551265e-07
1.679961363534320e-03	2.713048e-09
1.681914488534320e-03	-2.503836e-07
1.683867613534320e-03	-1.942553e-09
1.685820738534320e-03	-2.458137e-07
1.687773863534320e-03	-6.428453e-09
1.689726988534320e-03	-2.414103e-07
1.691680113534320e-03	-1.075084e-08
1.693633238534320e-03	-2.371674e-07
1.695586363534320e-03	-1.491567e-08
1.697539488534320e-03	-2.330792e-07
1.699492613534320e-03	-1.892869e-08
1.701445738534320e-03	-2.291400e-07
1.703398863534320e-03	-2.279543e-08
1.705351988534320e-03	-2.253444e-07
1.707305113534320e-03	-2.652123e-08
1.709258238534320e-03	-2.216871e-07
1.711211363534320e-03	-3.011122e-08
1.713164488534320e-03	-2.181632e-07
1.715117613534320e-03	-3.357036e-08
1.717070738534320e-03	-2.147677e-07
1.719023863534320e-03	-3.690340e-08
1.720976988534320e-03	-2.114959e-07
1.722930113534320e-03	-4.011495e-08
1.724883238534320e-03	-2.083435e-07
1.726836363534320e-03	-4.320944e-08
1.728789488534320e-03	-2.053059e-07
1.730742613534320e-03	-4.619113e-08
1.732695738534320e-03	-2.023790e-07
1.734648863534320e-03	-4.906414e-08
1.736601988534320e-03	-1.995589e-07
1.738555113534320e-03	-5.183242e-08
1.740508238534320e-03	-1.968415e-07
1.742461363534320e-03	-5.449980e-08
1.744414488534320e-03	-1.942232e-07
1.746367613534320e-03	-5.706995e-08
1.748320738534320e-03	-1.917003e-07
1.750273863534320e-03	-5.954641e-08
1.752226988534320e-03	-1.892694e-07
1.754180113534320e-03	-6.193261e-08
1.756133238534320e-03	-1.869271e-07
1.758086363534320e-03	-6.423183e-08
1.760039488534320e-03	-1.846702e-07
1.761992613534320e-03	-6.644724e-08
1.763945738534320e-03	-1.824955e-07
1.765898863534320e-03	-6.858190e-08
1.767851988534320e-03	-1.804001e-07
1.769805113534320e-03	-7.063874e-08
1.771758238534320e-03	-1.783811e-07
1.773711363534320e-03	-7.262062e-08
1.775664488534320e-03	-1.764357e-07
1.777617613534320e-03	-7.453025e-08
1.779570738534320e-03	-1.745612e-07
1.781523863534320e-03	-7.637027e-08
1.783476988534320e-03	-1.727550e-07
1.785430113534320e-03	-7.814322e-08
1.787383238534320e-03	-1.710147e-07
1.789336363534320e-03	-7.985155e-08
1.791289488534320e-03	-1.693378e-07
1.793242613534320e-03	-8.149762e-08
1.795195738534320e-03	-1.677220e-07
1.797148863534320e-03	-8.308368e-08
1.799101988534320e-03	-1.661651e-07
1.801055113534320e-03	-8.461192e-08
1.803008238534320e-03	-1.646650e-07
1.804961363534320e-03	-8.608446e-08
1.806914488534320e-03	-1.632195e-07
1.808867613534320e-03	-8.750332e-08
1.810820738534320e-03	-1.618268e-07
1.812773863534320e-03	-8.887047e-08
1.814726988534320e-03	-1.604848e-07
1.816680113534320e-03	-9.018778e-08
1.818633238534320e-03	-1.591917e-07
1.820586363534320e-03	-9.145708e-08
1.822539488534320e-03	-1.579457e-07
1.824492613534320e-03	-9.268011e-08
1.826445738534320e-03	-1.567452e-07
1.828398863534320e-03	-9.385856e-08
1.830351988534320e-03	-1.555884e-07
1.832305113534320e-03	-9.499405e-08
1.834258238534320e-03	-1.544738e-07
1.836211363534320e-03	-9.608816e-08
1.838164488534320e-03	-1.533998e-07
1.840117613534320e-03	-9.714238e-08
1.842070738534320e-03	-1.523650e-07
1.844023863534320e-03	-9.815817e-08
1.845976988534320e-03	-1.513679e-07
1.847930113534320e-03	-9.913694e-08
1.849883238534320e-03	-1.504071e-07
1.851836363534320e-03	-1.000800e-07
1.853789488534320e-03	-1.494814e-07
1.855742613534320e-03	-1.009887e-07
1.857695738534320e-03	-1.485894e-07
1.859648863534320e-03	-1.018643e-07
1.861601988534320e-03	-1.477299e-07
1.863555113534320e-03	-1.027080e-07
1.865508238534320e-03	-1.469017e-07
1.867461363534320e-03	-1.035209e-07
1.869414488534320e-03	-1.461038e-07
1.871367613534320e-03	-1.043042e-07
1.873320738534320e-03	-1.453349e-07
1.875273863534320e-03	-1.050590e-07
1.877226988534320e-03	-1.445940e-07
1.879180113534320e-03	-1.057862e-07
1.881133238534320e-03	-1.438802e-07
1.883086363534320e-03	-1.064869e-07
1.885039488534320e-03	-1.431924e-07
1.886992613534320e-03	-1.071621e-07
1.888945738534320e-03	-1.425296e-07
1.890898863534320e-03	-1.078127e-07
1.892851988534320e-03	-1.418910e-07
1.894805113534320e-03	-1.084395e-07
1.896758238534320e-03	-1.412757e-07
1.898711363534320e-03	-1.090435e-07
1.900664488534320e-03	-1.406828e-07
1.902617613534320e-03	-1.096255e-07
1.904570738534320e-03	-1.401115e-07
1.906523863534320e-03	-1.101863e-07
1.908476988534320e-03	-1.395610e-07
1.910430113534320e-03	-1.107266e-07
1.912383238534320e-03	-1.390306e-07
1.914336363534320e-03	-1.112473e-07
1.916289488534320e-03	-1.385196e-07
1.918242613534320e-03	-1.117489e-07
1.920195738534320e-03	-1.380271e-07
1.922148863534320e-03	-1.122323e-07
1.924101988534320e-03	-1.375526e-07
1.926055113534320e-03	-1.126981e-07
1.928008238534320e-03	-1.370955e-07
1.929961363534320e-03	-1.131468e-07
1.931914488534320e-03	-1.366549e-07
1.933867613534320e-03	-1.135793e-07
1.935820738534320e-03	-1.362305e-07
1.937773863534320e-03	-1.139959e-07
1.939726988534320e-03	-1.358215e-07
1.941680113534320e-03	-1.143974e-07
1.943633238534320e-03	-1.354274e-07
1.945586363534320e-03	-1.147842e-07
1.947539488534320e-03	-1.350477e-07
1.949492613534320e-03	-1.151570e-07
1.951445738534320e-03	-1.346818e-07
1.953398863534320e-03	-1.155161e-07
1.955351988534320e-03	-1.343292e-07
1.957305113534319e-03	-1.158622e-07
1.959258238534319e-03	-1.339895e-07
1.961211363534319e-03	-1.161956e-07
1.963164488534319e-03	-1.336622e-07
1.965117613534319e-03	-1.165169e-07
1.967070738534318e-03	-1.333469e-07
1.969023863534318e-03	-1.168265e-07
1.970976988534318e-03	-1.330430e-07
1.972930113534318e-03	-1.171248e-07
1.974883238534317e-03	-1.327502e-07
1.976836363534317e-03	-1.174122e-07
1.978789488534317e-03	-1.324680e-07
1.980742613534317e-03	-1.176892e-07
1.982695738534317e-03	-1.321962e-07
1.984648863534316e-03	-1.179560e-07
1.986601988534316e-03	-1.319342e-07
1.988555113534316e-03	-1.182131e-07
1.990508238534316e-03	-1.316818e-07
1.992461363534316e-03	-1.184609e-07
1.994414488534315e-03	-1.314387e-07
1.996367613534315e-03	-1.186996e-07
1.998320738534315e-03	-1.312043e-07
2.000000000000000e-03	-1.189480e-07
Step Information: F=5K  (Step: 6/10)
0.000000000000000e+00	-1.250100e-07
3.906249889523705e-12	7.796638e-05
7.812499779047410e-12	1.560241e-04
1.562499955809482e-11	3.120724e-04
3.124999911618964e-11	6.237683e-04
6.249999823237928e-11	1.245566e-03
1.249999964647586e-10	2.482872e-03
2.499999929295171e-10	4.933036e-03
4.999999858590343e-10	9.741280e-03
9.999999717180685e-10	1.903725e-02
1.814243771278170e-09	1.744536e-02
2.697794431104291e-09	1.599311e-02
3.913311709647083e-09	1.435072e-02
6.344346266732667e-09	1.178992e-02
6.755124553427161e-09	1.148802e-02
7.576681126816148e-09	1.088302e-02
9.219794273594123e-09	9.953750e-03
9.415920858726737e-09	9.913713e-03
9.808174028991968e-09	9.858202e-03
1.059268036952243e-08	9.879063e-03
1.216169305058334e-08	9.823295e-03
1.529971841270518e-08	9.749941e-03
2.157576913694885e-08	9.696685e-03
3.412787058543618e-08	9.653874e-03
5.923207348241086e-08	9.615191e-03
1.094404792763602e-07	9.578397e-03
2.098572908642589e-07	9.542922e-03
4.106909140400564e-07	9.508965e-03
8.013159140400564e-07	9.476915e-03
1.191940914040056e-06	9.485156e-03
1.582565914040056e-06	9.801446e-03
1.973190914040056e-06	9.571145e-03
2.363815914040057e-06	9.503860e-03
2.754440914040057e-06	9.457235e-03
3.145065914040057e-06	9.440196e-03
3.535690914040057e-06	9.431507e-03
3.926315914040057e-06	9.426710e-03
4.316940914040057e-06	9.423687e-03
4.707565914040057e-06	9.421645e-03
5.098190914040057e-06	9.420197e-03
5.488815914040058e-06	9.419135e-03
5.879440914040058e-06	9.418336e-03
6.270065914040058e-06	9.417724e-03
6.660690914040058e-06	9.417247e-03
7.051315914040058e-06	9.416873e-03
7.441940914040059e-06	9.416576e-03
7.832565914040058e-06	9.416339e-03
8.223190914040057e-06	9.416149e-03
8.613815914040057e-06	9.415995e-03
9.004440914040056e-06	9.415871e-03
9.395065914040055e-06	9.415770e-03
9.785690914040055e-06	9.415688e-03
1.017631591404005e-05	9.415621e-03
1.056694091404005e-05	9.415567e-03
1.095756591404005e-05	9.415522e-03
1.134819091404005e-05	9.415486e-03
1.173881591404005e-05	9.415456e-03
1.212944091404005e-05	9.415432e-03
1.252006591404005e-05	9.415411e-03
1.291069091404005e-05	9.415396e-03
1.330131591404005e-05	9.415382e-03
1.369194091404005e-05	9.415371e-03
1.408256591404005e-05	9.415362e-03
1.447319091404005e-05	9.415355e-03
1.486381591404005e-05	9.415348e-03
1.525444091404005e-05	9.415343e-03
1.564506591404004e-05	9.415340e-03
1.603569091404005e-05	9.415336e-03
1.642631591404005e-05	9.415333e-03
1.681694091404005e-05	9.415331e-03
1.720756591404005e-05	9.415329e-03
1.759819091404005e-05	9.415328e-03
1.798881591404005e-05	9.415327e-03
1.837944091404005e-05	9.415326e-03
1.877006591404005e-05	9.415325e-03
1.916069091404005e-05	9.415324e-03
1.955131591404005e-05	9.415323e-03
1.994194091404006e-05	9.415323e-03
2.033256591404006e-05	9.415322e-03
2.072319091404006e-05	9.415322e-03
2.111381591404006e-05	9.415322e-03
2.150444091404006e-05	9.415322e-03
2.189506591404006e-05	9.415321e-03
2.228569091404006e-05	9.415321e-03
2.267631591404006e-05	9.415321e-03
2.306694091404006e-05	9.415321e-03
2.345756591404006e-05	9.415321e-03
2.384819091404007e-05	9.415321e-03
2.423881591404007e-05	9.415321e-03
2.462944091404007e-05	9.415321e-03
2.502006591404007e-05	9.415321e-03
2.541069091404007e-05	9.415321e-03
2.580131591404007e-05	9.415321e-03
2.619194091404007e-05	9.415321e-03
2.658256591404007e-05	9.415321e-03
2.697319091404007e-05	9.415321e-03
2.736381591404008e-05	9.415321e-03
2.775444091404008e-05	9.415321e-03
2.814506591404008e-05	9.415321e-03
2.853569091404008e-05	9.415321e-03
2.892631591404008e-05	9.415321e-03
2.931694091404008e-05	9.415321e-03
2.970756591404008e-05	9.415321e-03
3.009819091404008e-05	9.415321e-03
3.048881591404008e-05	9.415321e-03
3.087944091404008e-05	9.415321e-03
3.127006591404008e-05	9.415321e-03
3.166069091404008e-05	9.415321e-03
3.205131591404007e-05	9.415321e-03
3.244194091404007e-05	9.415321e-03
3.283256591404007e-05	9.415321e-03
3.322319091404007e-05	9.415321e-03
3.361381591404006e-05	9.415321e-03
3.400444091404006e-05	9.415321e-03
3.439506591404006e-05	9.415321e-03
3.478569091404006e-05	9.415321e-03
3.517631591404006e-05	9.415321e-03
3.556694091404005e-05	9.415321e-03
3.595756591404005e-05	9.415321e-03
3.634819091404005e-05	9.415321e-03
3.673881591404005e-05	9.415321e-03
3.712944091404004e-05	9.415321e-03
3.752006591404004e-05	9.415321e-03
3.791069091404004e-05	9.415321e-03
3.830131591404004e-05	9.415321e-03
3.869194091404003e-05	9.415321e-03
3.908256591404003e-05	9.415321e-03
3.947319091404003e-05	9.415321e-03
3.986381591404003e-05	9.415321e-03
4.025444091404002e-05	9.415321e-03
4.064506591404002e-05	9.415321e-03
4.103569091404002e-05	9.415321e-03
4.142631591404002e-05	9.415321e-03
4.181694091404001e-05	9.415321e-03
4.220756591404001e-05	9.415321e-03
4.259819091404001e-05	9.415321e-03
4.298881591404001e-05	9.415321e-03
4.337944091404001e-05	9.415321e-03
4.377006591404000e-05	9.415321e-03
4.416069091404000e-05	9.415321e-03
4.455131591404000e-05	9.415321e-03
4.494194091404000e-05	9.415321e-03
4.533256591403999e-05	9.415321e-03
4.572319091403999e-05	9.415321e-03
4.611381591403999e-05	9.415321e-03
4.650444091403999e-05	9.415321e-03
4.689506591403998e-05	9.415321e-03
4.728569091403998e-05	9.415321e-03
4.767631591403998e-05	9.415321e-03
4.806694091403998e-05	9.415321e-03
4.845756591403997e-05	9.415321e-03
4.884819091403997e-05	9.415321e-03
4.923881591403997e-05	9.415321e-03
4.962944091403997e-05	9.415321e-03
5.002006591403997e-05	9.415321e-03
5.041069091403996e-05	9.415321e-03
5.080131591403996e-05	9.415321e-03
5.119194091403996e-05	9.415321e-03
5.158256591403996e-05	9.415321e-03
5.197319091403995e-05	9.415321e-03
5.236381591403995e-05	9.415321e-03
5.275444091403995e-05	9.415321e-03
5.314506591403995e-05	9.415321e-03
5.353569091403994e-05	9.415321e-03
5.392631591403994e-05	9.415321e-03
5.431694091403994e-05	9.415321e-03
5.470756591403994e-05	9.415321e-03
5.509819091403993e-05	9.415321e-03
5.548881591403993e-05	9.415321e-03
5.587944091403993e-05	9.415321e-03
5.627006591403993e-05	9.415321e-03
5.666069091403993e-05	9.415321e-03
5.705131591403992e-05	9.415321e-03
5.744194091403992e-05	9.415321e-03
5.783256591403992e-05	9.415321e-03
5.822319091403992e-05	9.415321e-03
5.861381591403991e-05	9.415321e-03
5.900444091403991e-05	9.415321e-03
5.939506591403991e-05	9.415321e-03
5.978569091403991e-05	9.415321e-03
6.017631591403990e-05	9.415321e-03
6.056694091403990e-05	9.415321e-03
6.095756591403990e-05	9.415321e-03
6.134819091403990e-05	9.415321e-03
6.173881591403990e-05	9.415321e-03
6.212944091403990e-05	9.415321e-03
6.252006591403990e-05	9.415321e-03
6.291069091403989e-05	9.415321e-03
6.330131591403989e-05	9.415321e-03
6.369194091403989e-05	9.415321e-03
6.408256591403989e-05	9.415321e-03
6.447319091403988e-05	9.415321e-03
6.486381591403988e-05	9.415321e-03
6.525444091403988e-05	9.415321e-03
6.564506591403988e-05	9.415321e-03
6.603569091403988e-05	9.415321e-03
6.642631591403987e-05	9.415321e-03
6.681694091403987e-05	9.415321e-03
6.720756591403987e-05	9.415321e-03
6.759819091403987e-05	9.415321e-03
6.798881591403986e-05	9.415321e-03
6.837944091403986e-05	9.415321e-03
6.877006591403986e-05	9.415321e-03
6.916069091403986e-05	9.415321e-03
6.955131591403985e-05	9.415321e-03
6.994194091403985e-05	9.415321e-03
7.033256591403985e-05	9.415321e-03
7.072319091403985e-05	9.415321e-03
7.111381591403984e-05	9.415321e-03
7.150444091403984e-05	9.415321e-03
7.189506591403984e-05	9.415321e-03
7.228569091403984e-05	9.415321e-03
7.267631591403983e-05	9.415321e-03
7.306694091403983e-05	9.415321e-03
7.345756591403983e-05	9.415321e-03
7.384819091403983e-05	9.415321e-03
7.423881591403983e-05	9.415321e-03
7.462944091403982e-05	9.415321e-03
7.502006591403982e-05	9.415321e-03
7.541069091403982e-05	9.415321e-03
7.580131591403982e-05	9.415321e-03
7.619194091403981e-05	9.415321e-03
7.658256591403981e-05	9.415321e-03
7.697319091403981e-05	9.415321e-03
7.736381591403981e-05	9.415321e-03
7.775444091403980e-05	9.415321e-03
7.814506591403980e-05	9.415321e-03
7.853569091403980e-05	9.415321e-03
7.892631591403980e-05	9.415321e-03
7.931694091403979e-05	9.415321e-03
7.970756591403979e-05	9.415321e-03
8.009819091403979e-05	9.415321e-03
8.048881591403979e-05	9.415321e-03
8.087944091403979e-05	9.415321e-03
8.127006591403978e-05	9.415321e-03
8.166069091403978e-05	9.415321e-03
8.205131591403978e-05	9.415321e-03
8.244194091403978e-05	9.415321e-03
8.283256591403977e-05	9.415321e-03
8.322319091403977e-05	9.415321e-03
8.361381591403977e-05	9.415321e-03
8.400444091403977e-05	9.415321e-03
8.439506591403976e-05	9.415321e-03
8.478569091403976e-05	9.415321e-03
8.517631591403976e-05	9.415321e-03
8.556694091403976e-05	9.415321e-03
8.595756591403975e-05	9.415321e-03
8.634819091403975e-05	9.415321e-03
8.673881591403975e-05	9.415321e-03
8.712944091403975e-05	9.415321e-03
8.752006591403975e-05	9.415321e-03
8.791069091403974e-05	9.415321e-03
8.830131591403974e-05	9.415321e-03
8.869194091403974e-05	9.415321e-03
8.908256591403974e-05	9.415321e-03
8.947319091403973e-05	9.415321e-03
8.986381591403973e-05	9.415321e-03
9.025444091403973e-05	9.415321e-03
9.064506591403973e-05	9.415321e-03
9.103569091403972e-05	9.415321e-03
9.142631591403972e-05	9.415321e-03
9.181694091403972e-05	9.415321e-03
9.220756591403972e-05	9.415321e-03
9.259819091403971e-05	9.415321e-03
9.298881591403971e-05	9.415321e-03
9.337944091403971e-05	9.415321e-03
9.377006591403971e-05	9.415321e-03
9.416069091403970e-05	9.415321e-03
9.455131591403970e-05	9.415321e-03
9.494194091403970e-05	9.415321e-03
9.533256591403970e-05	9.415321e-03
9.572319091403970e-05	9.415321e-03
9.611381591403969e-05	9.415321e-03
9.650444091403969e-05	9.415321e-03
9.689506591403969e-05	9.415321e-03
9.728569091403969e-05	9.415321e-03
9.767631591403968e-05	9.415321e-03
9.806694091403968e-05	9.415321e-03
9.845756591403968e-05	9.415321e-03
9.884819091403968e-05	9.415321e-03
9.923881591403967e-05	9.415321e-03
9.962944091403967e-05	9.415321e-03
1.000010000000000e-04	9.415321e-03
1.000020000000000e-04	-1.057934e-02
1.000180000000000e-04	-1.049859e-02
1.000500000000001e-04	-1.058184e-02
1.000840826929175e-04	-1.057968e-02
1.001522480787521e-04	-1.057457e-02
1.002885788504215e-04	-1.055434e-02
1.005612403937602e-04	-1.040623e-02
1.009518653937602e-04	-1.047891e-02
1.013424903937602e-04	-7.164298e-03
1.014634584735374e-04	5.190792e-03
1.015521685919491e-04	-3.450895e-03
1.015536234696740e-04	-3.019884e-03
1.015565332251238e-04	-2.246730e-03
1.015623527360233e-04	-1.201767e-03
1.015724927184608e-04	-3.531460e-04
1.015832450629159e-04	-9.141460e-05
1.015979263430187e-04	-9.789451e-06
1.016166215130382e-04	2.257241e-08
1.016520530973457e-04	-1.726819e-07
1.017179180305578e-04	-9.791773e-08
1.018496478969820e-04	-1.455471e-07
1.021131076298304e-04	-1.071175e-07
1.025037326298304e-04	-1.413153e-07
1.028943576298304e-04	-1.101511e-07
1.032849826298304e-04	-1.385507e-07
1.036756076298304e-04	-1.126705e-07
1.040662326298304e-04	-1.362549e-07
1.044568576298304e-04	-1.147626e-07
1.048474826298304e-04	-1.343483e-07
1.052381076298304e-04	-1.165001e-07
1.056287326298304e-04	-1.327650e-07
1.060193576298304e-04	-1.179429e-07
1.064099826298304e-04	-1.314502e-07
1.068006076298304e-04	-1.191411e-07
1.071912326298304e-04	-1.303582e-07
1.075818576298304e-04	-1.201362e-07
1.079724826298304e-04	-1.294515e-07
1.083631076298304e-04	-1.209625e-07
1.087537326298304e-04	-1.286984e-07
1.091443576298304e-04	-1.216488e-07
1.095349826298304e-04	-1.280730e-07
1.099256076298304e-04	-1.222187e-07
1.103162326298304e-04	-1.275537e-07
1.107068576298304e-04	-1.226919e-07
1.110974826298304e-04	-1.271224e-07
1.114881076298304e-04	-1.230850e-07
1.118787326298304e-04	-1.267643e-07
1.122693576298304e-04	-1.234114e-07
1.126599826298304e-04	-1.264668e-07
1.130506076298304e-04	-1.236824e-07
1.134412326298304e-04	-1.262198e-07
1.138318576298304e-04	-1.239075e-07
1.142224826298304e-04	-1.260147e-07
1.146131076298304e-04	-1.240944e-07
1.150037326298304e-04	-1.258444e-07
1.153943576298304e-04	-1.242497e-07
1.157849826298304e-04	-1.257029e-07
1.161756076298304e-04	-1.243786e-07
1.165662326298304e-04	-1.255854e-07
1.169568576298303e-04	-1.244856e-07
1.173474826298303e-04	-1.254879e-07
1.177381076298303e-04	-1.245745e-07
1.181287326298303e-04	-1.254068e-07
1.185193576298303e-04	-1.246484e-07
1.189099826298303e-04	-1.253396e-07
1.193006076298303e-04	-1.247097e-07
1.196912326298303e-04	-1.252837e-07
1.200818576298303e-04	-1.247606e-07
1.204724826298303e-04	-1.252373e-07
1.208631076298303e-04	-1.248029e-07
1.212537326298303e-04	-1.251987e-07
1.216443576298303e-04	-1.248380e-07
1.220349826298303e-04	-1.251667e-07
1.224256076298303e-04	-1.248672e-07
1.228162326298303e-04	-1.251402e-07
1.232068576298304e-04	-1.248914e-07
1.235974826298304e-04	-1.251181e-07
1.239881076298304e-04	-1.249115e-07
1.243787326298304e-04	-1.250998e-07
1.247693576298304e-04	-1.249282e-07
1.251599826298304e-04	-1.250846e-07
1.255506076298304e-04	-1.249421e-07
1.259412326298304e-04	-1.250719e-07
1.263318576298304e-04	-1.249536e-07
1.267224826298305e-04	-1.250614e-07
1.271131076298305e-04	-1.249632e-07
1.275037326298305e-04	-1.250527e-07
1.278943576298305e-04	-1.249711e-07
1.282849826298305e-04	-1.250455e-07
1.286756076298305e-04	-1.249777e-07
1.290662326298305e-04	-1.250394e-07
1.294568576298305e-04	-1.249832e-07
1.298474826298305e-04	-1.250344e-07
1.302381076298306e-04	-1.249877e-07
1.306287326298306e-04	-1.250303e-07
1.310193576298306e-04	-1.249915e-07
1.314099826298306e-04	-1.250269e-07
1.318006076298306e-04	-1.249946e-07
1.321912326298306e-04	-1.250240e-07
1.325818576298306e-04	-1.249972e-07
1.329724826298306e-04	-1.250216e-07
1.333631076298306e-04	-1.249994e-07
1.337537326298307e-04	-1.250197e-07
1.341443576298307e-04	-1.250012e-07
1.345349826298307e-04	-1.250180e-07
1.349256076298307e-04	-1.250027e-07
1.353162326298307e-04	-1.250167e-07
1.357068576298307e-04	-1.250039e-07
1.360974826298307e-04	-1.250155e-07
1.364881076298307e-04	-1.250050e-07
1.368787326298307e-04	-1.250146e-07
1.372693576298308e-04	-1.250058e-07
1.376599826298308e-04	-1.250138e-07
1.380506076298308e-04	-1.250065e-07
1.384412326298308e-04	-1.250132e-07
1.388318576298308e-04	-1.250071e-07
1.392224826298308e-04	-1.250126e-07
1.396131076298308e-04	-1.250076e-07
1.400037326298308e-04	-1.250122e-07
1.403943576298308e-04	-1.250080e-07
1.407849826298309e-04	-1.250118e-07
1.411756076298309e-04	-1.250083e-07
1.415662326298309e-04	-1.250115e-07
1.419568576298309e-04	-1.250086e-07
1.423474826298309e-04	-1.250113e-07
1.427381076298309e-04	-1.250089e-07
1.431287326298309e-04	-1.250110e-07
1.435193576298309e-04	-1.250091e-07
1.439099826298309e-04	-1.250109e-07
1.443006076298310e-04	-1.250092e-07
1.446912326298310e-04	-1.250107e-07
1.450818576298310e-04	-1.250094e-07
1.454724826298310e-04	-1.250106e-07
1.458631076298310e-04	-1.250095e-07
1.462537326298310e-04	-1.250105e-07
1.466443576298310e-04	-1.250095e-07
1.470349826298310e-04	-1.250104e-07
1.474256076298310e-04	-1.250096e-07
1.478162326298311e-04	-1.250103e-07
1.482068576298311e-04	-1.250097e-07
1.485974826298311e-04	-1.250103e-07
1.489881076298311e-04	-1.250097e-07
1.493787326298311e-04	-1.250102e-07
1.497693576298311e-04	-1.250098e-07
1.501599826298311e-04	-1.250102e-07
1.505506076298311e-04	-1.250098e-07
1.509412326298311e-04	-1.250102e-07
1.513318576298312e-04	-1.250098e-07
1.517224826298312e-04	-1.250101e-07
1.521131076298312e-04	-1.250099e-07
1.525037326298312e-04	-1.250101e-07
1.528943576298312e-04	-1.250099e-07
1.532849826298312e-04	-1.250101e-07
1.536756076298312e-04	-1.250099e-07
1.540662326298312e-04	-1.250101e-07
1.544568576298312e-04	-1.250099e-07
1.548474826298313e-04	-1.250101e-07
1.552381076298313e-04	-1.250099e-07
1.556287326298313e-04	-1.250100e-07
1.560193576298313e-04	-1.250099e-07
1.564099826298313e-04	-1.250100e-07
1.568006076298313e-04	-1.250100e-07
1.571912326298313e-04	-1.250100e-07
1.575818576298313e-04	-1.250100e-07
1.579724826298313e-04	-1.250100e-07
1.583631076298314e-04	-1.250100e-07
1.587537326298314e-04	-1.250100e-07
1.591443576298314e-04	-1.250100e-07
1.595349826298314e-04	-1.250100e-07
1.599256076298314e-04	-1.250100e-07
1.603162326298314e-04	-1.250100e-07
1.607068576298314e-04	-1.250100e-07
1.610974826298314e-04	-1.250100e-07
1.614881076298314e-04	-1.250100e-07
1.618787326298315e-04	-1.250100e-07
1.622693576298315e-04	-1.250100e-07
1.626599826298315e-04	-1.250100e-07
1.630506076298315e-04	-1.250100e-07
1.634412326298315e-04	-1.250100e-07
1.638318576298315e-04	-1.250100e-07
1.642224826298315e-04	-1.250100e-07
1.646131076298315e-04	-1.250100e-07
1.650037326298315e-04	-1.250100e-07
1.653943576298316e-04	-1.250100e-07
1.657849826298316e-04	-1.250100e-07
1.661756076298316e-04	-1.250100e-07
1.665662326298316e-04	-1.250100e-07
1.669568576298316e-04	-1.250100e-07
1.673474826298316e-04	-1.250100e-07
1.677381076298316e-04	-1.250100e-07
1.681287326298316e-04	-1.250100e-07
1.685193576298316e-04	-1.250100e-07
1.689099826298317e-04	-1.250100e-07
1.693006076298317e-04	-1.250100e-07
1.696912326298317e-04	-1.250100e-07
1.700818576298317e-04	-1.250100e-07
1.704724826298317e-04	-1.250100e-07
1.708631076298317e-04	-1.250100e-07
1.712537326298317e-04	-1.250100e-07
1.716443576298317e-04	-1.250100e-07
1.720349826298318e-04	-1.250100e-07
1.724256076298318e-04	-1.250100e-07
1.728162326298318e-04	-1.250100e-07
1.732068576298318e-04	-1.250100e-07
1.735974826298318e-04	-1.250100e-07
1.739881076298318e-04	-1.250100e-07
1.743787326298318e-04	-1.250100e-07
1.747693576298318e-04	-1.250100e-07
1.751599826298318e-04	-1.250100e-07
1.755506076298319e-04	-1.250100e-07
1.759412326298319e-04	-1.250100e-07
1.763318576298319e-04	-1.250100e-07
1.767224826298319e-04	-1.250100e-07
1.771131076298319e-04	-1.250100e-07
1.775037326298319e-04	-1.250100e-07
1.778943576298319e-04	-1.250100e-07
1.782849826298319e-04	-1.250100e-07
1.786756076298319e-04	-1.250100e-07
1.790662326298320e-04	-1.250100e-07
1.794568576298320e-04	-1.250100e-07
1.798474826298320e-04	-1.250100e-07
1.802381076298320e-04	-1.250100e-07
1.806287326298320e-04	-1.250100e-07
1.810193576298320e-04	-1.250100e-07
1.814099826298320e-04	-1.250100e-07
1.818006076298320e-04	-1.250100e-07
1.821912326298320e-04	-1.250100e-07
1.825818576298321e-04	-1.250100e-07
1.829724826298321e-04	-1.250100e-07
1.833631076298321e-04	-1.250100e-07
1.837537326298321e-04	-1.250100e-07
1.841443576298321e-04	-1.250100e-07
1.845349826298321e-04	-1.250100e-07
1.849256076298321e-04	-1.250100e-07
1.853162326298321e-04	-1.250100e-07
1.857068576298321e-04	-1.250100e-07
1.860974826298322e-04	-1.250100e-07
1.864881076298322e-04	-1.250100e-07
1.868787326298322e-04	-1.250100e-07
1.872693576298322e-04	-1.250100e-07
1.876599826298322e-04	-1.250100e-07
1.880506076298322e-04	-1.250100e-07
1.884412326298322e-04	-1.250100e-07
1.888318576298322e-04	-1.250100e-07
1.892224826298322e-04	-1.250100e-07
1.896131076298323e-04	-1.250100e-07
1.900037326298323e-04	-1.250100e-07
1.903943576298323e-04	-1.250100e-07
1.907849826298323e-04	-1.250100e-07
1.911756076298323e-04	-1.250100e-07
1.915662326298323e-04	-1.250100e-07
1.919568576298323e-04	-1.250100e-07
1.923474826298323e-04	-1.250100e-07
1.927381076298323e-04	-1.250100e-07
1.931287326298324e-04	-1.250100e-07
1.935193576298324e-04	-1.250100e-07
1.939099826298324e-04	-1.250100e-07
1.943006076298324e-04	-1.250100e-07
1.946912326298324e-04	-1.250100e-07
1.950818576298324e-04	-1.250100e-07
1.954724826298324e-04	-1.250100e-07
1.958631076298324e-04	-1.250100e-07
1.962537326298324e-04	-1.250100e-07
1.966443576298325e-04	-1.250100e-07
1.970349826298325e-04	-1.250100e-07
1.974256076298325e-04	-1.250100e-07
1.978162326298325e-04	-1.250100e-07
1.982068576298325e-04	-1.250100e-07
1.985974826298325e-04	-1.250100e-07
1.989881076298325e-04	-1.250100e-07
1.993787326298325e-04	-1.250100e-07
1.997693576298325e-04	-1.250100e-07
2.000000000000000e-04	-1.250100e-07
2.000010000000000e-04	1.897022e-02
2.000011043810806e-04	1.877702e-02
2.000013131432418e-04	1.835353e-02
2.000017306675642e-04	1.758158e-02
2.000025657162090e-04	1.620056e-02
2.000042358134987e-04	1.391510e-02
2.000046533378211e-04	1.345871e-02
2.000054883864659e-04	1.259588e-02
2.000071584837556e-04	1.118513e-02
2.000075760080780e-04	1.091048e-02
2.000084110567228e-04	1.039100e-02
2.000086198188840e-04	1.026006e-02
2.000090373432064e-04	1.004168e-02
2.000098723918512e-04	9.851784e-03
2.000115424891409e-04	9.847322e-03
2.000143901209272e-04	9.741277e-03
2.000200853844999e-04	9.735977e-03
2.000314759116453e-04	9.667382e-03
2.000542569659362e-04	9.623338e-03
2.000998190745178e-04	9.584522e-03
2.001909432916812e-04	9.548259e-03
2.003731917260078e-04	9.513806e-03
2.007376885946611e-04	9.481696e-03
2.011283135946612e-04	9.502051e-03
2.015189385946612e-04	9.887716e-03
2.019095635946612e-04	9.598681e-03
2.023001885946612e-04	9.518414e-03
2.026908135946612e-04	9.461342e-03
2.030814385946612e-04	9.441970e-03
2.034720635946612e-04	9.432352e-03
2.038626885946612e-04	9.427211e-03
2.042533135946612e-04	9.424013e-03
2.046439385946613e-04	9.421871e-03
2.050345635946613e-04	9.420360e-03
2.054251885946613e-04	9.419256e-03
2.058158135946613e-04	9.418428e-03
2.062064385946613e-04	9.417795e-03
2.065970635946613e-04	9.417303e-03
2.069876885946613e-04	9.416917e-03
2.073783135946613e-04	9.416611e-03
2.077689385946614e-04	9.416367e-03
2.081595635946614e-04	9.416171e-03
2.085501885946614e-04	9.416013e-03
2.089408135946614e-04	9.415885e-03
2.093314385946614e-04	9.415782e-03
2.097220635946614e-04	9.415698e-03
2.101126885946614e-04	9.415629e-03
2.105033135946614e-04	9.415573e-03
2.108939385946614e-04	9.415528e-03
2.112845635946615e-04	9.415491e-03
2.116751885946615e-04	9.415460e-03
2.120658135946615e-04	9.415435e-03
2.124564385946615e-04	9.415414e-03
2.128470635946615e-04	9.415397e-03
2.132376885946615e-04	9.415383e-03
2.136283135946615e-04	9.415372e-03
2.140189385946615e-04	9.415363e-03
2.144095635946615e-04	9.415356e-03
2.148001885946616e-04	9.415349e-03
2.151908135946616e-04	9.415344e-03
2.155814385946616e-04	9.415340e-03
2.159720635946616e-04	9.415337e-03
2.163626885946616e-04	9.415334e-03
2.167533135946616e-04	9.415331e-03
2.171439385946616e-04	9.415329e-03
2.175345635946616e-04	9.415328e-03
2.179251885946616e-04	9.415327e-03
2.183158135946617e-04	9.415326e-03
2.187064385946617e-04	9.415325e-03
2.190970635946617e-04	9.415324e-03
2.194876885946617e-04	9.415323e-03
2.198783135946617e-04	9.415323e-03
2.202689385946617e-04	9.415323e-03
2.206595635946617e-04	9.415322e-03
2.210501885946617e-04	9.415322e-03
2.214408135946617e-04	9.415322e-03
2.218314385946618e-04	9.415321e-03
2.222220635946618e-04	9.415321e-03
2.226126885946618e-04	9.415321e-03
2.230033135946618e-04	9.415321e-03
2.233939385946618e-04	9.415321e-03
2.237845635946618e-04	9.415321e-03
2.241751885946618e-04	9.415321e-03
2.245658135946618e-04	9.415321e-03
2.249564385946618e-04	9.415321e-03
2.253470635946619e-04	9.415321e-03
2.257376885946619e-04	9.415321e-03
2.261283135946619e-04	9.415321e-03
2.265189385946619e-04	9.415321e-03
2.269095635946619e-04	9.415321e-03
2.273001885946619e-04	9.415321e-03
2.276908135946619e-04	9.415321e-03
2.280814385946619e-04	9.415321e-03
2.284720635946619e-04	9.415321e-03
2.288626885946620e-04	9.415321e-03
2.292533135946620e-04	9.415321e-03
2.296439385946620e-04	9.415321e-03
2.300345635946620e-04	9.415321e-03
2.304251885946620e-04	9.415321e-03
2.308158135946620e-04	9.415321e-03
2.312064385946620e-04	9.415321e-03
2.315970635946620e-04	9.415321e-03
2.319876885946620e-04	9.415321e-03
2.323783135946621e-04	9.415321e-03
2.327689385946621e-04	9.415321e-03
2.331595635946621e-04	9.415321e-03
2.335501885946621e-04	9.415321e-03
2.339408135946621e-04	9.415321e-03
2.343314385946621e-04	9.415321e-03
2.347220635946621e-04	9.415321e-03
2.351126885946621e-04	9.415321e-03
2.355033135946621e-04	9.415321e-03
2.358939385946622e-04	9.415321e-03
2.362845635946622e-04	9.415321e-03
2.366751885946622e-04	9.415321e-03
2.370658135946622e-04	9.415321e-03
2.374564385946622e-04	9.415321e-03
2.378470635946622e-04	9.415321e-03
2.382376885946622e-04	9.415321e-03
2.386283135946622e-04	9.415321e-03
2.390189385946622e-04	9.415321e-03
2.394095635946623e-04	9.415321e-03
2.398001885946623e-04	9.415321e-03
2.401908135946623e-04	9.415321e-03
2.405814385946623e-04	9.415321e-03
2.409720635946623e-04	9.415321e-03
2.413626885946623e-04	9.415321e-03
2.417533135946623e-04	9.415321e-03
2.421439385946623e-04	9.415321e-03
2.425345635946623e-04	9.415321e-03
2.429251885946624e-04	9.415321e-03
2.433158135946624e-04	9.415321e-03
2.437064385946624e-04	9.415321e-03
2.440970635946624e-04	9.415321e-03
2.444876885946624e-04	9.415321e-03
2.448783135946624e-04	9.415321e-03
2.452689385946624e-04	9.415321e-03
2.456595635946624e-04	9.415321e-03
2.460501885946624e-04	9.415321e-03
2.464408135946625e-04	9.415321e-03
2.468314385946625e-04	9.415321e-03
2.472220635946625e-04	9.415321e-03
2.476126885946625e-04	9.415321e-03
2.480033135946625e-04	9.415321e-03
2.483939385946625e-04	9.415321e-03
2.487845635946625e-04	9.415321e-03
2.491751885946625e-04	9.415321e-03
2.495658135946625e-04	9.415321e-03
2.499564385946626e-04	9.415321e-03
2.503470635946626e-04	9.415321e-03
2.507376885946626e-04	9.415321e-03
2.511283135946626e-04	9.415321e-03
2.515189385946626e-04	9.415321e-03
2.519095635946626e-04	9.415321e-03
2.523001885946626e-04	9.415321e-03
2.526908135946626e-04	9.415321e-03
2.530814385946626e-04	9.415321e-03
2.534720635946627e-04	9.415321e-03
2.538626885946627e-04	9.415321e-03
2.542533135946627e-04	9.415321e-03
2.546439385946627e-04	9.415321e-03
2.550345635946627e-04	9.415321e-03
2.554251885946627e-04	9.415321e-03
2.558158135946627e-04	9.415321e-03
2.562064385946627e-04	9.415321e-03
2.565970635946627e-04	9.415321e-03
2.569876885946628e-04	9.415321e-03
2.573783135946628e-04	9.415321e-03
2.577689385946628e-04	9.415321e-03
2.581595635946628e-04	9.415321e-03
2.585501885946628e-04	9.415321e-03
2.589408135946628e-04	9.415321e-03
2.593314385946628e-04	9.415321e-03
2.597220635946628e-04	9.415321e-03
2.601126885946628e-04	9.415321e-03
2.605033135946629e-04	9.415321e-03
2.608939385946629e-04	9.415321e-03
2.612845635946629e-04	9.415321e-03
2.616751885946629e-04	9.415321e-03
2.620658135946629e-04	9.415321e-03
2.624564385946629e-04	9.415321e-03
2.628470635946629e-04	9.415321e-03
2.632376885946629e-04	9.415321e-03
2.636283135946630e-04	9.415321e-03
2.640189385946630e-04	9.415321e-03
2.644095635946630e-04	9.415321e-03
2.648001885946630e-04	9.415321e-03
2.651908135946630e-04	9.415321e-03
2.655814385946630e-04	9.415321e-03
2.659720635946630e-04	9.415321e-03
2.663626885946630e-04	9.415321e-03
2.667533135946630e-04	9.415321e-03
2.671439385946631e-04	9.415321e-03
2.675345635946631e-04	9.415321e-03
2.679251885946631e-04	9.415321e-03
2.683158135946631e-04	9.415321e-03
2.687064385946631e-04	9.415321e-03
2.690970635946631e-04	9.415321e-03
2.694876885946631e-04	9.415321e-03
2.698783135946631e-04	9.415321e-03
2.702689385946631e-04	9.415321e-03
2.706595635946632e-04	9.415321e-03
2.710501885946632e-04	9.415321e-03
2.714408135946632e-04	9.415321e-03
2.718314385946632e-04	9.415321e-03
2.722220635946632e-04	9.415321e-03
2.726126885946632e-04	9.415321e-03
2.730033135946632e-04	9.415321e-03
2.733939385946632e-04	9.415321e-03
2.737845635946632e-04	9.415321e-03
2.741751885946633e-04	9.415321e-03
2.745658135946633e-04	9.415321e-03
2.749564385946633e-04	9.415321e-03
2.753470635946633e-04	9.415321e-03
2.757376885946633e-04	9.415321e-03
2.761283135946633e-04	9.415321e-03
2.765189385946633e-04	9.415321e-03
2.769095635946633e-04	9.415321e-03
2.773001885946633e-04	9.415321e-03
2.776908135946634e-04	9.415321e-03
2.780814385946634e-04	9.415321e-03
2.784720635946634e-04	9.415321e-03
2.788626885946634e-04	9.415321e-03
2.792533135946634e-04	9.415321e-03
2.796439385946634e-04	9.415321e-03
2.800345635946634e-04	9.415321e-03
2.804251885946634e-04	9.415321e-03
2.808158135946634e-04	9.415321e-03
2.812064385946635e-04	9.415321e-03
2.815970635946635e-04	9.415321e-03
2.819876885946635e-04	9.415321e-03
2.823783135946635e-04	9.415321e-03
2.827689385946635e-04	9.415321e-03
2.831595635946635e-04	9.415321e-03
2.835501885946635e-04	9.415321e-03
2.839408135946635e-04	9.415321e-03
2.843314385946635e-04	9.415321e-03
2.847220635946636e-04	9.415321e-03
2.851126885946636e-04	9.415321e-03
2.855033135946636e-04	9.415321e-03
2.858939385946636e-04	9.415321e-03
2.862845635946636e-04	9.415321e-03
2.866751885946636e-04	9.415321e-03
2.870658135946636e-04	9.415321e-03
2.874564385946636e-04	9.415321e-03
2.878470635946636e-04	9.415321e-03
2.882376885946637e-04	9.415321e-03
2.886283135946637e-04	9.415321e-03
2.890189385946637e-04	9.415321e-03
2.894095635946637e-04	9.415321e-03
2.898001885946637e-04	9.415321e-03
2.901908135946637e-04	9.415321e-03
2.905814385946637e-04	9.415321e-03
2.909720635946637e-04	9.415321e-03
2.913626885946637e-04	9.415321e-03
2.917533135946638e-04	9.415321e-03
2.921439385946638e-04	9.415321e-03
2.925345635946638e-04	9.415321e-03
2.929251885946638e-04	9.415321e-03
2.933158135946638e-04	9.415321e-03
2.937064385946638e-04	9.415321e-03
2.940970635946638e-04	9.415321e-03
2.944876885946638e-04	9.415321e-03
2.948783135946638e-04	9.415321e-03
2.952689385946639e-04	9.415321e-03
2.956595635946639e-04	9.415321e-03
2.960501885946639e-04	9.415321e-03
2.964408135946639e-04	9.415321e-03
2.968314385946639e-04	9.415321e-03
2.972220635946639e-04	9.415321e-03
2.976126885946639e-04	9.415321e-03
2.980033135946639e-04	9.415321e-03
2.983939385946639e-04	9.415321e-03
2.987845635946640e-04	9.415321e-03
2.991751885946640e-04	9.415321e-03
2.995658135946640e-04	9.415321e-03
2.999564385946640e-04	9.415321e-03
3.000010000000000e-04	9.415321e-03
3.000020000000000e-04	-1.057934e-02
3.000180000000003e-04	-1.049859e-02
3.000500000000008e-04	-1.058184e-02
3.000840826929184e-04	-1.057968e-02
3.001522480787536e-04	-1.057457e-02
3.002885788504241e-04	-1.055434e-02
3.005612403937651e-04	-1.040623e-02
3.009518653937652e-04	-1.047891e-02
3.013424903937652e-04	-7.164298e-03
3.014634584735422e-04	5.190792e-03
3.015521685919522e-04	-3.450895e-03
3.015536234696771e-04	-3.019884e-03
3.015565332251270e-04	-2.246730e-03
3.015623527360267e-04	-1.201767e-03
3.015724927184644e-04	-3.531460e-04
3.015832450629197e-04	-9.141460e-05
3.015979263430229e-04	-9.789451e-06
3.016166215130431e-04	2.257241e-08
3.016520530973525e-04	-1.726819e-07
3.017179180305702e-04	-9.791773e-08
3.018496478970057e-04	-1.455471e-07
3.021131076298764e-04	-1.071175e-07
3.025037326298764e-04	-1.413153e-07
3.028943576298765e-04	-1.101511e-07
3.032849826298765e-04	-1.385507e-07
3.036756076298765e-04	-1.126705e-07
3.040662326298765e-04	-1.362549e-07
3.044568576298765e-04	-1.147626e-07
3.048474826298765e-04	-1.343483e-07
3.052381076298765e-04	-1.165001e-07
3.056287326298765e-04	-1.327650e-07
3.060193576298765e-04	-1.179429e-07
3.064099826298766e-04	-1.314502e-07
3.068006076298766e-04	-1.191411e-07
3.071912326298766e-04	-1.303582e-07
3.075818576298766e-04	-1.201362e-07
3.079724826298766e-04	-1.294515e-07
3.083631076298766e-04	-1.209625e-07
3.087537326298766e-04	-1.286984e-07
3.091443576298766e-04	-1.216488e-07
3.095349826298766e-04	-1.280730e-07
3.099256076298767e-04	-1.222187e-07
3.103162326298767e-04	-1.275537e-07
3.107068576298767e-04	-1.226919e-07
3.110974826298767e-04	-1.271224e-07
3.114881076298767e-04	-1.230850e-07
3.118787326298767e-04	-1.267643e-07
3.122693576298767e-04	-1.234114e-07
3.126599826298767e-04	-1.264668e-07
3.130506076298767e-04	-1.236824e-07
3.134412326298768e-04	-1.262198e-07
3.138318576298768e-04	-1.239075e-07
3.142224826298768e-04	-1.260147e-07
3.146131076298768e-04	-1.240944e-07
3.150037326298768e-04	-1.258444e-07
3.153943576298768e-04	-1.242497e-07
3.157849826298768e-04	-1.257029e-07
3.161756076298768e-04	-1.243786e-07
3.165662326298768e-04	-1.255854e-07
3.169568576298769e-04	-1.244856e-07
3.173474826298769e-04	-1.254879e-07
3.177381076298769e-04	-1.245745e-07
3.181287326298769e-04	-1.254068e-07
3.185193576298769e-04	-1.246484e-07
3.189099826298769e-04	-1.253396e-07
3.193006076298769e-04	-1.247097e-07
3.196912326298769e-04	-1.252837e-07
3.200818576298769e-04	-1.247606e-07
3.204724826298770e-04	-1.252373e-07
3.208631076298770e-04	-1.248029e-07
3.212537326298770e-04	-1.251987e-07
3.216443576298770e-04	-1.248380e-07
3.220349826298770e-04	-1.251667e-07
3.224256076298770e-04	-1.248672e-07
3.228162326298770e-04	-1.251402e-07
3.232068576298770e-04	-1.248914e-07
3.235974826298770e-04	-1.251181e-07
3.239881076298771e-04	-1.249115e-07
3.243787326298771e-04	-1.250998e-07
3.247693576298771e-04	-1.249282e-07
3.251599826298771e-04	-1.250846e-07
3.255506076298771e-04	-1.249421e-07
3.259412326298771e-04	-1.250719e-07
3.263318576298771e-04	-1.249536e-07
3.267224826298771e-04	-1.250614e-07
3.271131076298771e-04	-1.249632e-07
3.275037326298772e-04	-1.250527e-07
3.278943576298772e-04	-1.249711e-07
3.282849826298772e-04	-1.250455e-07
3.286756076298772e-04	-1.249777e-07
3.290662326298772e-04	-1.250394e-07
3.294568576298772e-04	-1.249832e-07
3.298474826298772e-04	-1.250344e-07
3.302381076298772e-04	-1.249877e-07
3.306287326298772e-04	-1.250303e-07
3.310193576298773e-04	-1.249915e-07
3.314099826298773e-04	-1.250269e-07
3.318006076298773e-04	-1.249946e-07
3.321912326298773e-04	-1.250240e-07
3.325818576298773e-04	-1.249972e-07
3.329724826298773e-04	-1.250216e-07
3.333631076298773e-04	-1.249994e-07
3.337537326298773e-04	-1.250197e-07
3.341443576298773e-04	-1.250012e-07
3.345349826298774e-04	-1.250180e-07
3.349256076298774e-04	-1.250027e-07
3.353162326298774e-04	-1.250167e-07
3.357068576298774e-04	-1.250039e-07
3.360974826298774e-04	-1.250155e-07
3.364881076298774e-04	-1.250050e-07
3.368787326298774e-04	-1.250146e-07
3.372693576298774e-04	-1.250058e-07
3.376599826298775e-04	-1.250138e-07
3.380506076298775e-04	-1.250065e-07
3.384412326298775e-04	-1.250132e-07
3.388318576298775e-04	-1.250071e-07
3.392224826298775e-04	-1.250126e-07
3.396131076298775e-04	-1.250076e-07
3.400037326298775e-04	-1.250122e-07
3.403943576298775e-04	-1.250080e-07
3.407849826298775e-04	-1.250118e-07
3.411756076298776e-04	-1.250083e-07
3.415662326298776e-04	-1.250115e-07
3.419568576298776e-04	-1.250086e-07
3.423474826298776e-04	-1.250113e-07
3.427381076298776e-04	-1.250089e-07
3.431287326298776e-04	-1.250110e-07
3.435193576298776e-04	-1.250091e-07
3.439099826298776e-04	-1.250109e-07
3.443006076298776e-04	-1.250092e-07
3.446912326298777e-04	-1.250107e-07
3.450818576298777e-04	-1.250094e-07
3.454724826298777e-04	-1.250106e-07
3.458631076298777e-04	-1.250095e-07
3.462537326298777e-04	-1.250105e-07
3.466443576298777e-04	-1.250095e-07
3.470349826298777e-04	-1.250104e-07
3.474256076298777e-04	-1.250096e-07
3.478162326298777e-04	-1.250103e-07
3.482068576298778e-04	-1.250097e-07
3.485974826298778e-04	-1.250103e-07
3.489881076298778e-04	-1.250097e-07
3.493787326298778e-04	-1.250102e-07
3.497693576298778e-04	-1.250098e-07
3.501599826298778e-04	-1.250102e-07
3.505506076298778e-04	-1.250098e-07
3.509412326298778e-04	-1.250102e-07
3.513318576298778e-04	-1.250098e-07
3.517224826298779e-04	-1.250101e-07
3.521131076298779e-04	-1.250099e-07
3.525037326298779e-04	-1.250101e-07
3.528943576298779e-04	-1.250099e-07
3.532849826298779e-04	-1.250101e-07
3.536756076298779e-04	-1.250099e-07
3.540662326298779e-04	-1.250101e-07
3.544568576298779e-04	-1.250099e-07
3.548474826298779e-04	-1.250101e-07
3.552381076298780e-04	-1.250099e-07
3.556287326298780e-04	-1.250100e-07
3.560193576298780e-04	-1.250099e-07
3.564099826298780e-04	-1.250100e-07
3.568006076298780e-04	-1.250100e-07
3.571912326298780e-04	-1.250100e-07
3.575818576298780e-04	-1.250100e-07
3.579724826298780e-04	-1.250100e-07
3.583631076298780e-04	-1.250100e-07
3.587537326298781e-04	-1.250100e-07
3.591443576298781e-04	-1.250100e-07
3.595349826298781e-04	-1.250100e-07
3.599256076298781e-04	-1.250100e-07
3.603162326298781e-04	-1.250100e-07
3.607068576298781e-04	-1.250100e-07
3.610974826298781e-04	-1.250100e-07
3.614881076298781e-04	-1.250100e-07
3.618787326298781e-04	-1.250100e-07
3.622693576298782e-04	-1.250100e-07
3.626599826298782e-04	-1.250100e-07
3.630506076298782e-04	-1.250100e-07
3.634412326298782e-04	-1.250100e-07
3.638318576298782e-04	-1.250100e-07
3.642224826298782e-04	-1.250100e-07
3.646131076298782e-04	-1.250100e-07
3.650037326298782e-04	-1.250100e-07
3.653943576298782e-04	-1.250100e-07
3.657849826298783e-04	-1.250100e-07
3.661756076298783e-04	-1.250100e-07
3.665662326298783e-04	-1.250100e-07
3.669568576298783e-04	-1.250100e-07
3.673474826298783e-04	-1.250100e-07
3.677381076298783e-04	-1.250100e-07
3.681287326298783e-04	-1.250100e-07
3.685193576298783e-04	-1.250100e-07
3.689099826298783e-04	-1.250100e-07
3.693006076298784e-04	-1.250100e-07
3.696912326298784e-04	-1.250100e-07
3.700818576298784e-04	-1.250100e-07
3.704724826298784e-04	-1.250100e-07
3.708631076298784e-04	-1.250100e-07
3.712537326298784e-04	-1.250100e-07
3.716443576298784e-04	-1.250100e-07
3.720349826298784e-04	-1.250100e-07
3.724256076298784e-04	-1.250100e-07
3.728162326298785e-04	-1.250100e-07
3.732068576298785e-04	-1.250100e-07
3.735974826298785e-04	-1.250100e-07
3.739881076298785e-04	-1.250100e-07
3.743787326298785e-04	-1.250100e-07
3.747693576298785e-04	-1.250100e-07
3.751599826298785e-04	-1.250100e-07
3.755506076298785e-04	-1.250100e-07
3.759412326298785e-04	-1.250100e-07
3.763318576298786e-04	-1.250100e-07
3.767224826298786e-04	-1.250100e-07
3.771131076298786e-04	-1.250100e-07
3.775037326298786e-04	-1.250100e-07
3.778943576298786e-04	-1.250100e-07
3.782849826298786e-04	-1.250100e-07
3.786756076298786e-04	-1.250100e-07
3.790662326298786e-04	-1.250100e-07
3.794568576298786e-04	-1.250100e-07
3.798474826298787e-04	-1.250100e-07
3.802381076298787e-04	-1.250100e-07
3.806287326298787e-04	-1.250100e-07
3.810193576298787e-04	-1.250100e-07
3.814099826298787e-04	-1.250100e-07
3.818006076298787e-04	-1.250100e-07
3.821912326298787e-04	-1.250100e-07
3.825818576298787e-04	-1.250100e-07
3.829724826298787e-04	-1.250100e-07
3.833631076298788e-04	-1.250100e-07
3.837537326298788e-04	-1.250100e-07
3.841443576298788e-04	-1.250100e-07
3.845349826298788e-04	-1.250100e-07
3.849256076298788e-04	-1.250100e-07
3.853162326298788e-04	-1.250100e-07
3.857068576298788e-04	-1.250100e-07
3.860974826298788e-04	-1.250100e-07
3.864881076298788e-04	-1.250100e-07
3.868787326298789e-04	-1.250100e-07
3.872693576298789e-04	-1.250100e-07
3.876599826298789e-04	-1.250100e-07
3.880506076298789e-04	-1.250100e-07
3.884412326298789e-04	-1.250100e-07
3.888318576298789e-04	-1.250100e-07
3.892224826298789e-04	-1.250100e-07
3.896131076298789e-04	-1.250100e-07
3.900037326298789e-04	-1.250100e-07
3.903943576298790e-04	-1.250100e-07
3.907849826298790e-04	-1.250100e-07
3.911756076298790e-04	-1.250100e-07
3.915662326298790e-04	-1.250100e-07
3.919568576298790e-04	-1.250100e-07
3.923474826298790e-04	-1.250100e-07
3.927381076298790e-04	-1.250100e-07
3.931287326298790e-04	-1.250100e-07
3.935193576298791e-04	-1.250100e-07
3.939099826298791e-04	-1.250100e-07
3.943006076298791e-04	-1.250100e-07
3.946912326298791e-04	-1.250100e-07
3.950818576298791e-04	-1.250100e-07
3.954724826298791e-04	-1.250100e-07
3.958631076298791e-04	-1.250100e-07
3.962537326298791e-04	-1.250100e-07
3.966443576298791e-04	-1.250100e-07
3.970349826298792e-04	-1.250100e-07
3.974256076298792e-04	-1.250100e-07
3.978162326298792e-04	-1.250100e-07
3.982068576298792e-04	-1.250100e-07
3.985974826298792e-04	-1.250100e-07
3.989881076298792e-04	-1.250100e-07
3.993787326298792e-04	-1.250100e-07
3.997693576298792e-04	-1.250100e-07
4.000000000000000e-04	-1.250100e-07
Step Information: F=10K  (Step: 7/10)
0.000000000000000e+00	-1.250100e-07
1.953124944761853e-12	3.892908e-05
3.906249889523705e-12	7.797475e-05
7.812499779047410e-12	1.560493e-04
1.562499955809482e-11	3.120978e-04
3.124999911618964e-11	6.237935e-04
6.249999823237928e-11	1.245591e-03
1.249999964647586e-10	2.482897e-03
2.499999929295171e-10	4.933061e-03
4.999999858590343e-10	9.741304e-03
9.999999717180685e-10	1.903727e-02
1.814244536836570e-09	1.744538e-02
2.697795675933511e-09	1.599312e-02
3.913314503144502e-09	1.435073e-02
6.344352157566483e-09	1.178993e-02
6.755130897488878e-09	1.148802e-02
7.576688377333667e-09	1.088302e-02
9.219803337023247e-09	9.953751e-03
9.415929034099743e-09	9.913713e-03
9.808180428252736e-09	9.858203e-03
1.059268321655872e-08	9.879064e-03
1.216168879317069e-08	9.823296e-03
1.529969994639464e-08	9.749942e-03
2.157572225284253e-08	9.696685e-03
3.412776686573830e-08	9.653875e-03
5.923185609152984e-08	9.615191e-03
1.094400345431129e-07	9.578397e-03
2.098563914462791e-07	9.542922e-03
4.051688914462792e-07	9.508452e-03
6.004813914462792e-07	9.517835e-03
7.957938914462791e-07	9.896223e-03
9.911063914462791e-07	9.632637e-03
1.186418891446279e-06	9.551832e-03
1.381731391446279e-06	9.492537e-03
1.577043891446279e-06	9.468716e-03
1.772356391446279e-06	9.455457e-03
1.967668891446279e-06	9.447415e-03
2.162981391446279e-06	9.441871e-03
2.358293891446280e-06	9.437775e-03
2.553606391446280e-06	9.434600e-03
2.748918891446280e-06	9.432053e-03
2.944231391446280e-06	9.429959e-03
3.139543891446280e-06	9.428205e-03
3.334856391446280e-06	9.426716e-03
3.530168891446280e-06	9.425436e-03
3.725481391446280e-06	9.424327e-03
3.920793891446280e-06	9.423359e-03
4.116106391446280e-06	9.422511e-03
4.311418891446280e-06	9.421762e-03
4.506731391446279e-06	9.421101e-03
4.702043891446279e-06	9.420513e-03
4.897356391446279e-06	9.419990e-03
5.092668891446278e-06	9.419523e-03
5.287981391446278e-06	9.419107e-03
5.483293891446278e-06	9.418733e-03
5.678606391446277e-06	9.418399e-03
5.873918891446277e-06	9.418098e-03
6.069231391446277e-06	9.417828e-03
6.264543891446276e-06	9.417586e-03
6.459856391446276e-06	9.417367e-03
6.655168891446276e-06	9.417171e-03
6.850481391446275e-06	9.416993e-03
7.045793891446275e-06	9.416834e-03
7.241106391446275e-06	9.416689e-03
7.436418891446274e-06	9.416559e-03
7.631731391446275e-06	9.416441e-03
7.827043891446275e-06	9.416334e-03
8.022356391446276e-06	9.416238e-03
8.217668891446276e-06	9.416152e-03
8.412981391446277e-06	9.416073e-03
8.608293891446277e-06	9.416002e-03
8.803606391446278e-06	9.415938e-03
8.998918891446278e-06	9.415879e-03
9.194231391446279e-06	9.415827e-03
9.389543891446279e-06	9.415779e-03
9.584856391446280e-06	9.415735e-03
9.780168891446280e-06	9.415696e-03
9.975481391446281e-06	9.415661e-03
1.017079389144628e-05	9.415629e-03
1.036610639144628e-05	9.415600e-03
1.056141889144628e-05	9.415574e-03
1.075673139144628e-05	9.415550e-03
1.095204389144628e-05	9.415529e-03
1.114735639144628e-05	9.415509e-03
1.134266889144628e-05	9.415491e-03
1.153798139144628e-05	9.415476e-03
1.173329389144629e-05	9.415461e-03
1.192860639144629e-05	9.415448e-03
1.212391889144629e-05	9.415436e-03
1.231923139144629e-05	9.415425e-03
1.251454389144629e-05	9.415415e-03
1.270985639144629e-05	9.415407e-03
1.290516889144629e-05	9.415398e-03
1.310048139144629e-05	9.415391e-03
1.329579389144629e-05	9.415384e-03
1.349110639144629e-05	9.415379e-03
1.368641889144629e-05	9.415373e-03
1.388173139144629e-05	9.415369e-03
1.407704389144629e-05	9.415364e-03
1.427235639144629e-05	9.415359e-03
1.446766889144629e-05	9.415356e-03
1.466298139144629e-05	9.415353e-03
1.485829389144629e-05	9.415350e-03
1.505360639144629e-05	9.415347e-03
1.524891889144629e-05	9.415344e-03
1.544423139144629e-05	9.415342e-03
1.563954389144629e-05	9.415341e-03
1.583485639144629e-05	9.415339e-03
1.603016889144629e-05	9.415337e-03
1.622548139144629e-05	9.415335e-03
1.642079389144629e-05	9.415334e-03
1.661610639144629e-05	9.415332e-03
1.681141889144629e-05	9.415331e-03
1.700673139144628e-05	9.415330e-03
1.720204389144628e-05	9.415329e-03
1.739735639144628e-05	9.415329e-03
1.759266889144628e-05	9.415328e-03
1.778798139144628e-05	9.415328e-03
1.798329389144628e-05	9.415327e-03
1.817860639144628e-05	9.415326e-03
1.837391889144628e-05	9.415326e-03
1.856923139144627e-05	9.415325e-03
1.876454389144627e-05	9.415325e-03
1.895985639144627e-05	9.415325e-03
1.915516889144627e-05	9.415324e-03
1.935048139144627e-05	9.415324e-03
1.954579389144627e-05	9.415324e-03
1.974110639144627e-05	9.415323e-03
1.993641889144627e-05	9.415323e-03
2.013173139144627e-05	9.415323e-03
2.032704389144626e-05	9.415323e-03
2.052235639144626e-05	9.415322e-03
2.071766889144626e-05	9.415322e-03
2.091298139144626e-05	9.415322e-03
2.110829389144626e-05	9.415322e-03
2.130360639144626e-05	9.415322e-03
2.149891889144626e-05	9.415322e-03
2.169423139144626e-05	9.415322e-03
2.188954389144625e-05	9.415321e-03
2.208485639144625e-05	9.415321e-03
2.228016889144625e-05	9.415321e-03
2.247548139144625e-05	9.415321e-03
2.267079389144625e-05	9.415321e-03
2.286610639144625e-05	9.415321e-03
2.306141889144625e-05	9.415321e-03
2.325673139144625e-05	9.415321e-03
2.345204389144625e-05	9.415321e-03
2.364735639144624e-05	9.415321e-03
2.384266889144624e-05	9.415321e-03
2.403798139144624e-05	9.415321e-03
2.423329389144624e-05	9.415321e-03
2.442860639144624e-05	9.415321e-03
2.462391889144624e-05	9.415321e-03
2.481923139144624e-05	9.415321e-03
2.501454389144624e-05	9.415321e-03
2.520985639144623e-05	9.415321e-03
2.540516889144623e-05	9.415321e-03
2.560048139144623e-05	9.415321e-03
2.579579389144623e-05	9.415321e-03
2.599110639144623e-05	9.415321e-03
2.618641889144623e-05	9.415321e-03
2.638173139144623e-05	9.415321e-03
2.657704389144623e-05	9.415321e-03
2.677235639144622e-05	9.415321e-03
2.696766889144622e-05	9.415321e-03
2.716298139144622e-05	9.415321e-03
2.735829389144622e-05	9.415321e-03
2.755360639144622e-05	9.415321e-03
2.774891889144622e-05	9.415321e-03
2.794423139144622e-05	9.415321e-03
2.813954389144622e-05	9.415321e-03
2.833485639144622e-05	9.415321e-03
2.853016889144621e-05	9.415321e-03
2.872548139144621e-05	9.415321e-03
2.892079389144621e-05	9.415321e-03
2.911610639144621e-05	9.415321e-03
2.931141889144621e-05	9.415321e-03
2.950673139144621e-05	9.415321e-03
2.970204389144621e-05	9.415321e-03
2.989735639144621e-05	9.415321e-03
3.009266889144620e-05	9.415321e-03
3.028798139144620e-05	9.415321e-03
3.048329389144620e-05	9.415321e-03
3.067860639144620e-05	9.415321e-03
3.087391889144620e-05	9.415321e-03
3.106923139144620e-05	9.415321e-03
3.126454389144620e-05	9.415321e-03
3.145985639144620e-05	9.415321e-03
3.165516889144620e-05	9.415321e-03
3.185048139144620e-05	9.415321e-03
3.204579389144620e-05	9.415321e-03
3.224110639144620e-05	9.415321e-03
3.243641889144619e-05	9.415321e-03
3.263173139144619e-05	9.415321e-03
3.282704389144619e-05	9.415321e-03
3.302235639144619e-05	9.415321e-03
3.321766889144619e-05	9.415321e-03
3.341298139144619e-05	9.415321e-03
3.360829389144619e-05	9.415321e-03
3.380360639144619e-05	9.415321e-03
3.399891889144618e-05	9.415321e-03
3.419423139144618e-05	9.415321e-03
3.438954389144618e-05	9.415321e-03
3.458485639144618e-05	9.415321e-03
3.478016889144618e-05	9.415321e-03
3.497548139144618e-05	9.415321e-03
3.517079389144618e-05	9.415321e-03
3.536610639144618e-05	9.415321e-03
3.556141889144618e-05	9.415321e-03
3.575673139144617e-05	9.415321e-03
3.595204389144617e-05	9.415321e-03
3.614735639144617e-05	9.415321e-03
3.634266889144617e-05	9.415321e-03
3.653798139144617e-05	9.415321e-03
3.673329389144617e-05	9.415321e-03
3.692860639144617e-05	9.415321e-03
3.712391889144617e-05	9.415321e-03
3.731923139144616e-05	9.415321e-03
3.751454389144616e-05	9.415321e-03
3.770985639144616e-05	9.415321e-03
3.790516889144616e-05	9.415321e-03
3.810048139144616e-05	9.415321e-03
3.829579389144616e-05	9.415321e-03
3.849110639144616e-05	9.415321e-03
3.868641889144616e-05	9.415321e-03
3.888173139144616e-05	9.415321e-03
3.907704389144615e-05	9.415321e-03
3.927235639144615e-05	9.415321e-03
3.946766889144615e-05	9.415321e-03
3.966298139144615e-05	9.415321e-03
3.985829389144615e-05	9.415321e-03
4.005360639144615e-05	9.415321e-03
4.024891889144615e-05	9.415321e-03
4.044423139144615e-05	9.415321e-03
4.063954389144614e-05	9.415321e-03
4.083485639144614e-05	9.415321e-03
4.103016889144614e-05	9.415321e-03
4.122548139144614e-05	9.415321e-03
4.142079389144614e-05	9.415321e-03
4.161610639144614e-05	9.415321e-03
4.181141889144614e-05	9.415321e-03
4.200673139144614e-05	9.415321e-03
4.220204389144614e-05	9.415321e-03
4.239735639144613e-05	9.415321e-03
4.259266889144613e-05	9.415321e-03
4.278798139144613e-05	9.415321e-03
4.298329389144613e-05	9.415321e-03
4.317860639144613e-05	9.415321e-03
4.337391889144613e-05	9.415321e-03
4.356923139144613e-05	9.415321e-03
4.376454389144613e-05	9.415321e-03
4.395985639144612e-05	9.415321e-03
4.415516889144612e-05	9.415321e-03
4.435048139144612e-05	9.415321e-03
4.454579389144612e-05	9.415321e-03
4.474110639144612e-05	9.415321e-03
4.493641889144612e-05	9.415321e-03
4.513173139144612e-05	9.415321e-03
4.532704389144612e-05	9.415321e-03
4.552235639144611e-05	9.415321e-03
4.571766889144611e-05	9.415321e-03
4.591298139144611e-05	9.415321e-03
4.610829389144611e-05	9.415321e-03
4.630360639144611e-05	9.415321e-03
4.649891889144611e-05	9.415321e-03
4.669423139144611e-05	9.415321e-03
4.688954389144611e-05	9.415321e-03
4.708485639144611e-05	9.415321e-03
4.728016889144610e-05	9.415321e-03
4.747548139144610e-05	9.415321e-03
4.767079389144610e-05	9.415321e-03
4.786610639144610e-05	9.415321e-03
4.806141889144610e-05	9.415321e-03
4.825673139144610e-05	9.415321e-03
4.845204389144610e-05	9.415321e-03
4.864735639144610e-05	9.415321e-03
4.884266889144609e-05	9.415321e-03
4.903798139144609e-05	9.415321e-03
4.923329389144609e-05	9.415321e-03
4.942860639144609e-05	9.415321e-03
4.962391889144609e-05	9.415321e-03
4.981923139144609e-05	9.415321e-03
5.000100000000000e-05	9.415321e-03
5.000200000000001e-05	-1.057934e-02
5.001800000000004e-05	-1.049859e-02
5.005000000000011e-05	-1.058184e-02
5.008408269291723e-05	-1.057968e-02
5.015224807875147e-05	-1.057457e-02
5.028857885041995e-05	-1.055434e-02
5.048389135041995e-05	-1.048863e-02
5.067920385041995e-05	-1.039026e-02
5.087451635041995e-05	-1.021558e-02
5.106982885041995e-05	-1.046663e-02
5.126514135041995e-05	-1.035636e-02
5.134087212607556e-05	6.515494e-04
5.137716100950250e-05	-2.193568e-04
5.139301890208353e-05	-1.524323e-05
5.141403678962951e-05	9.885227e-07
5.144662357468997e-05	-4.424237e-07
5.149289081963582e-05	1.367670e-08
5.158542530952751e-05	-2.182540e-07
5.177049428931091e-05	-4.840541e-08
5.196580678931090e-05	-1.886008e-07
5.216111928931090e-05	-7.222224e-08
5.235643178931090e-05	-1.688300e-07
5.255174428931090e-05	-8.863429e-08
5.274705678931090e-05	-1.552061e-07
5.294236928931090e-05	-9.994373e-08
5.313768178931090e-05	-1.458179e-07
5.333299428931090e-05	-1.077370e-07
5.352830678931089e-05	-1.393486e-07
5.372361928931089e-05	-1.131073e-07
5.391893178931089e-05	-1.348906e-07
5.411424428931089e-05	-1.168079e-07
5.430955678931089e-05	-1.318187e-07
5.450486928931089e-05	-1.193580e-07
5.470018178931089e-05	-1.297018e-07
5.489549428931089e-05	-1.211152e-07
5.509080678931089e-05	-1.282431e-07
5.528611928931088e-05	-1.223261e-07
5.548143178931088e-05	-1.272379e-07
5.567674428931088e-05	-1.231606e-07
5.587205678931088e-05	-1.265452e-07
5.606736928931088e-05	-1.237356e-07
5.626268178931088e-05	-1.260679e-07
5.645799428931088e-05	-1.241318e-07
5.665330678931088e-05	-1.257390e-07
5.684861928931087e-05	-1.244048e-07
5.704393178931087e-05	-1.255124e-07
5.723924428931087e-05	-1.245930e-07
5.743455678931087e-05	-1.253562e-07
5.762986928931087e-05	-1.247226e-07
5.782518178931087e-05	-1.252485e-07
5.802049428931087e-05	-1.248120e-07
5.821580678931087e-05	-1.251744e-07
5.841111928931086e-05	-1.248736e-07
5.860643178931086e-05	-1.251233e-07
5.880174428931086e-05	-1.249160e-07
5.899705678931086e-05	-1.250881e-07
5.919236928931086e-05	-1.249452e-07
5.938768178931086e-05	-1.250638e-07
5.958299428931086e-05	-1.249654e-07
5.977830678931086e-05	-1.250471e-07
5.997361928931086e-05	-1.249792e-07
6.016893178931085e-05	-1.250355e-07
6.036424428931085e-05	-1.249888e-07
6.055955678931085e-05	-1.250276e-07
6.075486928931085e-05	-1.249954e-07
6.095018178931085e-05	-1.250221e-07
6.114549428931086e-05	-1.249999e-07
6.134080678931086e-05	-1.250184e-07
6.153611928931087e-05	-1.250031e-07
6.173143178931087e-05	-1.250158e-07
6.192674428931088e-05	-1.250052e-07
6.212205678931088e-05	-1.250140e-07
6.231736928931089e-05	-1.250067e-07
6.251268178931089e-05	-1.250127e-07
6.270799428931090e-05	-1.250077e-07
6.290330678931091e-05	-1.250119e-07
6.309861928931091e-05	-1.250084e-07
6.329393178931092e-05	-1.250113e-07
6.348924428931092e-05	-1.250089e-07
6.368455678931093e-05	-1.250109e-07
6.387986928931093e-05	-1.250093e-07
6.407518178931094e-05	-1.250106e-07
6.427049428931094e-05	-1.250095e-07
6.446580678931095e-05	-1.250104e-07
6.466111928931096e-05	-1.250096e-07
6.485643178931096e-05	-1.250103e-07
6.505174428931097e-05	-1.250098e-07
6.524705678931097e-05	-1.250102e-07
6.544236928931098e-05	-1.250098e-07
6.563768178931098e-05	-1.250101e-07
6.583299428931099e-05	-1.250099e-07
6.602830678931100e-05	-1.250101e-07
6.622361928931100e-05	-1.250099e-07
6.641893178931101e-05	-1.250101e-07
6.661424428931101e-05	-1.250099e-07
6.680955678931102e-05	-1.250100e-07
6.700486928931102e-05	-1.250100e-07
6.720018178931103e-05	-1.250100e-07
6.739549428931103e-05	-1.250100e-07
6.759080678931104e-05	-1.250100e-07
6.778611928931105e-05	-1.250100e-07
6.798143178931105e-05	-1.250100e-07
6.817674428931106e-05	-1.250100e-07
6.837205678931106e-05	-1.250100e-07
6.856736928931107e-05	-1.250100e-07
6.876268178931107e-05	-1.250100e-07
6.895799428931108e-05	-1.250100e-07
6.915330678931108e-05	-1.250100e-07
6.934861928931109e-05	-1.250100e-07
6.954393178931110e-05	-1.250100e-07
6.973924428931110e-05	-1.250100e-07
6.993455678931111e-05	-1.250100e-07
7.012986928931111e-05	-1.250100e-07
7.032518178931112e-05	-1.250100e-07
7.052049428931112e-05	-1.250100e-07
7.071580678931113e-05	-1.250100e-07
7.091111928931113e-05	-1.250100e-07
7.110643178931114e-05	-1.250100e-07
7.130174428931115e-05	-1.250100e-07
7.149705678931115e-05	-1.250100e-07
7.169236928931116e-05	-1.250100e-07
7.188768178931116e-05	-1.250100e-07
7.208299428931117e-05	-1.250100e-07
7.227830678931117e-05	-1.250100e-07
7.247361928931118e-05	-1.250100e-07
7.266893178931119e-05	-1.250100e-07
7.286424428931119e-05	-1.250100e-07
7.305955678931120e-05	-1.250100e-07
7.325486928931120e-05	-1.250100e-07
7.345018178931121e-05	-1.250100e-07
7.364549428931121e-05	-1.250100e-07
7.384080678931122e-05	-1.250100e-07
7.403611928931122e-05	-1.250100e-07
7.423143178931123e-05	-1.250100e-07
7.442674428931124e-05	-1.250100e-07
7.462205678931124e-05	-1.250100e-07
7.481736928931125e-05	-1.250100e-07
7.501268178931125e-05	-1.250100e-07
7.520799428931126e-05	-1.250100e-07
7.540330678931126e-05	-1.250100e-07
7.559861928931127e-05	-1.250100e-07
7.579393178931127e-05	-1.250100e-07
7.598924428931128e-05	-1.250100e-07
7.618455678931129e-05	-1.250100e-07
7.637986928931129e-05	-1.250100e-07
7.657518178931130e-05	-1.250100e-07
7.677049428931130e-05	-1.250100e-07
7.696580678931131e-05	-1.250100e-07
7.716111928931131e-05	-1.250100e-07
7.735643178931132e-05	-1.250100e-07
7.755174428931133e-05	-1.250100e-07
7.774705678931133e-05	-1.250100e-07
7.794236928931134e-05	-1.250100e-07
7.813768178931134e-05	-1.250100e-07
7.833299428931135e-05	-1.250100e-07
7.852830678931135e-05	-1.250100e-07
7.872361928931136e-05	-1.250100e-07
7.891893178931136e-05	-1.250100e-07
7.911424428931137e-05	-1.250100e-07
7.930955678931138e-05	-1.250100e-07
7.950486928931138e-05	-1.250100e-07
7.970018178931139e-05	-1.250100e-07
7.989549428931139e-05	-1.250100e-07
8.009080678931140e-05	-1.250100e-07
8.028611928931140e-05	-1.250100e-07
8.048143178931141e-05	-1.250100e-07
8.067674428931141e-05	-1.250100e-07
8.087205678931142e-05	-1.250100e-07
8.106736928931143e-05	-1.250100e-07
8.126268178931143e-05	-1.250100e-07
8.145799428931144e-05	-1.250100e-07
8.165330678931144e-05	-1.250100e-07
8.184861928931145e-05	-1.250100e-07
8.204393178931145e-05	-1.250100e-07
8.223924428931146e-05	-1.250100e-07
8.243455678931147e-05	-1.250100e-07
8.262986928931147e-05	-1.250100e-07
8.282518178931148e-05	-1.250100e-07
8.302049428931148e-05	-1.250100e-07
8.321580678931149e-05	-1.250100e-07
8.341111928931149e-05	-1.250100e-07
8.360643178931150e-05	-1.250100e-07
8.380174428931150e-05	-1.250100e-07
8.399705678931151e-05	-1.250100e-07
8.419236928931152e-05	-1.250100e-07
8.438768178931152e-05	-1.250100e-07
8.458299428931153e-05	-1.250100e-07
8.477830678931153e-05	-1.250100e-07
8.497361928931154e-05	-1.250100e-07
8.516893178931154e-05	-1.250100e-07
8.536424428931155e-05	-1.250100e-07
8.555955678931155e-05	-1.250100e-07
8.575486928931156e-05	-1.250100e-07
8.595018178931157e-05	-1.250100e-07
8.614549428931157e-05	-1.250100e-07
8.634080678931158e-05	-1.250100e-07
8.653611928931158e-05	-1.250100e-07
8.673143178931159e-05	-1.250100e-07
8.692674428931159e-05	-1.250100e-07
8.712205678931160e-05	-1.250100e-07
8.731736928931160e-05	-1.250100e-07
8.751268178931161e-05	-1.250100e-07
8.770799428931162e-05	-1.250100e-07
8.790330678931162e-05	-1.250100e-07
8.809861928931163e-05	-1.250100e-07
8.829393178931163e-05	-1.250100e-07
8.848924428931164e-05	-1.250100e-07
8.868455678931164e-05	-1.250100e-07
8.887986928931165e-05	-1.250100e-07
8.907518178931166e-05	-1.250100e-07
8.927049428931166e-05	-1.250100e-07
8.946580678931167e-05	-1.250100e-07
8.966111928931167e-05	-1.250100e-07
8.985643178931168e-05	-1.250100e-07
9.005174428931168e-05	-1.250100e-07
9.024705678931169e-05	-1.250100e-07
9.044236928931169e-05	-1.250100e-07
9.063768178931170e-05	-1.250100e-07
9.083299428931171e-05	-1.250100e-07
9.102830678931171e-05	-1.250100e-07
9.122361928931172e-05	-1.250100e-07
9.141893178931172e-05	-1.250100e-07
9.161424428931173e-05	-1.250100e-07
9.180955678931173e-05	-1.250100e-07
9.200486928931174e-05	-1.250100e-07
9.220018178931174e-05	-1.250100e-07
9.239549428931175e-05	-1.250100e-07
9.259080678931176e-05	-1.250100e-07
9.278611928931176e-05	-1.250100e-07
9.298143178931177e-05	-1.250100e-07
9.317674428931177e-05	-1.250100e-07
9.337205678931178e-05	-1.250100e-07
9.356736928931178e-05	-1.250100e-07
9.376268178931179e-05	-1.250100e-07
9.395799428931180e-05	-1.250100e-07
9.415330678931180e-05	-1.250100e-07
9.434861928931181e-05	-1.250100e-07
9.454393178931181e-05	-1.250100e-07
9.473924428931182e-05	-1.250100e-07
9.493455678931182e-05	-1.250100e-07
9.512986928931183e-05	-1.250100e-07
9.532518178931183e-05	-1.250100e-07
9.552049428931184e-05	-1.250100e-07
9.571580678931185e-05	-1.250100e-07
9.591111928931185e-05	-1.250100e-07
9.610643178931186e-05	-1.250100e-07
9.630174428931186e-05	-1.250100e-07
9.649705678931187e-05	-1.250100e-07
9.669236928931187e-05	-1.250100e-07
9.688768178931188e-05	-1.250100e-07
9.708299428931188e-05	-1.250100e-07
9.727830678931189e-05	-1.250100e-07
9.747361928931190e-05	-1.250100e-07
9.766893178931190e-05	-1.250100e-07
9.786424428931191e-05	-1.250100e-07
9.805955678931191e-05	-1.250100e-07
9.825486928931192e-05	-1.250100e-07
9.845018178931192e-05	-1.250100e-07
9.864549428931193e-05	-1.250100e-07
9.884080678931193e-05	-1.250100e-07
9.903611928931194e-05	-1.250100e-07
9.923143178931195e-05	-1.250100e-07
9.942674428931195e-05	-1.250100e-07
9.962205678931196e-05	-1.250100e-07
9.981736928931196e-05	-1.250100e-07
1.000000000000000e-04	-1.250100e-07
1.000010000000000e-04	1.897022e-02
1.000011043810806e-04	1.877702e-02
1.000013131432418e-04	1.835353e-02
1.000017306675642e-04	1.758158e-02
1.000025657162091e-04	1.620056e-02
1.000042358134988e-04	1.391510e-02
1.000046533378212e-04	1.345871e-02
1.000054883864660e-04	1.259588e-02
1.000071584837557e-04	1.118513e-02
1.000075760080781e-04	1.091048e-02
1.000084110567230e-04	1.039100e-02
1.000086198188842e-04	1.026006e-02
1.000090373432066e-04	1.004168e-02
1.000098723918515e-04	9.851784e-03
1.000115424891411e-04	9.847322e-03
1.000143901209297e-04	9.741277e-03
1.000200853845068e-04	9.735977e-03
1.000314759116611e-04	9.667382e-03
1.000542569659696e-04	9.623338e-03
1.000998190745867e-04	9.584522e-03
1.001909432918208e-04	9.548259e-03
1.003731917262890e-04	9.513806e-03
1.005685042262890e-04	9.536835e-03
1.007638167262890e-04	9.993782e-03
1.009591292262890e-04	9.665459e-03
1.011544417262890e-04	9.569903e-03
1.013497542262890e-04	9.498217e-03
1.015450667262890e-04	9.471410e-03
1.017403792262890e-04	9.456886e-03
1.019356917262890e-04	9.448343e-03
1.021310042262890e-04	9.442532e-03
1.023263167262890e-04	9.438276e-03
1.025216292262890e-04	9.434994e-03
1.027169417262890e-04	9.432374e-03
1.029122542262890e-04	9.430225e-03
1.031075667262890e-04	9.428429e-03
1.033028792262890e-04	9.426907e-03
1.034981917262891e-04	9.425601e-03
1.036935042262891e-04	9.424470e-03
1.038888167262891e-04	9.423485e-03
1.040841292262891e-04	9.422621e-03
1.042794417262891e-04	9.421860e-03
1.044747542262891e-04	9.421187e-03
1.046700667262891e-04	9.420590e-03
1.048653792262891e-04	9.420059e-03
1.050606917262891e-04	9.419585e-03
1.052560042262891e-04	9.419161e-03
1.054513167262891e-04	9.418782e-03
1.056466292262891e-04	9.418443e-03
1.058419417262891e-04	9.418138e-03
1.060372542262891e-04	9.417864e-03
1.062325667262891e-04	9.417618e-03
1.064278792262891e-04	9.417396e-03
1.066231917262891e-04	9.417197e-03
1.068185042262891e-04	9.417016e-03
1.070138167262892e-04	9.416854e-03
1.072091292262892e-04	9.416708e-03
1.074044417262892e-04	9.416576e-03
1.075997542262892e-04	9.416456e-03
1.077950667262892e-04	9.416348e-03
1.079903792262892e-04	9.416251e-03
1.081856917262892e-04	9.416163e-03
1.083810042262892e-04	9.416083e-03
1.085763167262892e-04	9.416011e-03
1.087716292262892e-04	9.415946e-03
1.089669417262892e-04	9.415887e-03
1.091622542262892e-04	9.415833e-03
1.093575667262892e-04	9.415785e-03
1.095528792262892e-04	9.415741e-03
1.097481917262892e-04	9.415702e-03
1.099435042262892e-04	9.415666e-03
1.101388167262892e-04	9.415634e-03
1.103341292262892e-04	9.415604e-03
1.105294417262893e-04	9.415577e-03
1.107247542262893e-04	9.415553e-03
1.109200667262893e-04	9.415532e-03
1.111153792262893e-04	9.415512e-03
1.113106917262893e-04	9.415494e-03
1.115060042262893e-04	9.415478e-03
1.117013167262893e-04	9.415463e-03
1.118966292262893e-04	9.415450e-03
1.120919417262893e-04	9.415437e-03
1.122872542262893e-04	9.415426e-03
1.124825667262893e-04	9.415417e-03
1.126778792262893e-04	9.415408e-03
1.128731917262893e-04	9.415399e-03
1.130685042262893e-04	9.415392e-03
1.132638167262893e-04	9.415385e-03
1.134591292262893e-04	9.415380e-03
1.136544417262893e-04	9.415374e-03
1.138497542262893e-04	9.415369e-03
1.140450667262894e-04	9.415364e-03
1.142403792262894e-04	9.415360e-03
1.144356917262894e-04	9.415356e-03
1.146310042262894e-04	9.415353e-03
1.148263167262894e-04	9.415350e-03
1.150216292262894e-04	9.415347e-03
1.152169417262894e-04	9.415345e-03
1.154122542262894e-04	9.415342e-03
1.156075667262894e-04	9.415341e-03
1.158028792262894e-04	9.415339e-03
1.159981917262894e-04	9.415337e-03
1.161935042262894e-04	9.415335e-03
1.163888167262894e-04	9.415334e-03
1.165841292262894e-04	9.415333e-03
1.167794417262894e-04	9.415331e-03
1.169747542262894e-04	9.415330e-03
1.171700667262894e-04	9.415329e-03
1.173653792262894e-04	9.415329e-03
1.175606917262895e-04	9.415329e-03
1.177560042262895e-04	9.415328e-03
1.179513167262895e-04	9.415327e-03
1.181466292262895e-04	9.415327e-03
1.183419417262895e-04	9.415326e-03
1.185372542262895e-04	9.415325e-03
1.187325667262895e-04	9.415325e-03
1.189278792262895e-04	9.415325e-03
1.191231917262895e-04	9.415324e-03
1.193185042262895e-04	9.415324e-03
1.195138167262895e-04	9.415324e-03
1.197091292262895e-04	9.415323e-03
1.199044417262895e-04	9.415323e-03
1.200997542262895e-04	9.415323e-03
1.202950667262895e-04	9.415323e-03
1.204903792262895e-04	9.415322e-03
1.206856917262895e-04	9.415322e-03
1.208810042262895e-04	9.415322e-03
1.210763167262896e-04	9.415322e-03
1.212716292262896e-04	9.415322e-03
1.214669417262896e-04	9.415322e-03
1.216622542262896e-04	9.415322e-03
1.218575667262896e-04	9.415321e-03
1.220528792262896e-04	9.415321e-03
1.222481917262896e-04	9.415321e-03
1.224435042262896e-04	9.415321e-03
1.226388167262896e-04	9.415321e-03
1.228341292262896e-04	9.415321e-03
1.230294417262896e-04	9.415321e-03
1.232247542262896e-04	9.415321e-03
1.234200667262896e-04	9.415321e-03
1.236153792262896e-04	9.415321e-03
1.238106917262896e-04	9.415321e-03
1.240060042262896e-04	9.415321e-03
1.242013167262896e-04	9.415321e-03
1.243966292262896e-04	9.415321e-03
1.245919417262897e-04	9.415321e-03
1.247872542262897e-04	9.415321e-03
1.249825667262897e-04	9.415321e-03
1.251778792262897e-04	9.415321e-03
1.253731917262897e-04	9.415321e-03
1.255685042262897e-04	9.415321e-03
1.257638167262897e-04	9.415321e-03
1.259591292262897e-04	9.415321e-03
1.261544417262897e-04	9.415321e-03
1.263497542262897e-04	9.415321e-03
1.265450667262897e-04	9.415321e-03
1.267403792262897e-04	9.415321e-03
1.269356917262897e-04	9.415321e-03
1.271310042262897e-04	9.415321e-03
1.273263167262897e-04	9.415321e-03
1.275216292262897e-04	9.415321e-03
1.277169417262897e-04	9.415321e-03
1.279122542262898e-04	9.415321e-03
1.281075667262898e-04	9.415321e-03
1.283028792262898e-04	9.415321e-03
1.284981917262898e-04	9.415321e-03
1.286935042262898e-04	9.415321e-03
1.288888167262898e-04	9.415321e-03
1.290841292262898e-04	9.415321e-03
1.292794417262898e-04	9.415321e-03
1.294747542262898e-04	9.415321e-03
1.296700667262898e-04	9.415321e-03
1.298653792262898e-04	9.415321e-03
1.300606917262898e-04	9.415321e-03
1.302560042262898e-04	9.415321e-03
1.304513167262898e-04	9.415321e-03
1.306466292262898e-04	9.415321e-03
1.308419417262898e-04	9.415321e-03
1.310372542262898e-04	9.415321e-03
1.312325667262898e-04	9.415321e-03
1.314278792262899e-04	9.415321e-03
1.316231917262899e-04	9.415321e-03
1.318185042262899e-04	9.415321e-03
1.320138167262899e-04	9.415321e-03
1.322091292262899e-04	9.415321e-03
1.324044417262899e-04	9.415321e-03
1.325997542262899e-04	9.415321e-03
1.327950667262899e-04	9.415321e-03
1.329903792262899e-04	9.415321e-03
1.331856917262899e-04	9.415321e-03
1.333810042262899e-04	9.415321e-03
1.335763167262899e-04	9.415321e-03
1.337716292262899e-04	9.415321e-03
1.339669417262899e-04	9.415321e-03
1.341622542262899e-04	9.415321e-03
1.343575667262899e-04	9.415321e-03
1.345528792262899e-04	9.415321e-03
1.347481917262899e-04	9.415321e-03
1.349435042262900e-04	9.415321e-03
1.351388167262900e-04	9.415321e-03
1.353341292262900e-04	9.415321e-03
1.355294417262900e-04	9.415321e-03
1.357247542262900e-04	9.415321e-03
1.359200667262900e-04	9.415321e-03
1.361153792262900e-04	9.415321e-03
1.363106917262900e-04	9.415321e-03
1.365060042262900e-04	9.415321e-03
1.367013167262900e-04	9.415321e-03
1.368966292262900e-04	9.415321e-03
1.370919417262900e-04	9.415321e-03
1.372872542262900e-04	9.415321e-03
1.374825667262900e-04	9.415321e-03
1.376778792262900e-04	9.415321e-03
1.378731917262900e-04	9.415321e-03
1.380685042262900e-04	9.415321e-03
1.382638167262900e-04	9.415321e-03
1.384591292262901e-04	9.415321e-03
1.386544417262901e-04	9.415321e-03
1.388497542262901e-04	9.415321e-03
1.390450667262901e-04	9.415321e-03
1.392403792262901e-04	9.415321e-03
1.394356917262901e-04	9.415321e-03
1.396310042262901e-04	9.415321e-03
1.398263167262901e-04	9.415321e-03
1.400216292262901e-04	9.415321e-03
1.402169417262901e-04	9.415321e-03
1.404122542262901e-04	9.415321e-03
1.406075667262901e-04	9.415321e-03
1.408028792262901e-04	9.415321e-03
1.409981917262901e-04	9.415321e-03
1.411935042262901e-04	9.415321e-03
1.413888167262901e-04	9.415321e-03
1.415841292262901e-04	9.415321e-03
1.417794417262901e-04	9.415321e-03
1.419747542262902e-04	9.415321e-03
1.421700667262902e-04	9.415321e-03
1.423653792262902e-04	9.415321e-03
1.425606917262902e-04	9.415321e-03
1.427560042262902e-04	9.415321e-03
1.429513167262902e-04	9.415321e-03
1.431466292262902e-04	9.415321e-03
1.433419417262902e-04	9.415321e-03
1.435372542262902e-04	9.415321e-03
1.437325667262902e-04	9.415321e-03
1.439278792262902e-04	9.415321e-03
1.441231917262902e-04	9.415321e-03
1.443185042262902e-04	9.415321e-03
1.445138167262902e-04	9.415321e-03
1.447091292262902e-04	9.415321e-03
1.449044417262902e-04	9.415321e-03
1.450997542262902e-04	9.415321e-03
1.452950667262902e-04	9.415321e-03
1.454903792262903e-04	9.415321e-03
1.456856917262903e-04	9.415321e-03
1.458810042262903e-04	9.415321e-03
1.460763167262903e-04	9.415321e-03
1.462716292262903e-04	9.415321e-03
1.464669417262903e-04	9.415321e-03
1.466622542262903e-04	9.415321e-03
1.468575667262903e-04	9.415321e-03
1.470528792262903e-04	9.415321e-03
1.472481917262903e-04	9.415321e-03
1.474435042262903e-04	9.415321e-03
1.476388167262903e-04	9.415321e-03
1.478341292262903e-04	9.415321e-03
1.480294417262903e-04	9.415321e-03
1.482247542262903e-04	9.415321e-03
1.484200667262903e-04	9.415321e-03
1.486153792262903e-04	9.415321e-03
1.488106917262903e-04	9.415321e-03
1.490060042262904e-04	9.415321e-03
1.492013167262904e-04	9.415321e-03
1.493966292262904e-04	9.415321e-03
1.495919417262904e-04	9.415321e-03
1.497872542262904e-04	9.415321e-03
1.499825667262904e-04	9.415321e-03
1.500010000000000e-04	9.415321e-03
1.500020000000000e-04	-1.057934e-02
1.500179999999998e-04	-1.049859e-02
1.500499999999994e-04	-1.058184e-02
1.500840826929165e-04	-1.057968e-02
1.501522480787505e-04	-1.057457e-02
1.502885788504186e-04	-1.055434e-02
1.504838913504186e-04	-1.048863e-02
1.506792038504186e-04	-1.039026e-02
1.508745163504186e-04	-1.021558e-02
1.510698288504186e-04	-1.046663e-02
1.512651413504186e-04	-1.035636e-02
1.513408721260752e-04	6.515494e-04
1.513771610095007e-04	-2.193568e-04
1.513930189020819e-04	-1.524323e-05
1.514140367896281e-04	9.885227e-07
1.514466235746938e-04	-4.424237e-07
1.514928908196469e-04	1.367670e-08
1.515854253095530e-04	-2.182540e-07
1.517704942893653e-04	-4.840541e-08
1.519658067893653e-04	-1.886008e-07
1.521611192893653e-04	-7.222224e-08
1.523564317893653e-04	-1.688300e-07
1.525517442893653e-04	-8.863429e-08
1.527470567893653e-04	-1.552061e-07
1.529423692893654e-04	-9.994373e-08
1.531376817893654e-04	-1.458179e-07
1.533329942893654e-04	-1.077370e-07
1.535283067893654e-04	-1.393486e-07
1.537236192893654e-04	-1.131073e-07
1.539189317893654e-04	-1.348906e-07
1.541142442893654e-04	-1.168079e-07
1.543095567893654e-04	-1.318187e-07
1.545048692893654e-04	-1.193580e-07
1.547001817893654e-04	-1.297018e-07
1.548954942893654e-04	-1.211152e-07
1.550908067893654e-04	-1.282431e-07
1.552861192893654e-04	-1.223261e-07
1.554814317893654e-04	-1.272379e-07
1.556767442893654e-04	-1.231606e-07
1.558720567893654e-04	-1.265452e-07
1.560673692893654e-04	-1.237356e-07
1.562626817893654e-04	-1.260679e-07
1.564579942893655e-04	-1.241318e-07
1.566533067893655e-04	-1.257390e-07
1.568486192893655e-04	-1.244048e-07
1.570439317893655e-04	-1.255124e-07
1.572392442893655e-04	-1.245930e-07
1.574345567893655e-04	-1.253562e-07
1.576298692893655e-04	-1.247226e-07
1.578251817893655e-04	-1.252485e-07
1.580204942893655e-04	-1.248120e-07
1.582158067893655e-04	-1.251744e-07
1.584111192893655e-04	-1.248736e-07
1.586064317893655e-04	-1.251233e-07
1.588017442893655e-04	-1.249160e-07
1.589970567893655e-04	-1.250881e-07
1.591923692893655e-04	-1.249452e-07
1.593876817893655e-04	-1.250638e-07
1.595829942893655e-04	-1.249654e-07
1.597783067893655e-04	-1.250471e-07
1.599736192893656e-04	-1.249792e-07
1.601689317893656e-04	-1.250355e-07
1.603642442893656e-04	-1.249888e-07
1.605595567893656e-04	-1.250276e-07
1.607548692893656e-04	-1.249954e-07
1.609501817893656e-04	-1.250221e-07
1.611454942893656e-04	-1.249999e-07
1.613408067893656e-04	-1.250184e-07
1.615361192893656e-04	-1.250031e-07
1.617314317893656e-04	-1.250158e-07
1.619267442893656e-04	-1.250052e-07
1.621220567893656e-04	-1.250140e-07
1.623173692893656e-04	-1.250067e-07
1.625126817893656e-04	-1.250127e-07
1.627079942893656e-04	-1.250077e-07
1.629033067893656e-04	-1.250119e-07
1.630986192893656e-04	-1.250084e-07
1.632939317893656e-04	-1.250113e-07
1.634892442893657e-04	-1.250089e-07
1.636845567893657e-04	-1.250109e-07
1.638798692893657e-04	-1.250093e-07
1.640751817893657e-04	-1.250106e-07
1.642704942893657e-04	-1.250095e-07
1.644658067893657e-04	-1.250104e-07
1.646611192893657e-04	-1.250096e-07
1.648564317893657e-04	-1.250103e-07
1.650517442893657e-04	-1.250098e-07
1.652470567893657e-04	-1.250102e-07
1.654423692893657e-04	-1.250098e-07
1.656376817893657e-04	-1.250101e-07
1.658329942893657e-04	-1.250099e-07
1.660283067893657e-04	-1.250101e-07
1.662236192893657e-04	-1.250099e-07
1.664189317893657e-04	-1.250101e-07
1.666142442893657e-04	-1.250099e-07
1.668095567893657e-04	-1.250100e-07
1.670048692893658e-04	-1.250100e-07
1.672001817893658e-04	-1.250100e-07
1.673954942893658e-04	-1.250100e-07
1.675908067893658e-04	-1.250100e-07
1.677861192893658e-04	-1.250100e-07
1.679814317893658e-04	-1.250100e-07
1.681767442893658e-04	-1.250100e-07
1.683720567893658e-04	-1.250100e-07
1.685673692893658e-04	-1.250100e-07
1.687626817893658e-04	-1.250100e-07
1.689579942893658e-04	-1.250100e-07
1.691533067893658e-04	-1.250100e-07
1.693486192893658e-04	-1.250100e-07
1.695439317893658e-04	-1.250100e-07
1.697392442893658e-04	-1.250100e-07
1.699345567893658e-04	-1.250100e-07
1.701298692893658e-04	-1.250100e-07
1.703251817893658e-04	-1.250100e-07
1.705204942893659e-04	-1.250100e-07
1.707158067893659e-04	-1.250100e-07
1.709111192893659e-04	-1.250100e-07
1.711064317893659e-04	-1.250100e-07
1.713017442893659e-04	-1.250100e-07
1.714970567893659e-04	-1.250100e-07
1.716923692893659e-04	-1.250100e-07
1.718876817893659e-04	-1.250100e-07
1.720829942893659e-04	-1.250100e-07
1.722783067893659e-04	-1.250100e-07
1.724736192893659e-04	-1.250100e-07
1.726689317893659e-04	-1.250100e-07
1.728642442893659e-04	-1.250100e-07
1.730595567893659e-04	-1.250100e-07
1.732548692893659e-04	-1.250100e-07
1.734501817893659e-04	-1.250100e-07
1.736454942893659e-04	-1.250100e-07
1.738408067893659e-04	-1.250100e-07
1.740361192893660e-04	-1.250100e-07
1.742314317893660e-04	-1.250100e-07
1.744267442893660e-04	-1.250100e-07
1.746220567893660e-04	-1.250100e-07
1.748173692893660e-04	-1.250100e-07
1.750126817893660e-04	-1.250100e-07
1.752079942893660e-04	-1.250100e-07
1.754033067893660e-04	-1.250100e-07
1.755986192893660e-04	-1.250100e-07
1.757939317893660e-04	-1.250100e-07
1.759892442893660e-04	-1.250100e-07
1.761845567893660e-04	-1.250100e-07
1.763798692893660e-04	-1.250100e-07
1.765751817893660e-04	-1.250100e-07
1.767704942893660e-04	-1.250100e-07
1.769658067893660e-04	-1.250100e-07
1.771611192893660e-04	-1.250100e-07
1.773564317893660e-04	-1.250100e-07
1.775517442893661e-04	-1.250100e-07
1.777470567893661e-04	-1.250100e-07
1.779423692893661e-04	-1.250100e-07
1.781376817893661e-04	-1.250100e-07
1.783329942893661e-04	-1.250100e-07
1.785283067893661e-04	-1.250100e-07
1.787236192893661e-04	-1.250100e-07
1.789189317893661e-04	-1.250100e-07
1.791142442893661e-04	-1.250100e-07
1.793095567893661e-04	-1.250100e-07
1.795048692893661e-04	-1.250100e-07
1.797001817893661e-04	-1.250100e-07
1.798954942893661e-04	-1.250100e-07
1.800908067893661e-04	-1.250100e-07
1.802861192893661e-04	-1.250100e-07
1.804814317893661e-04	-1.250100e-07
1.806767442893661e-04	-1.250100e-07
1.808720567893662e-04	-1.250100e-07
1.810673692893662e-04	-1.250100e-07
1.812626817893662e-04	-1.250100e-07
1.814579942893662e-04	-1.250100e-07
1.816533067893662e-04	-1.250100e-07
1.818486192893662e-04	-1.250100e-07
1.820439317893662e-04	-1.250100e-07
1.822392442893662e-04	-1.250100e-07
1.824345567893662e-04	-1.250100e-07
1.826298692893662e-04	-1.250100e-07
1.828251817893662e-04	-1.250100e-07
1.830204942893662e-04	-1.250100e-07
1.832158067893662e-04	-1.250100e-07
1.834111192893662e-04	-1.250100e-07
1.836064317893662e-04	-1.250100e-07
1.838017442893662e-04	-1.250100e-07
1.839970567893662e-04	-1.250100e-07
1.841923692893662e-04	-1.250100e-07
1.843876817893663e-04	-1.250100e-07
1.845829942893663e-04	-1.250100e-07
1.847783067893663e-04	-1.250100e-07
1.849736192893663e-04	-1.250100e-07
1.851689317893663e-04	-1.250100e-07
1.853642442893663e-04	-1.250100e-07
1.855595567893663e-04	-1.250100e-07
1.857548692893663e-04	-1.250100e-07
1.859501817893663e-04	-1.250100e-07
1.861454942893663e-04	-1.250100e-07
1.863408067893663e-04	-1.250100e-07
1.865361192893663e-04	-1.250100e-07
1.867314317893663e-04	-1.250100e-07
1.869267442893663e-04	-1.250100e-07
1.871220567893663e-04	-1.250100e-07
1.873173692893663e-04	-1.250100e-07
1.875126817893663e-04	-1.250100e-07
1.877079942893663e-04	-1.250100e-07
1.879033067893664e-04	-1.250100e-07
1.880986192893664e-04	-1.250100e-07
1.882939317893664e-04	-1.250100e-07
1.884892442893664e-04	-1.250100e-07
1.886845567893664e-04	-1.250100e-07
1.888798692893664e-04	-1.250100e-07
1.890751817893664e-04	-1.250100e-07
1.892704942893664e-04	-1.250100e-07
1.894658067893664e-04	-1.250100e-07
1.896611192893664e-04	-1.250100e-07
1.898564317893664e-04	-1.250100e-07
1.900517442893664e-04	-1.250100e-07
1.902470567893664e-04	-1.250100e-07
1.904423692893664e-04	-1.250100e-07
1.906376817893664e-04	-1.250100e-07
1.908329942893664e-04	-1.250100e-07
1.910283067893664e-04	-1.250100e-07
1.912236192893664e-04	-1.250100e-07
1.914189317893665e-04	-1.250100e-07
1.916142442893665e-04	-1.250100e-07
1.918095567893665e-04	-1.250100e-07
1.920048692893665e-04	-1.250100e-07
1.922001817893665e-04	-1.250100e-07
1.923954942893665e-04	-1.250100e-07
1.925908067893665e-04	-1.250100e-07
1.927861192893665e-04	-1.250100e-07
1.929814317893665e-04	-1.250100e-07
1.931767442893665e-04	-1.250100e-07
1.933720567893665e-04	-1.250100e-07
1.935673692893665e-04	-1.250100e-07
1.937626817893665e-04	-1.250100e-07
1.939579942893665e-04	-1.250100e-07
1.941533067893665e-04	-1.250100e-07
1.943486192893665e-04	-1.250100e-07
1.945439317893665e-04	-1.250100e-07
1.947392442893665e-04	-1.250100e-07
1.949345567893666e-04	-1.250100e-07
1.951298692893666e-04	-1.250100e-07
1.953251817893666e-04	-1.250100e-07
1.955204942893666e-04	-1.250100e-07
1.957158067893666e-04	-1.250100e-07
1.959111192893666e-04	-1.250100e-07
1.961064317893666e-04	-1.250100e-07
1.963017442893666e-04	-1.250100e-07
1.964970567893666e-04	-1.250100e-07
1.966923692893666e-04	-1.250100e-07
1.968876817893666e-04	-1.250100e-07
1.970829942893666e-04	-1.250100e-07
1.972783067893666e-04	-1.250100e-07
1.974736192893666e-04	-1.250100e-07
1.976689317893666e-04	-1.250100e-07
1.978642442893666e-04	-1.250100e-07
1.980595567893666e-04	-1.250100e-07
1.982548692893666e-04	-1.250100e-07
1.984501817893667e-04	-1.250100e-07
1.986454942893667e-04	-1.250100e-07
1.988408067893667e-04	-1.250100e-07
1.990361192893667e-04	-1.250100e-07
1.992314317893667e-04	-1.250100e-07
1.994267442893667e-04	-1.250100e-07
1.996220567893667e-04	-1.250100e-07
1.998173692893667e-04	-1.250100e-07
2.000000000000000e-04	-1.250100e-07
Step Information: F=25K  (Step: 8/10)
0.000000000000000e+00	-1.250100e-07
7.812499562206976e-13	1.549864e-05
1.562499912441395e-12	3.112095e-05
3.124999824882790e-12	6.236287e-05
6.249999649765581e-12	1.248306e-04
1.249999929953116e-11	2.497015e-04
2.499999859906232e-11	4.991863e-04
4.999999719812465e-11	9.971329e-04
9.999999439624929e-11	1.988979e-03
1.999999887924986e-10	3.956843e-03
3.999999775849972e-10	7.832166e-03
7.999999551699943e-10	1.536516e-02
1.000000000000000e-09	1.897336e-02
1.599999910339989e-09	1.779987e-02
2.423148116150019e-09	1.641383e-02
3.811096436521902e-09	1.442337e-02
6.586993077265669e-09	1.160123e-02
7.008778904556911e-09	1.130802e-02
7.852350559139396e-09	1.070730e-02
9.539493868304367e-09	9.883781e-03
9.961279695595609e-09	9.875537e-03
1.080485135017809e-08	9.813345e-03
1.249199465934307e-08	9.778858e-03
1.586628127767301e-08	9.732085e-03
2.261485451433289e-08	9.688615e-03
3.611200098765264e-08	9.648657e-03
6.310629393429216e-08	9.610879e-03
1.170948798275712e-07	9.574458e-03
1.952198798275712e-07	9.723438e-03
2.733448798275712e-07	9.533252e-03
3.514698798275712e-07	9.851936e-03
4.295948798275712e-07	9.639909e-03
5.077198798275712e-07	9.576236e-03
5.858448798275712e-07	9.527607e-03
6.639698798275712e-07	9.505102e-03
7.420948798275712e-07	9.491275e-03
8.202198798275712e-07	9.482034e-03
8.983448798275712e-07	9.475193e-03
9.764698798275713e-07	9.469816e-03
1.054594879827571e-06	9.465407e-03
1.132719879827571e-06	9.461679e-03
1.210844879827571e-06	9.458456e-03
1.288969879827571e-06	9.455622e-03
1.367094879827571e-06	9.453097e-03
1.445219879827571e-06	9.450825e-03
1.523344879827571e-06	9.448762e-03
1.601469879827571e-06	9.446878e-03
1.679594879827571e-06	9.445148e-03
1.757719879827571e-06	9.443549e-03
1.835844879827571e-06	9.442070e-03
1.913969879827571e-06	9.440695e-03
1.992094879827572e-06	9.439413e-03
2.070219879827572e-06	9.438214e-03
2.148344879827572e-06	9.437093e-03
2.226469879827572e-06	9.436039e-03
2.304594879827572e-06	9.435049e-03
2.382719879827573e-06	9.434118e-03
2.460844879827573e-06	9.433240e-03
2.538969879827573e-06	9.432411e-03
2.617094879827573e-06	9.431628e-03
2.695219879827573e-06	9.430886e-03
2.773344879827574e-06	9.430185e-03
2.851469879827574e-06	9.429520e-03
2.929594879827574e-06	9.428889e-03
3.007719879827574e-06	9.428291e-03
3.085844879827575e-06	9.427722e-03
3.163969879827575e-06	9.427181e-03
3.242094879827575e-06	9.426667e-03
3.320219879827575e-06	9.426178e-03
3.398344879827575e-06	9.425713e-03
3.476469879827576e-06	9.425269e-03
3.554594879827576e-06	9.424847e-03
3.632719879827576e-06	9.424444e-03
3.710844879827576e-06	9.424060e-03
3.788969879827576e-06	9.423693e-03
3.867094879827576e-06	9.423343e-03
3.945219879827576e-06	9.423008e-03
4.023344879827577e-06	9.422690e-03
4.101469879827577e-06	9.422384e-03
4.179594879827577e-06	9.422093e-03
4.257719879827577e-06	9.421814e-03
4.335844879827577e-06	9.421548e-03
4.413969879827578e-06	9.421293e-03
4.492094879827578e-06	9.421050e-03
4.570219879827578e-06	9.420816e-03
4.648344879827578e-06	9.420593e-03
4.726469879827578e-06	9.420379e-03
4.804594879827579e-06	9.420174e-03
4.882719879827579e-06	9.419979e-03
4.960844879827579e-06	9.419791e-03
5.038969879827579e-06	9.419611e-03
5.117094879827579e-06	9.419439e-03
5.195219879827580e-06	9.419274e-03
5.273344879827580e-06	9.419115e-03
5.351469879827580e-06	9.418964e-03
5.429594879827580e-06	9.418819e-03
5.507719879827580e-06	9.418679e-03
5.585844879827581e-06	9.418545e-03
5.663969879827581e-06	9.418418e-03
5.742094879827581e-06	9.418295e-03
5.820219879827581e-06	9.418176e-03
5.898344879827581e-06	9.418064e-03
5.976469879827582e-06	9.417955e-03
6.054594879827582e-06	9.417851e-03
6.132719879827582e-06	9.417752e-03
6.210844879827582e-06	9.417656e-03
6.288969879827582e-06	9.417564e-03
6.367094879827583e-06	9.417475e-03
6.445219879827583e-06	9.417390e-03
6.523344879827583e-06	9.417309e-03
6.601469879827583e-06	9.417231e-03
6.679594879827584e-06	9.417156e-03
6.757719879827584e-06	9.417084e-03
6.835844879827584e-06	9.417015e-03
6.913969879827584e-06	9.416949e-03
6.992094879827584e-06	9.416885e-03
7.070219879827585e-06	9.416824e-03
7.148344879827585e-06	9.416766e-03
7.226469879827585e-06	9.416709e-03
7.304594879827585e-06	9.416655e-03
7.382719879827585e-06	9.416603e-03
7.460844879827586e-06	9.416552e-03
7.538969879827586e-06	9.416505e-03
7.617094879827586e-06	9.416458e-03
7.695219879827585e-06	9.416414e-03
7.773344879827586e-06	9.416372e-03
7.851469879827586e-06	9.416331e-03
7.929594879827586e-06	9.416291e-03
8.007719879827586e-06	9.416253e-03
8.085844879827586e-06	9.416217e-03
8.163969879827587e-06	9.416183e-03
8.242094879827587e-06	9.416149e-03
8.320219879827587e-06	9.416117e-03
8.398344879827587e-06	9.416086e-03
8.476469879827587e-06	9.416056e-03
8.554594879827588e-06	9.416028e-03
8.632719879827588e-06	9.416000e-03
8.710844879827588e-06	9.415974e-03
8.788969879827588e-06	9.415949e-03
8.867094879827588e-06	9.415925e-03
8.945219879827589e-06	9.415901e-03
9.023344879827589e-06	9.415879e-03
9.101469879827589e-06	9.415857e-03
9.179594879827589e-06	9.415836e-03
9.257719879827589e-06	9.415817e-03
9.335844879827590e-06	9.415797e-03
9.413969879827590e-06	9.415778e-03
9.492094879827590e-06	9.415761e-03
9.570219879827590e-06	9.415744e-03
9.648344879827590e-06	9.415727e-03
9.726469879827591e-06	9.415711e-03
9.804594879827591e-06	9.415696e-03
9.882719879827591e-06	9.415682e-03
9.960844879827591e-06	9.415668e-03
1.003896987982759e-05	9.415654e-03
1.011709487982759e-05	9.415641e-03
1.019521987982759e-05	9.415629e-03
1.027334487982759e-05	9.415617e-03
1.035146987982759e-05	9.415606e-03
1.042959487982759e-05	9.415595e-03
1.050771987982759e-05	9.415585e-03
1.058584487982759e-05	9.415574e-03
1.066396987982759e-05	9.415564e-03
1.074209487982759e-05	9.415555e-03
1.082021987982759e-05	9.415546e-03
1.089834487982759e-05	9.415537e-03
1.097646987982759e-05	9.415529e-03
1.105459487982759e-05	9.415521e-03
1.113271987982759e-05	9.415513e-03
1.121084487982759e-05	9.415505e-03
1.128896987982759e-05	9.415499e-03
1.136709487982759e-05	9.415491e-03
1.144521987982760e-05	9.415485e-03
1.152334487982760e-05	9.415478e-03
1.160146987982760e-05	9.415473e-03
1.167959487982760e-05	9.415466e-03
1.175771987982760e-05	9.415461e-03
1.183584487982760e-05	9.415456e-03
1.191396987982760e-05	9.415451e-03
1.199209487982760e-05	9.415446e-03
1.207021987982760e-05	9.415440e-03
1.214834487982760e-05	9.415436e-03
1.222646987982760e-05	9.415432e-03
1.230459487982760e-05	9.415427e-03
1.238271987982760e-05	9.415423e-03
1.246084487982760e-05	9.415419e-03
1.253896987982760e-05	9.415415e-03
1.261709487982760e-05	9.415411e-03
1.269521987982760e-05	9.415409e-03
1.277334487982760e-05	9.415405e-03
1.285146987982760e-05	9.415402e-03
1.292959487982760e-05	9.415398e-03
1.300771987982760e-05	9.415396e-03
1.308584487982760e-05	9.415393e-03
1.316396987982760e-05	9.415390e-03
1.324209487982760e-05	9.415387e-03
1.332021987982760e-05	9.415384e-03
1.339834487982760e-05	9.415383e-03
1.347646987982760e-05	9.415380e-03
1.355459487982760e-05	9.415378e-03
1.363271987982760e-05	9.415375e-03
1.371084487982760e-05	9.415373e-03
1.378896987982760e-05	9.415371e-03
1.386709487982760e-05	9.415369e-03
1.394521987982760e-05	9.415368e-03
1.402334487982760e-05	9.415366e-03
1.410146987982760e-05	9.415364e-03
1.417959487982760e-05	9.415362e-03
1.425771987982760e-05	9.415360e-03
1.433584487982760e-05	9.415359e-03
1.441396987982760e-05	9.415357e-03
1.449209487982760e-05	9.415356e-03
1.457021987982760e-05	9.415355e-03
1.464834487982760e-05	9.415354e-03
1.472646987982760e-05	9.415352e-03
1.480459487982760e-05	9.415351e-03
1.488271987982760e-05	9.415350e-03
1.496084487982760e-05	9.415349e-03
1.503896987982760e-05	9.415348e-03
1.511709487982760e-05	9.415346e-03
1.519521987982760e-05	9.415345e-03
1.527334487982761e-05	9.415344e-03
1.535146987982761e-05	9.415343e-03
1.542959487982761e-05	9.415342e-03
1.550771987982761e-05	9.415342e-03
1.558584487982761e-05	9.415342e-03
1.566396987982761e-05	9.415341e-03
1.574209487982761e-05	9.415340e-03
1.582021987982761e-05	9.415339e-03
1.589834487982761e-05	9.415338e-03
1.597646987982761e-05	9.415338e-03
1.605459487982761e-05	9.415337e-03
1.613271987982761e-05	9.415336e-03
1.621084487982761e-05	9.415336e-03
1.628896987982761e-05	9.415335e-03
1.636709487982761e-05	9.415334e-03
1.644521987982761e-05	9.415334e-03
1.652334487982761e-05	9.415333e-03
1.660146987982761e-05	9.415333e-03
1.667959487982761e-05	9.415332e-03
1.675771987982761e-05	9.415332e-03
1.683584487982761e-05	9.415331e-03
1.691396987982761e-05	9.415331e-03
1.699209487982761e-05	9.415330e-03
1.707021987982761e-05	9.415330e-03
1.714834487982761e-05	9.415330e-03
1.722646987982761e-05	9.415329e-03
1.730459487982761e-05	9.415329e-03
1.738271987982761e-05	9.415329e-03
1.746084487982761e-05	9.415329e-03
1.753896987982761e-05	9.415329e-03
1.761709487982761e-05	9.415328e-03
1.769521987982761e-05	9.415328e-03
1.777334487982761e-05	9.415328e-03
1.785146987982761e-05	9.415328e-03
1.792959487982761e-05	9.415327e-03
1.800771987982761e-05	9.415327e-03
1.808584487982761e-05	9.415327e-03
1.816396987982761e-05	9.415327e-03
1.824209487982761e-05	9.415326e-03
1.832021987982761e-05	9.415326e-03
1.839834487982761e-05	9.415326e-03
1.847646987982761e-05	9.415326e-03
1.855459487982761e-05	9.415326e-03
1.863271987982761e-05	9.415325e-03
1.871084487982761e-05	9.415325e-03
1.878896987982761e-05	9.415325e-03
1.886709487982761e-05	9.415325e-03
1.894521987982761e-05	9.415325e-03
1.902334487982762e-05	9.415324e-03
1.910146987982762e-05	9.415324e-03
1.917959487982762e-05	9.415324e-03
1.925771987982762e-05	9.415324e-03
1.933584487982762e-05	9.415324e-03
1.941396987982762e-05	9.415324e-03
1.949209487982762e-05	9.415324e-03
1.957021987982762e-05	9.415324e-03
1.964834487982762e-05	9.415323e-03
1.972646987982762e-05	9.415323e-03
1.980459487982762e-05	9.415323e-03
1.988271987982762e-05	9.415323e-03
1.996084487982762e-05	9.415323e-03
2.000100000000000e-05	9.415323e-03
2.000200000000000e-05	-1.057934e-02
2.001799999999998e-05	-1.049858e-02
2.004999999999994e-05	-1.058184e-02
2.008408196220408e-05	-1.057968e-02
2.015224588661235e-05	-1.057456e-02
2.023037088661235e-05	-1.056739e-02
2.030849588661235e-05	-1.056087e-02
2.038662088661235e-05	-1.055418e-02
2.046474588661235e-05	-1.054668e-02
2.054287088661235e-05	-1.053808e-02
2.062099588661235e-05	-1.052792e-02
2.069912088661236e-05	-1.051545e-02
2.077724588661236e-05	-1.049934e-02
2.085537088661236e-05	-1.047707e-02
2.093349588661236e-05	-1.044331e-02
2.101162088661236e-05	-1.038539e-02
2.108974588661236e-05	-1.026776e-02
2.116787088661236e-05	-1.043962e-02
2.124599588661236e-05	-1.038312e-02
2.129412027587249e-05	-7.748193e-03
2.131526756148167e-05	-5.741534e-05
2.133615117294444e-05	3.895457e-06
2.134503118054194e-05	1.251733e-06
2.135844282018805e-05	8.102253e-08
2.138526609948026e-05	-1.649000e-07
2.143891265806468e-05	-1.052826e-07
2.151703765806468e-05	-1.373061e-07
2.159516265806468e-05	-1.173459e-07
2.167328765806468e-05	-1.297869e-07
2.175141265806468e-05	-1.220326e-07
2.182953765806468e-05	-1.268658e-07
2.190766265806468e-05	-1.238533e-07
2.198578765806468e-05	-1.257309e-07
2.206391265806468e-05	-1.245606e-07
2.214203765806468e-05	-1.252901e-07
2.222016265806468e-05	-1.248354e-07
2.229828765806468e-05	-1.251188e-07
2.237641265806469e-05	-1.249422e-07
2.245453765806469e-05	-1.250523e-07
2.253266265806469e-05	-1.249837e-07
2.261078765806469e-05	-1.250264e-07
2.268891265806469e-05	-1.249998e-07
2.276703765806469e-05	-1.250164e-07
2.284516265806469e-05	-1.250060e-07
2.292328765806469e-05	-1.250125e-07
2.300141265806469e-05	-1.250085e-07
2.307953765806469e-05	-1.250110e-07
2.315766265806469e-05	-1.250094e-07
2.323578765806469e-05	-1.250104e-07
2.331391265806469e-05	-1.250098e-07
2.339203765806469e-05	-1.250101e-07
2.347016265806469e-05	-1.250099e-07
2.354828765806469e-05	-1.250101e-07
2.362641265806469e-05	-1.250100e-07
2.370453765806469e-05	-1.250100e-07
2.378266265806469e-05	-1.250100e-07
2.386078765806469e-05	-1.250100e-07
2.393891265806469e-05	-1.250100e-07
2.401703765806469e-05	-1.250100e-07
2.409516265806469e-05	-1.250100e-07
2.417328765806469e-05	-1.250100e-07
2.425141265806469e-05	-1.250100e-07
2.432953765806469e-05	-1.250100e-07
2.440766265806469e-05	-1.250100e-07
2.448578765806469e-05	-1.250100e-07
2.456391265806469e-05	-1.250100e-07
2.464203765806469e-05	-1.250100e-07
2.472016265806469e-05	-1.250100e-07
2.479828765806469e-05	-1.250100e-07
2.487641265806469e-05	-1.250100e-07
2.495453765806469e-05	-1.250100e-07
2.503266265806469e-05	-1.250100e-07
2.511078765806469e-05	-1.250100e-07
2.518891265806469e-05	-1.250100e-07
2.526703765806469e-05	-1.250100e-07
2.534516265806469e-05	-1.250100e-07
2.542328765806469e-05	-1.250100e-07
2.550141265806469e-05	-1.250100e-07
2.557953765806469e-05	-1.250100e-07
2.565766265806469e-05	-1.250100e-07
2.573578765806469e-05	-1.250100e-07
2.581391265806469e-05	-1.250100e-07
2.589203765806469e-05	-1.250100e-07
2.597016265806469e-05	-1.250100e-07
2.604828765806469e-05	-1.250100e-07
2.612641265806469e-05	-1.250100e-07
2.620453765806470e-05	-1.250100e-07
2.628266265806470e-05	-1.250100e-07
2.636078765806470e-05	-1.250100e-07
2.643891265806470e-05	-1.250100e-07
2.651703765806470e-05	-1.250100e-07
2.659516265806470e-05	-1.250100e-07
2.667328765806470e-05	-1.250100e-07
2.675141265806470e-05	-1.250100e-07
2.682953765806470e-05	-1.250100e-07
2.690766265806470e-05	-1.250100e-07
2.698578765806470e-05	-1.250100e-07
2.706391265806470e-05	-1.250100e-07
2.714203765806470e-05	-1.250100e-07
2.722016265806470e-05	-1.250100e-07
2.729828765806470e-05	-1.250100e-07
2.737641265806470e-05	-1.250100e-07
2.745453765806470e-05	-1.250100e-07
2.753266265806470e-05	-1.250100e-07
2.761078765806470e-05	-1.250100e-07
2.768891265806470e-05	-1.250100e-07
2.776703765806470e-05	-1.250100e-07
2.784516265806470e-05	-1.250100e-07
2.792328765806470e-05	-1.250100e-07
2.800141265806470e-05	-1.250100e-07
2.807953765806470e-05	-1.250100e-07
2.815766265806470e-05	-1.250100e-07
2.823578765806470e-05	-1.250100e-07
2.831391265806470e-05	-1.250100e-07
2.839203765806470e-05	-1.250100e-07
2.847016265806470e-05	-1.250100e-07
2.854828765806470e-05	-1.250100e-07
2.862641265806470e-05	-1.250100e-07
2.870453765806470e-05	-1.250100e-07
2.878266265806470e-05	-1.250100e-07
2.886078765806470e-05	-1.250100e-07
2.893891265806470e-05	-1.250100e-07
2.901703765806470e-05	-1.250100e-07
2.909516265806470e-05	-1.250100e-07
2.917328765806470e-05	-1.250100e-07
2.925141265806470e-05	-1.250100e-07
2.932953765806470e-05	-1.250100e-07
2.940766265806470e-05	-1.250100e-07
2.948578765806470e-05	-1.250100e-07
2.956391265806470e-05	-1.250100e-07
2.964203765806470e-05	-1.250100e-07
2.972016265806470e-05	-1.250100e-07
2.979828765806470e-05	-1.250100e-07
2.987641265806470e-05	-1.250100e-07
2.995453765806470e-05	-1.250100e-07
3.003266265806471e-05	-1.250100e-07
3.011078765806471e-05	-1.250100e-07
3.018891265806471e-05	-1.250100e-07
3.026703765806471e-05	-1.250100e-07
3.034516265806471e-05	-1.250100e-07
3.042328765806471e-05	-1.250100e-07
3.050141265806471e-05	-1.250100e-07
3.057953765806470e-05	-1.250100e-07
3.065766265806470e-05	-1.250100e-07
3.073578765806470e-05	-1.250100e-07
3.081391265806469e-05	-1.250100e-07
3.089203765806469e-05	-1.250100e-07
3.097016265806469e-05	-1.250100e-07
3.104828765806468e-05	-1.250100e-07
3.112641265806468e-05	-1.250100e-07
3.120453765806468e-05	-1.250100e-07
3.128266265806467e-05	-1.250100e-07
3.136078765806467e-05	-1.250100e-07
3.143891265806467e-05	-1.250100e-07
3.151703765806467e-05	-1.250100e-07
3.159516265806466e-05	-1.250100e-07
3.167328765806466e-05	-1.250100e-07
3.175141265806466e-05	-1.250100e-07
3.182953765806465e-05	-1.250100e-07
3.190766265806465e-05	-1.250100e-07
3.198578765806465e-05	-1.250100e-07
3.206391265806464e-05	-1.250100e-07
3.214203765806464e-05	-1.250100e-07
3.222016265806464e-05	-1.250100e-07
3.229828765806463e-05	-1.250100e-07
3.237641265806463e-05	-1.250100e-07
3.245453765806463e-05	-1.250100e-07
3.253266265806462e-05	-1.250100e-07
3.261078765806462e-05	-1.250100e-07
3.268891265806462e-05	-1.250100e-07
3.276703765806461e-05	-1.250100e-07
3.284516265806461e-05	-1.250100e-07
3.292328765806461e-05	-1.250100e-07
3.300141265806460e-05	-1.250100e-07
3.307953765806460e-05	-1.250100e-07
3.315766265806460e-05	-1.250100e-07
3.323578765806459e-05	-1.250100e-07
3.331391265806459e-05	-1.250100e-07
3.339203765806459e-05	-1.250100e-07
3.347016265806459e-05	-1.250100e-07
3.354828765806458e-05	-1.250100e-07
3.362641265806458e-05	-1.250100e-07
3.370453765806458e-05	-1.250100e-07
3.378266265806457e-05	-1.250100e-07
3.386078765806457e-05	-1.250100e-07
3.393891265806457e-05	-1.250100e-07
3.401703765806456e-05	-1.250100e-07
3.409516265806456e-05	-1.250100e-07
3.417328765806456e-05	-1.250100e-07
3.425141265806455e-05	-1.250100e-07
3.432953765806455e-05	-1.250100e-07
3.440766265806455e-05	-1.250100e-07
3.448578765806454e-05	-1.250100e-07
3.456391265806454e-05	-1.250100e-07
3.464203765806454e-05	-1.250100e-07
3.472016265806453e-05	-1.250100e-07
3.479828765806453e-05	-1.250100e-07
3.487641265806453e-05	-1.250100e-07
3.495453765806452e-05	-1.250100e-07
3.503266265806452e-05	-1.250100e-07
3.511078765806452e-05	-1.250100e-07
3.518891265806452e-05	-1.250100e-07
3.526703765806451e-05	-1.250100e-07
3.534516265806451e-05	-1.250100e-07
3.542328765806451e-05	-1.250100e-07
3.550141265806450e-05	-1.250100e-07
3.557953765806450e-05	-1.250100e-07
3.565766265806450e-05	-1.250100e-07
3.573578765806449e-05	-1.250100e-07
3.581391265806449e-05	-1.250100e-07
3.589203765806449e-05	-1.250100e-07
3.597016265806448e-05	-1.250100e-07
3.604828765806448e-05	-1.250100e-07
3.612641265806448e-05	-1.250100e-07
3.620453765806447e-05	-1.250100e-07
3.628266265806447e-05	-1.250100e-07
3.636078765806447e-05	-1.250100e-07
3.643891265806446e-05	-1.250100e-07
3.651703765806446e-05	-1.250100e-07
3.659516265806446e-05	-1.250100e-07
3.667328765806445e-05	-1.250100e-07
3.675141265806445e-05	-1.250100e-07
3.682953765806445e-05	-1.250100e-07
3.690766265806445e-05	-1.250100e-07
3.698578765806444e-05	-1.250100e-07
3.706391265806444e-05	-1.250100e-07
3.714203765806444e-05	-1.250100e-07
3.722016265806443e-05	-1.250100e-07
3.729828765806443e-05	-1.250100e-07
3.737641265806443e-05	-1.250100e-07
3.745453765806442e-05	-1.250100e-07
3.753266265806442e-05	-1.250100e-07
3.761078765806442e-05	-1.250100e-07
3.768891265806441e-05	-1.250100e-07
3.776703765806441e-05	-1.250100e-07
3.784516265806441e-05	-1.250100e-07
3.792328765806440e-05	-1.250100e-07
3.800141265806440e-05	-1.250100e-07
3.807953765806440e-05	-1.250100e-07
3.815766265806439e-05	-1.250100e-07
3.823578765806439e-05	-1.250100e-07
3.831391265806439e-05	-1.250100e-07
3.839203765806438e-05	-1.250100e-07
3.847016265806438e-05	-1.250100e-07
3.854828765806438e-05	-1.250100e-07
3.862641265806438e-05	-1.250100e-07
3.870453765806437e-05	-1.250100e-07
3.878266265806437e-05	-1.250100e-07
3.886078765806437e-05	-1.250100e-07
3.893891265806436e-05	-1.250100e-07
3.901703765806436e-05	-1.250100e-07
3.909516265806436e-05	-1.250100e-07
3.917328765806435e-05	-1.250100e-07
3.925141265806435e-05	-1.250100e-07
3.932953765806435e-05	-1.250100e-07
3.940766265806434e-05	-1.250100e-07
3.948578765806434e-05	-1.250100e-07
3.956391265806434e-05	-1.250100e-07
3.964203765806433e-05	-1.250100e-07
3.972016265806433e-05	-1.250100e-07
3.979828765806433e-05	-1.250100e-07
3.987641265806432e-05	-1.250100e-07
3.995453765806432e-05	-1.250100e-07
4.000000000000000e-05	-1.250100e-07
4.000100000000001e-05	1.897022e-02
4.000110438108061e-05	1.877702e-02
4.000131314324182e-05	1.835353e-02
4.000173066756425e-05	1.758158e-02
4.000256571620909e-05	1.620056e-02
4.000423581349877e-05	1.391510e-02
4.000465333782119e-05	1.345871e-02
4.000548838646604e-05	1.259588e-02
4.000715848375572e-05	1.118513e-02
4.000757600807814e-05	1.091048e-02
4.000841105672298e-05	1.039100e-02
4.000861981888419e-05	1.026006e-02
4.000903734320661e-05	1.004168e-02
4.000987239185146e-05	9.851784e-03
4.001154248914114e-05	9.847322e-03
4.001439012092971e-05	9.741277e-03
4.002008538450684e-05	9.735977e-03
4.003147591166110e-05	9.667382e-03
4.005425696596962e-05	9.623338e-03
4.009981907458667e-05	9.584522e-03
4.017794407458667e-05	9.547234e-03
4.025606907458666e-05	9.547618e-03
4.033419407458666e-05	9.916376e-03
4.041231907458666e-05	9.673794e-03
4.049044407458665e-05	9.594512e-03
4.056856907458665e-05	9.535425e-03
4.064669407458665e-05	9.509320e-03
4.072481907458664e-05	9.493872e-03
4.080294407458664e-05	9.483860e-03
4.088106907458664e-05	9.476582e-03
4.095919407458663e-05	9.470929e-03
4.103731907458663e-05	9.466332e-03
4.111544407458663e-05	9.462469e-03
4.119356907458662e-05	9.459144e-03
4.127169407458662e-05	9.456231e-03
4.134981907458662e-05	9.453642e-03
4.142794407458662e-05	9.451317e-03
4.150606907458661e-05	9.449210e-03
4.158419407458661e-05	9.447289e-03
4.166231907458661e-05	9.445525e-03
4.174044407458660e-05	9.443899e-03
4.181856907458660e-05	9.442394e-03
4.189669407458660e-05	9.440996e-03
4.197481907458659e-05	9.439694e-03
4.205294407458659e-05	9.438477e-03
4.213106907458659e-05	9.437338e-03
4.220919407458658e-05	9.436270e-03
4.228731907458658e-05	9.435267e-03
4.236544407458658e-05	9.434323e-03
4.244356907458657e-05	9.433433e-03
4.252169407458657e-05	9.432593e-03
4.259981907458657e-05	9.431800e-03
4.267794407458656e-05	9.431050e-03
4.275606907458656e-05	9.430340e-03
4.283419407458656e-05	9.429666e-03
4.291231907458655e-05	9.429028e-03
4.299044407458655e-05	9.428423e-03
4.306856907458655e-05	9.427847e-03
4.314669407458654e-05	9.427301e-03
4.322481907458654e-05	9.426781e-03
4.330294407458654e-05	9.426286e-03
4.338106907458654e-05	9.425816e-03
4.345919407458653e-05	9.425367e-03
4.353731907458653e-05	9.424941e-03
4.361544407458653e-05	9.424533e-03
4.369356907458652e-05	9.424144e-03
4.377169407458652e-05	9.423774e-03
4.384981907458652e-05	9.423420e-03
4.392794407458651e-05	9.423083e-03
4.400606907458651e-05	9.422760e-03
4.408419407458651e-05	9.422452e-03
4.416231907458650e-05	9.422158e-03
4.424044407458650e-05	9.421876e-03
4.431856907458650e-05	9.421607e-03
4.439669407458649e-05	9.421350e-03
4.447481907458649e-05	9.421104e-03
4.455294407458649e-05	9.420868e-03
4.463106907458648e-05	9.420643e-03
4.470919407458648e-05	9.420427e-03
4.478731907458648e-05	9.420220e-03
4.486544407458647e-05	9.420022e-03
4.494356907458647e-05	9.419832e-03
4.502169407458647e-05	9.419651e-03
4.509981907458647e-05	9.419477e-03
4.517794407458646e-05	9.419311e-03
4.525606907458646e-05	9.419151e-03
4.533419407458646e-05	9.418998e-03
4.541231907458645e-05	9.418851e-03
4.549044407458645e-05	9.418710e-03
4.556856907458645e-05	9.418575e-03
4.564669407458644e-05	9.418446e-03
4.572481907458644e-05	9.418322e-03
4.580294407458644e-05	9.418203e-03
4.588106907458643e-05	9.418089e-03
4.595919407458643e-05	9.417979e-03
4.603731907458643e-05	9.417875e-03
4.611544407458642e-05	9.417773e-03
4.619356907458642e-05	9.417676e-03
4.627169407458642e-05	9.417584e-03
4.634981907458641e-05	9.417495e-03
4.642794407458641e-05	9.417409e-03
4.650606907458641e-05	9.417327e-03
4.658419407458640e-05	9.417249e-03
4.666231907458640e-05	9.417173e-03
4.674044407458640e-05	9.417100e-03
4.681856907458640e-05	9.417030e-03
4.689669407458639e-05	9.416964e-03
4.697481907458639e-05	9.416900e-03
4.705294407458639e-05	9.416837e-03
4.713106907458638e-05	9.416779e-03
4.720919407458638e-05	9.416722e-03
4.728731907458638e-05	9.416667e-03
4.736544407458637e-05	9.416614e-03
4.744356907458637e-05	9.416563e-03
4.752169407458637e-05	9.416515e-03
4.759981907458636e-05	9.416468e-03
4.767794407458636e-05	9.416424e-03
4.775606907458636e-05	9.416381e-03
4.783419407458635e-05	9.416340e-03
4.791231907458635e-05	9.416300e-03
4.799044407458635e-05	9.416262e-03
4.806856907458634e-05	9.416225e-03
4.814669407458634e-05	9.416190e-03
4.822481907458634e-05	9.416156e-03
4.830294407458633e-05	9.416124e-03
4.838106907458633e-05	9.416093e-03
4.845919407458633e-05	9.416063e-03
4.853731907458633e-05	9.416034e-03
4.861544407458632e-05	9.416007e-03
4.869356907458632e-05	9.415979e-03
4.877169407458632e-05	9.415954e-03
4.884981907458631e-05	9.415930e-03
4.892794407458631e-05	9.415906e-03
4.900606907458631e-05	9.415884e-03
4.908419407458630e-05	9.415861e-03
4.916231907458630e-05	9.415841e-03
4.924044407458630e-05	9.415820e-03
4.931856907458629e-05	9.415802e-03
4.939669407458629e-05	9.415783e-03
4.947481907458629e-05	9.415764e-03
4.955294407458628e-05	9.415748e-03
4.963106907458628e-05	9.415731e-03
4.970919407458628e-05	9.415715e-03
4.978731907458627e-05	9.415700e-03
4.986544407458627e-05	9.415685e-03
4.994356907458627e-05	9.415671e-03
5.002169407458626e-05	9.415657e-03
5.009981907458626e-05	9.415644e-03
5.017794407458626e-05	9.415632e-03
5.025606907458626e-05	9.415620e-03
5.033419407458625e-05	9.415609e-03
5.041231907458625e-05	9.415598e-03
5.049044407458625e-05	9.415586e-03
5.056856907458624e-05	9.415576e-03
5.064669407458624e-05	9.415567e-03
5.072481907458624e-05	9.415557e-03
5.080294407458623e-05	9.415548e-03
5.088106907458623e-05	9.415539e-03
5.095919407458623e-05	9.415531e-03
5.103731907458622e-05	9.415522e-03
5.111544407458622e-05	9.415515e-03
5.119356907458622e-05	9.415507e-03
5.127169407458621e-05	9.415500e-03
5.134981907458621e-05	9.415493e-03
5.142794407458621e-05	9.415487e-03
5.150606907458620e-05	9.415480e-03
5.158419407458620e-05	9.415474e-03
5.166231907458620e-05	9.415468e-03
5.174044407458619e-05	9.415463e-03
5.181856907458619e-05	9.415457e-03
5.189669407458619e-05	9.415451e-03
5.197481907458619e-05	9.415447e-03
5.205294407458618e-05	9.415442e-03
5.213106907458618e-05	9.415437e-03
5.220919407458618e-05	9.415433e-03
5.228731907458617e-05	9.415428e-03
5.236544407458617e-05	9.415424e-03
5.244356907458617e-05	9.415420e-03
5.252169407458616e-05	9.415416e-03
5.259981907458616e-05	9.415412e-03
5.267794407458616e-05	9.415410e-03
5.275606907458615e-05	9.415406e-03
5.283419407458615e-05	9.415402e-03
5.291231907458615e-05	9.415399e-03
5.299044407458614e-05	9.415396e-03
5.306856907458614e-05	9.415394e-03
5.314669407458614e-05	9.415391e-03
5.322481907458613e-05	9.415388e-03
5.330294407458613e-05	9.415385e-03
5.338106907458613e-05	9.415383e-03
5.345919407458612e-05	9.415381e-03
5.353731907458612e-05	9.415378e-03
5.361544407458612e-05	9.415376e-03
5.369356907458612e-05	9.415374e-03
5.377169407458611e-05	9.415371e-03
5.384981907458611e-05	9.415369e-03
5.392794407458611e-05	9.415368e-03
5.400606907458610e-05	9.415366e-03
5.408419407458610e-05	9.415364e-03
5.416231907458610e-05	9.415363e-03
5.424044407458609e-05	9.415361e-03
5.431856907458609e-05	9.415359e-03
5.439669407458609e-05	9.415358e-03
5.447481907458608e-05	9.415356e-03
5.455294407458608e-05	9.415356e-03
5.463106907458608e-05	9.415354e-03
5.470919407458607e-05	9.415353e-03
5.478731907458607e-05	9.415351e-03
5.486544407458607e-05	9.415350e-03
5.494356907458606e-05	9.415349e-03
5.502169407458606e-05	9.415348e-03
5.509981907458606e-05	9.415347e-03
5.517794407458605e-05	9.415346e-03
5.525606907458605e-05	9.415345e-03
5.533419407458605e-05	9.415344e-03
5.541231907458605e-05	9.415343e-03
5.549044407458604e-05	9.415342e-03
5.556856907458604e-05	9.415342e-03
5.564669407458604e-05	9.415341e-03
5.572481907458603e-05	9.415340e-03
5.580294407458603e-05	9.415339e-03
5.588106907458603e-05	9.415339e-03
5.595919407458602e-05	9.415338e-03
5.603731907458602e-05	9.415337e-03
5.611544407458602e-05	9.415336e-03
5.619356907458601e-05	9.415336e-03
5.627169407458601e-05	9.415335e-03
5.634981907458601e-05	9.415335e-03
5.642794407458600e-05	9.415334e-03
5.650606907458600e-05	9.415333e-03
5.658419407458600e-05	9.415333e-03
5.666231907458599e-05	9.415332e-03
5.674044407458599e-05	9.415332e-03
5.681856907458599e-05	9.415331e-03
5.689669407458598e-05	9.415331e-03
5.697481907458598e-05	9.415331e-03
5.705294407458598e-05	9.415330e-03
5.713106907458598e-05	9.415330e-03
5.720919407458597e-05	9.415329e-03
5.728731907458597e-05	9.415329e-03
5.736544407458597e-05	9.415329e-03
5.744356907458596e-05	9.415329e-03
5.752169407458596e-05	9.415329e-03
5.759981907458596e-05	9.415329e-03
5.767794407458595e-05	9.415328e-03
5.775606907458595e-05	9.415328e-03
5.783419407458595e-05	9.415328e-03
5.791231907458594e-05	9.415327e-03
5.799044407458594e-05	9.415327e-03
5.806856907458594e-05	9.415327e-03
5.814669407458593e-05	9.415327e-03
5.822481907458593e-05	9.415326e-03
5.830294407458593e-05	9.415326e-03
5.838106907458592e-05	9.415326e-03
5.845919407458592e-05	9.415326e-03
5.853731907458592e-05	9.415326e-03
5.861544407458591e-05	9.415325e-03
5.869356907458591e-05	9.415325e-03
5.877169407458591e-05	9.415325e-03
5.884981907458591e-05	9.415325e-03
5.892794407458590e-05	9.415325e-03
5.900606907458590e-05	9.415325e-03
5.908419407458590e-05	9.415324e-03
5.916231907458589e-05	9.415324e-03
5.924044407458589e-05	9.415324e-03
5.931856907458589e-05	9.415324e-03
5.939669407458588e-05	9.415324e-03
5.947481907458588e-05	9.415324e-03
5.955294407458588e-05	9.415324e-03
5.963106907458587e-05	9.415323e-03
5.970919407458587e-05	9.415323e-03
5.978731907458587e-05	9.415323e-03
5.986544407458586e-05	9.415323e-03
5.994356907458586e-05	9.415323e-03
6.000100000000001e-05	9.415323e-03
6.000200000000001e-05	-1.057934e-02
6.001800000000005e-05	-1.049858e-02
6.005000000000012e-05	-1.058184e-02
6.008408196208704e-05	-1.057968e-02
6.015224588626087e-05	-1.057456e-02
6.023037088626087e-05	-1.056739e-02
6.030849588626087e-05	-1.056087e-02
6.038662088626086e-05	-1.055418e-02
6.046474588626086e-05	-1.054668e-02
6.054287088626086e-05	-1.053808e-02
6.062099588626085e-05	-1.052792e-02
6.069912088626085e-05	-1.051545e-02
6.077724588626085e-05	-1.049934e-02
6.085537088626084e-05	-1.047707e-02
6.093349588626084e-05	-1.044331e-02
6.101162088626084e-05	-1.038539e-02
6.108974588626083e-05	-1.026776e-02
6.116787088626083e-05	-1.043962e-02
6.124599588626083e-05	-1.038312e-02
6.129412027173913e-05	-7.748192e-03
6.131526755582605e-05	-5.741553e-05
6.133615116576145e-05	3.895469e-06
6.134503117285738e-05	1.251737e-06
6.135844281280402e-05	8.102311e-08
6.138526609269731e-05	-1.649001e-07
6.143891265248389e-05	-1.052826e-07
6.151703765248389e-05	-1.373062e-07
6.159516265248388e-05	-1.173459e-07
6.167328765248388e-05	-1.297869e-07
6.175141265248388e-05	-1.220326e-07
6.182953765248387e-05	-1.268658e-07
6.190766265248387e-05	-1.238533e-07
6.198578765248387e-05	-1.257309e-07
6.206391265248387e-05	-1.245606e-07
6.214203765248386e-05	-1.252901e-07
6.222016265248386e-05	-1.248354e-07
6.229828765248386e-05	-1.251188e-07
6.237641265248385e-05	-1.249422e-07
6.245453765248385e-05	-1.250523e-07
6.253266265248385e-05	-1.249837e-07
6.261078765248384e-05	-1.250264e-07
6.268891265248384e-05	-1.249998e-07
6.276703765248384e-05	-1.250164e-07
6.284516265248383e-05	-1.250060e-07
6.292328765248383e-05	-1.250125e-07
6.300141265248383e-05	-1.250085e-07
6.307953765248382e-05	-1.250110e-07
6.315766265248382e-05	-1.250094e-07
6.323578765248382e-05	-1.250104e-07
6.331391265248381e-05	-1.250098e-07
6.339203765248381e-05	-1.250101e-07
6.347016265248381e-05	-1.250099e-07
6.354828765248380e-05	-1.250101e-07
6.362641265248380e-05	-1.250100e-07
6.370453765248380e-05	-1.250100e-07
6.378266265248380e-05	-1.250100e-07
6.386078765248379e-05	-1.250100e-07
6.393891265248379e-05	-1.250100e-07
6.401703765248379e-05	-1.250100e-07
6.409516265248378e-05	-1.250100e-07
6.417328765248378e-05	-1.250100e-07
6.425141265248378e-05	-1.250100e-07
6.432953765248377e-05	-1.250100e-07
6.440766265248377e-05	-1.250100e-07
6.448578765248377e-05	-1.250100e-07
6.456391265248376e-05	-1.250100e-07
6.464203765248376e-05	-1.250100e-07
6.472016265248376e-05	-1.250100e-07
6.479828765248375e-05	-1.250100e-07
6.487641265248375e-05	-1.250100e-07
6.495453765248375e-05	-1.250100e-07
6.503266265248374e-05	-1.250100e-07
6.511078765248374e-05	-1.250100e-07
6.518891265248374e-05	-1.250100e-07
6.526703765248373e-05	-1.250100e-07
6.534516265248373e-05	-1.250100e-07
6.542328765248373e-05	-1.250100e-07
6.550141265248373e-05	-1.250100e-07
6.557953765248372e-05	-1.250100e-07
6.565766265248372e-05	-1.250100e-07
6.573578765248372e-05	-1.250100e-07
6.581391265248371e-05	-1.250100e-07
6.589203765248371e-05	-1.250100e-07
6.597016265248371e-05	-1.250100e-07
6.604828765248370e-05	-1.250100e-07
6.612641265248370e-05	-1.250100e-07
6.620453765248370e-05	-1.250100e-07
6.628266265248369e-05	-1.250100e-07
6.636078765248369e-05	-1.250100e-07
6.643891265248369e-05	-1.250100e-07
6.651703765248368e-05	-1.250100e-07
6.659516265248368e-05	-1.250100e-07
6.667328765248368e-05	-1.250100e-07
6.675141265248367e-05	-1.250100e-07
6.682953765248367e-05	-1.250100e-07
6.690766265248367e-05	-1.250100e-07
6.698578765248366e-05	-1.250100e-07
6.706391265248366e-05	-1.250100e-07
6.714203765248366e-05	-1.250100e-07
6.722016265248366e-05	-1.250100e-07
6.729828765248365e-05	-1.250100e-07
6.737641265248365e-05	-1.250100e-07
6.745453765248365e-05	-1.250100e-07
6.753266265248364e-05	-1.250100e-07
6.761078765248364e-05	-1.250100e-07
6.768891265248364e-05	-1.250100e-07
6.776703765248363e-05	-1.250100e-07
6.784516265248363e-05	-1.250100e-07
6.792328765248363e-05	-1.250100e-07
6.800141265248362e-05	-1.250100e-07
6.807953765248362e-05	-1.250100e-07
6.815766265248362e-05	-1.250100e-07
6.823578765248361e-05	-1.250100e-07
6.831391265248361e-05	-1.250100e-07
6.839203765248361e-05	-1.250100e-07
6.847016265248360e-05	-1.250100e-07
6.854828765248360e-05	-1.250100e-07
6.862641265248360e-05	-1.250100e-07
6.870453765248359e-05	-1.250100e-07
6.878266265248359e-05	-1.250100e-07
6.886078765248359e-05	-1.250100e-07
6.893891265248359e-05	-1.250100e-07
6.901703765248358e-05	-1.250100e-07
6.909516265248358e-05	-1.250100e-07
6.917328765248358e-05	-1.250100e-07
6.925141265248357e-05	-1.250100e-07
6.932953765248357e-05	-1.250100e-07
6.940766265248357e-05	-1.250100e-07
6.948578765248356e-05	-1.250100e-07
6.956391265248356e-05	-1.250100e-07
6.964203765248356e-05	-1.250100e-07
6.972016265248355e-05	-1.250100e-07
6.979828765248355e-05	-1.250100e-07
6.987641265248355e-05	-1.250100e-07
6.995453765248354e-05	-1.250100e-07
7.003266265248354e-05	-1.250100e-07
7.011078765248354e-05	-1.250100e-07
7.018891265248353e-05	-1.250100e-07
7.026703765248353e-05	-1.250100e-07
7.034516265248353e-05	-1.250100e-07
7.042328765248352e-05	-1.250100e-07
7.050141265248352e-05	-1.250100e-07
7.057953765248352e-05	-1.250100e-07
7.065766265248352e-05	-1.250100e-07
7.073578765248351e-05	-1.250100e-07
7.081391265248351e-05	-1.250100e-07
7.089203765248351e-05	-1.250100e-07
7.097016265248350e-05	-1.250100e-07
7.104828765248350e-05	-1.250100e-07
7.112641265248350e-05	-1.250100e-07
7.120453765248349e-05	-1.250100e-07
7.128266265248349e-05	-1.250100e-07
7.136078765248349e-05	-1.250100e-07
7.143891265248348e-05	-1.250100e-07
7.151703765248348e-05	-1.250100e-07
7.159516265248348e-05	-1.250100e-07
7.167328765248347e-05	-1.250100e-07
7.175141265248347e-05	-1.250100e-07
7.182953765248347e-05	-1.250100e-07
7.190766265248346e-05	-1.250100e-07
7.198578765248346e-05	-1.250100e-07
7.206391265248346e-05	-1.250100e-07
7.214203765248345e-05	-1.250100e-07
7.222016265248345e-05	-1.250100e-07
7.229828765248345e-05	-1.250100e-07
7.237641265248345e-05	-1.250100e-07
7.245453765248344e-05	-1.250100e-07
7.253266265248344e-05	-1.250100e-07
7.261078765248344e-05	-1.250100e-07
7.268891265248343e-05	-1.250100e-07
7.276703765248343e-05	-1.250100e-07
7.284516265248343e-05	-1.250100e-07
7.292328765248342e-05	-1.250100e-07
7.300141265248342e-05	-1.250100e-07
7.307953765248342e-05	-1.250100e-07
7.315766265248341e-05	-1.250100e-07
7.323578765248341e-05	-1.250100e-07
7.331391265248341e-05	-1.250100e-07
7.339203765248340e-05	-1.250100e-07
7.347016265248340e-05	-1.250100e-07
7.354828765248340e-05	-1.250100e-07
7.362641265248339e-05	-1.250100e-07
7.370453765248339e-05	-1.250100e-07
7.378266265248339e-05	-1.250100e-07
7.386078765248338e-05	-1.250100e-07
7.393891265248338e-05	-1.250100e-07
7.401703765248338e-05	-1.250100e-07
7.409516265248338e-05	-1.250100e-07
7.417328765248337e-05	-1.250100e-07
7.425141265248337e-05	-1.250100e-07
7.432953765248337e-05	-1.250100e-07
7.440766265248336e-05	-1.250100e-07
7.448578765248336e-05	-1.250100e-07
7.456391265248336e-05	-1.250100e-07
7.464203765248335e-05	-1.250100e-07
7.472016265248335e-05	-1.250100e-07
7.479828765248335e-05	-1.250100e-07
7.487641265248334e-05	-1.250100e-07
7.495453765248334e-05	-1.250100e-07
7.503266265248334e-05	-1.250100e-07
7.511078765248333e-05	-1.250100e-07
7.518891265248333e-05	-1.250100e-07
7.526703765248333e-05	-1.250100e-07
7.534516265248332e-05	-1.250100e-07
7.542328765248332e-05	-1.250100e-07
7.550141265248332e-05	-1.250100e-07
7.557953765248331e-05	-1.250100e-07
7.565766265248331e-05	-1.250100e-07
7.573578765248331e-05	-1.250100e-07
7.581391265248331e-05	-1.250100e-07
7.589203765248330e-05	-1.250100e-07
7.597016265248330e-05	-1.250100e-07
7.604828765248330e-05	-1.250100e-07
7.612641265248329e-05	-1.250100e-07
7.620453765248329e-05	-1.250100e-07
7.628266265248329e-05	-1.250100e-07
7.636078765248328e-05	-1.250100e-07
7.643891265248328e-05	-1.250100e-07
7.651703765248328e-05	-1.250100e-07
7.659516265248327e-05	-1.250100e-07
7.667328765248327e-05	-1.250100e-07
7.675141265248327e-05	-1.250100e-07
7.682953765248326e-05	-1.250100e-07
7.690766265248326e-05	-1.250100e-07
7.698578765248326e-05	-1.250100e-07
7.706391265248325e-05	-1.250100e-07
7.714203765248325e-05	-1.250100e-07
7.722016265248325e-05	-1.250100e-07
7.729828765248324e-05	-1.250100e-07
7.737641265248324e-05	-1.250100e-07
7.745453765248324e-05	-1.250100e-07
7.753266265248323e-05	-1.250100e-07
7.761078765248323e-05	-1.250100e-07
7.768891265248323e-05	-1.250100e-07
7.776703765248323e-05	-1.250100e-07
7.784516265248322e-05	-1.250100e-07
7.792328765248322e-05	-1.250100e-07
7.800141265248322e-05	-1.250100e-07
7.807953765248321e-05	-1.250100e-07
7.815766265248321e-05	-1.250100e-07
7.823578765248321e-05	-1.250100e-07
7.831391265248320e-05	-1.250100e-07
7.839203765248320e-05	-1.250100e-07
7.847016265248320e-05	-1.250100e-07
7.854828765248319e-05	-1.250100e-07
7.862641265248319e-05	-1.250100e-07
7.870453765248319e-05	-1.250100e-07
7.878266265248318e-05	-1.250100e-07
7.886078765248318e-05	-1.250100e-07
7.893891265248318e-05	-1.250100e-07
7.901703765248317e-05	-1.250100e-07
7.909516265248317e-05	-1.250100e-07
7.917328765248317e-05	-1.250100e-07
7.925141265248316e-05	-1.250100e-07
7.932953765248316e-05	-1.250100e-07
7.940766265248316e-05	-1.250100e-07
7.948578765248316e-05	-1.250100e-07
7.956391265248315e-05	-1.250100e-07
7.964203765248315e-05	-1.250100e-07
7.972016265248315e-05	-1.250100e-07
7.979828765248314e-05	-1.250100e-07
7.987641265248314e-05	-1.250100e-07
7.995453765248314e-05	-1.250100e-07
8.000000000000001e-05	-1.250100e-07
Step Information: F=50K  (Step: 9/10)
0.000000000000000e+00	-1.250100e-07
3.906249781103488e-13	7.687153e-06
7.812499562206976e-13	1.549898e-05
1.562499912441395e-12	3.112196e-05
3.124999824882790e-12	6.236388e-05
6.249999649765581e-12	1.248316e-04
1.249999929953116e-11	2.497025e-04
2.499999859906232e-11	4.991873e-04
4.999999719812465e-11	9.971338e-04
9.999999439624929e-11	1.988980e-03
1.999999887924986e-10	3.956844e-03
3.999999775849972e-10	7.832167e-03
7.999999551699943e-10	1.536516e-02
1.000000000000000e-09	1.897336e-02
1.599999910339989e-09	1.779987e-02
2.423148147058775e-09	1.641383e-02
3.811096511128171e-09	1.442337e-02
6.586993239266963e-09	1.160124e-02
7.008779096493102e-09	1.130802e-02
7.852350810945379e-09	1.070730e-02
9.539494239849935e-09	9.883781e-03
9.961280097076073e-09	9.875537e-03
1.080485181152835e-08	9.813345e-03
1.249199524043290e-08	9.778858e-03
1.586628209824201e-08	9.732085e-03
2.261485581386023e-08	9.688615e-03
3.611200324509667e-08	9.648657e-03
6.310629810756955e-08	9.610879e-03
1.021687981075696e-07	9.768306e-03
1.412312981075696e-07	9.568162e-03
1.802937981075696e-07	9.902085e-03
2.193562981075695e-07	9.681148e-03
2.584187981075696e-07	9.614530e-03
2.974812981075696e-07	9.563209e-03
3.365437981075696e-07	9.539201e-03
3.756062981075696e-07	9.524286e-03
4.146687981075696e-07	9.514195e-03
4.537312981075696e-07	9.506634e-03
4.927937981075696e-07	9.500616e-03
5.318562981075696e-07	9.495620e-03
5.709187981075696e-07	9.491343e-03
6.099812981075696e-07	9.487600e-03
6.490437981075696e-07	9.484268e-03
6.881062981075696e-07	9.481262e-03
7.271687981075696e-07	9.478524e-03
7.662312981075696e-07	9.476008e-03
8.052937981075696e-07	9.473681e-03
8.443562981075696e-07	9.471517e-03
8.834187981075696e-07	9.469495e-03
9.224812981075696e-07	9.467599e-03
9.615437981075697e-07	9.465815e-03
1.000606298107570e-06	9.464130e-03
1.039668798107570e-06	9.462536e-03
1.078731298107570e-06	9.461025e-03
1.117793798107570e-06	9.459589e-03
1.156856298107570e-06	9.458221e-03
1.195918798107570e-06	9.456918e-03
1.234981298107570e-06	9.455672e-03
1.274043798107570e-06	9.454482e-03
1.313106298107571e-06	9.453343e-03
1.352168798107571e-06	9.452251e-03
1.391231298107571e-06	9.451203e-03
1.430293798107571e-06	9.450197e-03
1.469356298107571e-06	9.449231e-03
1.508418798107571e-06	9.448300e-03
1.547481298107571e-06	9.447405e-03
1.586543798107571e-06	9.446542e-03
1.625606298107571e-06	9.445711e-03
1.664668798107572e-06	9.444908e-03
1.703731298107572e-06	9.444134e-03
1.742793798107572e-06	9.443386e-03
1.781856298107572e-06	9.442664e-03
1.820918798107572e-06	9.441964e-03
1.859981298107572e-06	9.441289e-03
1.899043798107572e-06	9.440635e-03
1.938106298107572e-06	9.440002e-03
1.977168798107572e-06	9.439388e-03
2.016231298107572e-06	9.438794e-03
2.055293798107573e-06	9.438219e-03
2.094356298107573e-06	9.437660e-03
2.133418798107573e-06	9.437118e-03
2.172481298107573e-06	9.436592e-03
2.211543798107573e-06	9.436082e-03
2.250606298107573e-06	9.435587e-03
2.289668798107573e-06	9.435106e-03
2.328731298107573e-06	9.434639e-03
2.367793798107573e-06	9.434184e-03
2.406856298107573e-06	9.433743e-03
2.445918798107574e-06	9.433313e-03
2.484981298107574e-06	9.432896e-03
2.524043798107574e-06	9.432490e-03
2.563106298107574e-06	9.432095e-03
2.602168798107574e-06	9.431710e-03
2.641231298107574e-06	9.431337e-03
2.680293798107574e-06	9.430973e-03
2.719356298107574e-06	9.430618e-03
2.758418798107574e-06	9.430273e-03
2.797481298107574e-06	9.429936e-03
2.836543798107575e-06	9.429608e-03
2.875606298107575e-06	9.429289e-03
2.914668798107575e-06	9.428978e-03
2.953731298107575e-06	9.428675e-03
2.992793798107575e-06	9.428379e-03
3.031856298107575e-06	9.428091e-03
3.070918798107575e-06	9.427810e-03
3.109981298107575e-06	9.427535e-03
3.149043798107575e-06	9.427268e-03
3.188106298107576e-06	9.427007e-03
3.227168798107576e-06	9.426753e-03
3.266231298107576e-06	9.426504e-03
3.305293798107576e-06	9.426262e-03
3.344356298107576e-06	9.426026e-03
3.383418798107576e-06	9.425795e-03
3.422481298107576e-06	9.425569e-03
3.461543798107576e-06	9.425350e-03
3.500606298107576e-06	9.425134e-03
3.539668798107576e-06	9.424925e-03
3.578731298107577e-06	9.424720e-03
3.617793798107577e-06	9.424520e-03
3.656856298107577e-06	9.424324e-03
3.695918798107577e-06	9.424133e-03
3.734981298107577e-06	9.423947e-03
3.774043798107577e-06	9.423764e-03
3.813106298107577e-06	9.423587e-03
3.852168798107577e-06	9.423412e-03
3.891231298107577e-06	9.423242e-03
3.930293798107577e-06	9.423076e-03
3.969356298107578e-06	9.422913e-03
4.008418798107578e-06	9.422755e-03
4.047481298107578e-06	9.422599e-03
4.086543798107578e-06	9.422448e-03
4.125606298107578e-06	9.422299e-03
4.164668798107578e-06	9.422154e-03
4.203731298107578e-06	9.422012e-03
4.242793798107578e-06	9.421873e-03
4.281856298107578e-06	9.421738e-03
4.320918798107578e-06	9.421605e-03
4.359981298107579e-06	9.421475e-03
4.399043798107579e-06	9.421348e-03
4.438106298107579e-06	9.421224e-03
4.477168798107579e-06	9.421103e-03
4.516231298107579e-06	9.420983e-03
4.555293798107579e-06	9.420867e-03
4.594356298107579e-06	9.420753e-03
4.633418798107579e-06	9.420643e-03
4.672481298107579e-06	9.420534e-03
4.711543798107580e-06	9.420427e-03
4.750606298107580e-06	9.420322e-03
4.789668798107580e-06	9.420221e-03
4.828731298107580e-06	9.420120e-03
4.867793798107580e-06	9.420023e-03
4.906856298107580e-06	9.419927e-03
4.945918798107580e-06	9.419833e-03
4.984981298107580e-06	9.419742e-03
5.024043798107580e-06	9.419653e-03
5.063106298107580e-06	9.419564e-03
5.102168798107581e-06	9.419478e-03
5.141231298107581e-06	9.419395e-03
5.180293798107581e-06	9.419312e-03
5.219356298107581e-06	9.419232e-03
5.258418798107581e-06	9.419153e-03
5.297481298107581e-06	9.419075e-03
5.336543798107581e-06	9.419000e-03
5.375606298107581e-06	9.418925e-03
5.414668798107581e-06	9.418853e-03
5.453731298107581e-06	9.418782e-03
5.492793798107582e-06	9.418712e-03
5.531856298107582e-06	9.418644e-03
5.570918798107582e-06	9.418577e-03
5.609981298107582e-06	9.418512e-03
5.649043798107582e-06	9.418448e-03
5.688106298107582e-06	9.418385e-03
5.727168798107582e-06	9.418324e-03
5.766231298107582e-06	9.418264e-03
5.805293798107582e-06	9.418205e-03
5.844356298107582e-06	9.418148e-03
5.883418798107583e-06	9.418091e-03
5.922481298107583e-06	9.418036e-03
5.961543798107583e-06	9.417982e-03
6.000606298107583e-06	9.417929e-03
6.039668798107583e-06	9.417877e-03
6.078731298107583e-06	9.417825e-03
6.117793798107583e-06	9.417775e-03
6.156856298107583e-06	9.417727e-03
6.195918798107583e-06	9.417679e-03
6.234981298107584e-06	9.417632e-03
6.274043798107584e-06	9.417586e-03
6.313106298107584e-06	9.417541e-03
6.352168798107584e-06	9.417497e-03
6.391231298107584e-06	9.417454e-03
6.430293798107584e-06	9.417411e-03
6.469356298107584e-06	9.417370e-03
6.508418798107584e-06	9.417329e-03
6.547481298107584e-06	9.417289e-03
6.586543798107584e-06	9.417251e-03
6.625606298107585e-06	9.417213e-03
6.664668798107585e-06	9.417174e-03
6.703731298107585e-06	9.417138e-03
6.742793798107585e-06	9.417102e-03
6.781856298107585e-06	9.417066e-03
6.820918798107585e-06	9.417032e-03
6.859981298107585e-06	9.416998e-03
6.899043798107585e-06	9.416965e-03
6.938106298107585e-06	9.416933e-03
6.977168798107585e-06	9.416901e-03
7.016231298107586e-06	9.416870e-03
7.055293798107586e-06	9.416839e-03
7.094356298107586e-06	9.416809e-03
7.133418798107586e-06	9.416780e-03
7.172481298107586e-06	9.416751e-03
7.211543798107586e-06	9.416723e-03
7.250606298107586e-06	9.416696e-03
7.289668798107586e-06	9.416668e-03
7.328731298107586e-06	9.416642e-03
7.367793798107586e-06	9.416616e-03
7.406856298107587e-06	9.416590e-03
7.445918798107587e-06	9.416565e-03
7.484981298107587e-06	9.416541e-03
7.524043798107587e-06	9.416517e-03
7.563106298107587e-06	9.416493e-03
7.602168798107587e-06	9.416470e-03
7.641231298107586e-06	9.416447e-03
7.680293798107586e-06	9.416426e-03
7.719356298107587e-06	9.416403e-03
7.758418798107587e-06	9.416383e-03
7.797481298107587e-06	9.416361e-03
7.836543798107587e-06	9.416341e-03
7.875606298107587e-06	9.416321e-03
7.914668798107587e-06	9.416302e-03
7.953731298107587e-06	9.416282e-03
7.992793798107587e-06	9.416264e-03
8.031856298107587e-06	9.416245e-03
8.070918798107587e-06	9.416226e-03
8.109981298107588e-06	9.416209e-03
8.149043798107588e-06	9.416192e-03
8.188106298107588e-06	9.416174e-03
8.227168798107588e-06	9.416157e-03
8.266231298107588e-06	9.416142e-03
8.305293798107588e-06	9.416125e-03
8.344356298107588e-06	9.416109e-03
8.383418798107588e-06	9.416094e-03
8.422481298107588e-06	9.416079e-03
8.461543798107588e-06	9.416064e-03
8.500606298107589e-06	9.416049e-03
8.539668798107589e-06	9.416035e-03
8.578731298107589e-06	9.416021e-03
8.617793798107589e-06	9.416007e-03
8.656856298107589e-06	9.415993e-03
8.695918798107589e-06	9.415980e-03
8.734981298107589e-06	9.415967e-03
8.774043798107589e-06	9.415955e-03
8.813106298107589e-06	9.415943e-03
8.852168798107590e-06	9.415930e-03
8.891231298107590e-06	9.415919e-03
8.930293798107590e-06	9.415907e-03
8.969356298107590e-06	9.415896e-03
9.008418798107590e-06	9.415885e-03
9.047481298107590e-06	9.415873e-03
9.086543798107590e-06	9.415862e-03
9.125606298107590e-06	9.415852e-03
9.164668798107590e-06	9.415842e-03
9.203731298107590e-06	9.415831e-03
9.242793798107591e-06	9.415821e-03
9.281856298107591e-06	9.415812e-03
9.320918798107591e-06	9.415802e-03
9.359981298107591e-06	9.415792e-03
9.399043798107591e-06	9.415783e-03
9.438106298107591e-06	9.415775e-03
9.477168798107591e-06	9.415765e-03
9.516231298107591e-06	9.415757e-03
9.555293798107591e-06	9.415749e-03
9.594356298107591e-06	9.415740e-03
9.633418798107592e-06	9.415732e-03
9.672481298107592e-06	9.415723e-03
9.711543798107592e-06	9.415716e-03
9.750606298107592e-06	9.415708e-03
9.789668798107592e-06	9.415700e-03
9.828731298107592e-06	9.415693e-03
9.867793798107592e-06	9.415686e-03
9.906856298107592e-06	9.415679e-03
9.945918798107592e-06	9.415672e-03
9.984981298107592e-06	9.415665e-03
1.000100000000000e-05	9.415662e-03
1.000200000000000e-05	-1.057897e-02
1.001800000000001e-05	-1.049768e-02
1.005000000000003e-05	-1.058149e-02
1.008397066616312e-05	-1.057932e-02
1.012303316616312e-05	-1.057694e-02
1.016209566616312e-05	-1.057448e-02
1.020115816616312e-05	-1.057200e-02
1.024022066616312e-05	-1.056945e-02
1.027928316616312e-05	-1.056682e-02
1.031834566616312e-05	-1.056410e-02
1.035740816616312e-05	-1.056128e-02
1.039647066616312e-05	-1.055835e-02
1.043553316616312e-05	-1.055530e-02
1.047459566616312e-05	-1.055212e-02
1.051365816616312e-05	-1.054878e-02
1.055272066616312e-05	-1.054527e-02
1.059178316616312e-05	-1.054157e-02
1.063084566616312e-05	-1.053763e-02
1.066990816616312e-05	-1.053343e-02
1.070897066616312e-05	-1.052891e-02
1.074803316616312e-05	-1.052400e-02
1.078709566616312e-05	-1.051861e-02
1.082615816616312e-05	-1.051262e-02
1.086522066616312e-05	-1.050584e-02
1.090428316616312e-05	-1.049799e-02
1.094334566616312e-05	-1.048865e-02
1.098240816616312e-05	-1.047711e-02
1.102147066616312e-05	-1.046210e-02
1.106053316616312e-05	-1.044123e-02
1.109959566616312e-05	-1.040951e-02
1.113865816616312e-05	-1.035503e-02
1.117772066616312e-05	-1.024462e-02
1.121678316616312e-05	-1.040451e-02
1.125584566616312e-05	-1.035129e-02
1.128409022938771e-05	-7.772964e-03
1.129782327231137e-05	-1.850361e-03
1.131151404343607e-05	-2.910717e-04
1.131966607801485e-05	-1.115835e-04
1.133098683463064e-05	-2.600532e-05
1.134690994837764e-05	-1.807701e-06
1.137875617587164e-05	3.367910e-07
1.141781867587164e-05	-2.940049e-07
1.145688117587164e-05	-6.318039e-08
1.149594367587164e-05	-1.476408e-07
1.153500617587164e-05	-1.167274e-07
1.157406867587164e-05	-1.280414e-07
1.161313117587164e-05	-1.239005e-07
1.165219367587164e-05	-1.254161e-07
1.169125617587164e-05	-1.248614e-07
1.173031867587164e-05	-1.250644e-07
1.176938117587164e-05	-1.249901e-07
1.180844367587164e-05	-1.250173e-07
1.184750617587164e-05	-1.250073e-07
1.188656867587164e-05	-1.250110e-07
1.192563117587164e-05	-1.250096e-07
1.196469367587164e-05	-1.250101e-07
1.200375617587164e-05	-1.250099e-07
1.204281867587164e-05	-1.250100e-07
1.208188117587164e-05	-1.250100e-07
1.212094367587164e-05	-1.250100e-07
1.216000617587164e-05	-1.250100e-07
1.219906867587164e-05	-1.250100e-07
1.223813117587164e-05	-1.250100e-07
1.227719367587164e-05	-1.250100e-07
1.231625617587164e-05	-1.250100e-07
1.235531867587164e-05	-1.250100e-07
1.239438117587164e-05	-1.250100e-07
1.243344367587164e-05	-1.250100e-07
1.247250617587164e-05	-1.250100e-07
1.251156867587164e-05	-1.250100e-07
1.255063117587164e-05	-1.250100e-07
1.258969367587164e-05	-1.250100e-07
1.262875617587164e-05	-1.250100e-07
1.266781867587164e-05	-1.250100e-07
1.270688117587164e-05	-1.250100e-07
1.274594367587164e-05	-1.250100e-07
1.278500617587164e-05	-1.250100e-07
1.282406867587164e-05	-1.250100e-07
1.286313117587164e-05	-1.250100e-07
1.290219367587164e-05	-1.250100e-07
1.294125617587164e-05	-1.250100e-07
1.298031867587164e-05	-1.250100e-07
1.301938117587164e-05	-1.250100e-07
1.305844367587164e-05	-1.250100e-07
1.309750617587164e-05	-1.250100e-07
1.313656867587164e-05	-1.250100e-07
1.317563117587164e-05	-1.250100e-07
1.321469367587164e-05	-1.250100e-07
1.325375617587164e-05	-1.250100e-07
1.329281867587164e-05	-1.250100e-07
1.333188117587164e-05	-1.250100e-07
1.337094367587164e-05	-1.250100e-07
1.341000617587164e-05	-1.250100e-07
1.344906867587164e-05	-1.250100e-07
1.348813117587164e-05	-1.250100e-07
1.352719367587164e-05	-1.250100e-07
1.356625617587164e-05	-1.250100e-07
1.360531867587164e-05	-1.250100e-07
1.364438117587164e-05	-1.250100e-07
1.368344367587164e-05	-1.250100e-07
1.372250617587164e-05	-1.250100e-07
1.376156867587164e-05	-1.250100e-07
1.380063117587164e-05	-1.250100e-07
1.383969367587164e-05	-1.250100e-07
1.387875617587164e-05	-1.250100e-07
1.391781867587164e-05	-1.250100e-07
1.395688117587164e-05	-1.250100e-07
1.399594367587164e-05	-1.250100e-07
1.403500617587164e-05	-1.250100e-07
1.407406867587164e-05	-1.250100e-07
1.411313117587164e-05	-1.250100e-07
1.415219367587164e-05	-1.250100e-07
1.419125617587164e-05	-1.250100e-07
1.423031867587164e-05	-1.250100e-07
1.426938117587164e-05	-1.250100e-07
1.430844367587164e-05	-1.250100e-07
1.434750617587164e-05	-1.250100e-07
1.438656867587164e-05	-1.250100e-07
1.442563117587164e-05	-1.250100e-07
1.446469367587164e-05	-1.250100e-07
1.450375617587164e-05	-1.250100e-07
1.454281867587164e-05	-1.250100e-07
1.458188117587164e-05	-1.250100e-07
1.462094367587164e-05	-1.250100e-07
1.466000617587164e-05	-1.250100e-07
1.469906867587164e-05	-1.250100e-07
1.473813117587164e-05	-1.250100e-07
1.477719367587164e-05	-1.250100e-07
1.481625617587165e-05	-1.250100e-07
1.485531867587165e-05	-1.250100e-07
1.489438117587165e-05	-1.250100e-07
1.493344367587165e-05	-1.250100e-07
1.497250617587165e-05	-1.250100e-07
1.501156867587165e-05	-1.250100e-07
1.505063117587165e-05	-1.250100e-07
1.508969367587165e-05	-1.250100e-07
1.512875617587165e-05	-1.250100e-07
1.516781867587165e-05	-1.250100e-07
1.520688117587165e-05	-1.250100e-07
1.524594367587165e-05	-1.250100e-07
1.528500617587165e-05	-1.250100e-07
1.532406867587164e-05	-1.250100e-07
1.536313117587164e-05	-1.250100e-07
1.540219367587164e-05	-1.250100e-07
1.544125617587164e-05	-1.250100e-07
1.548031867587164e-05	-1.250100e-07
1.551938117587164e-05	-1.250100e-07
1.555844367587164e-05	-1.250100e-07
1.559750617587163e-05	-1.250100e-07
1.563656867587163e-05	-1.250100e-07
1.567563117587163e-05	-1.250100e-07
1.571469367587163e-05	-1.250100e-07
1.575375617587163e-05	-1.250100e-07
1.579281867587163e-05	-1.250100e-07
1.583188117587162e-05	-1.250100e-07
1.587094367587162e-05	-1.250100e-07
1.591000617587162e-05	-1.250100e-07
1.594906867587162e-05	-1.250100e-07
1.598813117587162e-05	-1.250100e-07
1.602719367587162e-05	-1.250100e-07
1.606625617587161e-05	-1.250100e-07
1.610531867587161e-05	-1.250100e-07
1.614438117587161e-05	-1.250100e-07
1.618344367587161e-05	-1.250100e-07
1.622250617587161e-05	-1.250100e-07
1.626156867587161e-05	-1.250100e-07
1.630063117587160e-05	-1.250100e-07
1.633969367587160e-05	-1.250100e-07
1.637875617587160e-05	-1.250100e-07
1.641781867587160e-05	-1.250100e-07
1.645688117587160e-05	-1.250100e-07
1.649594367587160e-05	-1.250100e-07
1.653500617587160e-05	-1.250100e-07
1.657406867587159e-05	-1.250100e-07
1.661313117587159e-05	-1.250100e-07
1.665219367587159e-05	-1.250100e-07
1.669125617587159e-05	-1.250100e-07
1.673031867587159e-05	-1.250100e-07
1.676938117587159e-05	-1.250100e-07
1.680844367587158e-05	-1.250100e-07
1.684750617587158e-05	-1.250100e-07
1.688656867587158e-05	-1.250100e-07
1.692563117587158e-05	-1.250100e-07
1.696469367587158e-05	-1.250100e-07
1.700375617587158e-05	-1.250100e-07
1.704281867587157e-05	-1.250100e-07
1.708188117587157e-05	-1.250100e-07
1.712094367587157e-05	-1.250100e-07
1.716000617587157e-05	-1.250100e-07
1.719906867587157e-05	-1.250100e-07
1.723813117587157e-05	-1.250100e-07
1.727719367587157e-05	-1.250100e-07
1.731625617587156e-05	-1.250100e-07
1.735531867587156e-05	-1.250100e-07
1.739438117587156e-05	-1.250100e-07
1.743344367587156e-05	-1.250100e-07
1.747250617587156e-05	-1.250100e-07
1.751156867587156e-05	-1.250100e-07
1.755063117587155e-05	-1.250100e-07
1.758969367587155e-05	-1.250100e-07
1.762875617587155e-05	-1.250100e-07
1.766781867587155e-05	-1.250100e-07
1.770688117587155e-05	-1.250100e-07
1.774594367587155e-05	-1.250100e-07
1.778500617587154e-05	-1.250100e-07
1.782406867587154e-05	-1.250100e-07
1.786313117587154e-05	-1.250100e-07
1.790219367587154e-05	-1.250100e-07
1.794125617587154e-05	-1.250100e-07
1.798031867587154e-05	-1.250100e-07
1.801938117587153e-05	-1.250100e-07
1.805844367587153e-05	-1.250100e-07
1.809750617587153e-05	-1.250100e-07
1.813656867587153e-05	-1.250100e-07
1.817563117587153e-05	-1.250100e-07
1.821469367587153e-05	-1.250100e-07
1.825375617587153e-05	-1.250100e-07
1.829281867587152e-05	-1.250100e-07
1.833188117587152e-05	-1.250100e-07
1.837094367587152e-05	-1.250100e-07
1.841000617587152e-05	-1.250100e-07
1.844906867587152e-05	-1.250100e-07
1.848813117587152e-05	-1.250100e-07
1.852719367587151e-05	-1.250100e-07
1.856625617587151e-05	-1.250100e-07
1.860531867587151e-05	-1.250100e-07
1.864438117587151e-05	-1.250100e-07
1.868344367587151e-05	-1.250100e-07
1.872250617587151e-05	-1.250100e-07
1.876156867587150e-05	-1.250100e-07
1.880063117587150e-05	-1.250100e-07
1.883969367587150e-05	-1.250100e-07
1.887875617587150e-05	-1.250100e-07
1.891781867587150e-05	-1.250100e-07
1.895688117587150e-05	-1.250100e-07
1.899594367587150e-05	-1.250100e-07
1.903500617587149e-05	-1.250100e-07
1.907406867587149e-05	-1.250100e-07
1.911313117587149e-05	-1.250100e-07
1.915219367587149e-05	-1.250100e-07
1.919125617587149e-05	-1.250100e-07
1.923031867587149e-05	-1.250100e-07
1.926938117587148e-05	-1.250100e-07
1.930844367587148e-05	-1.250100e-07
1.934750617587148e-05	-1.250100e-07
1.938656867587148e-05	-1.250100e-07
1.942563117587148e-05	-1.250100e-07
1.946469367587148e-05	-1.250100e-07
1.950375617587147e-05	-1.250100e-07
1.954281867587147e-05	-1.250100e-07
1.958188117587147e-05	-1.250100e-07
1.962094367587147e-05	-1.250100e-07
1.966000617587147e-05	-1.250100e-07
1.969906867587147e-05	-1.250100e-07
1.973813117587146e-05	-1.250100e-07
1.977719367587146e-05	-1.250100e-07
1.981625617587146e-05	-1.250100e-07
1.985531867587146e-05	-1.250100e-07
1.989438117587146e-05	-1.250100e-07
1.993344367587146e-05	-1.250100e-07
1.997250617587146e-05	-1.250100e-07
2.000000000000000e-05	-1.250100e-07
2.000100000000000e-05	1.897022e-02
2.000110438108061e-05	1.877702e-02
2.000131314324182e-05	1.835353e-02
2.000173066756424e-05	1.758158e-02
2.000256571620908e-05	1.620056e-02
2.000423581349876e-05	1.391510e-02
2.000465333782118e-05	1.345871e-02
2.000548838646602e-05	1.259588e-02
2.000715848375570e-05	1.118513e-02
2.000757600807812e-05	1.091048e-02
2.000841105672296e-05	1.039100e-02
2.000861981888417e-05	1.026006e-02
2.000903734320659e-05	1.004168e-02
2.000987239185143e-05	9.851784e-03
2.001154248914111e-05	9.847322e-03
2.001439012092936e-05	9.741277e-03
2.002008538450588e-05	9.735977e-03
2.003147591165891e-05	9.667382e-03
2.005425696596497e-05	9.623338e-03
2.009331946596497e-05	9.582746e-03
2.013238196596497e-05	9.583757e-03
2.017144446596497e-05	9.970839e-03
2.021050696596496e-05	9.717488e-03
2.024956946596496e-05	9.634246e-03
2.028863196596496e-05	9.571715e-03
2.032769446596496e-05	9.543836e-03
2.036675696596496e-05	9.527171e-03
2.040581946596496e-05	9.516249e-03
2.044488196596495e-05	9.508214e-03
2.048394446596495e-05	9.501900e-03
2.052300696596495e-05	9.496700e-03
2.056206946596495e-05	9.492277e-03
2.060113196596495e-05	9.488423e-03
2.064019446596495e-05	9.485005e-03
2.067925696596495e-05	9.481930e-03
2.071831946596494e-05	9.479134e-03
2.075738196596494e-05	9.476570e-03
2.079644446596494e-05	9.474202e-03
2.083550696596494e-05	9.472003e-03
2.087456946596494e-05	9.469950e-03
2.091363196596494e-05	9.468026e-03
2.095269446596493e-05	9.466217e-03
2.099175696596493e-05	9.464510e-03
2.103081946596493e-05	9.462896e-03
2.106988196596493e-05	9.461367e-03
2.110894446596493e-05	9.459914e-03
2.114800696596493e-05	9.458531e-03
2.118706946596492e-05	9.457213e-03
2.122613196596492e-05	9.455955e-03
2.126519446596492e-05	9.454752e-03
2.130425696596492e-05	9.453601e-03
2.134331946596492e-05	9.452499e-03
2.138238196596492e-05	9.451441e-03
2.142144446596491e-05	9.450426e-03
2.146050696596491e-05	9.449450e-03
2.149956946596491e-05	9.448512e-03
2.153863196596491e-05	9.447608e-03
2.157769446596491e-05	9.446738e-03
2.161675696596491e-05	9.445900e-03
2.165581946596491e-05	9.445091e-03
2.169488196596490e-05	9.444310e-03
2.173394446596490e-05	9.443556e-03
2.177300696596490e-05	9.442828e-03
2.181206946596490e-05	9.442124e-03
2.185113196596490e-05	9.441443e-03
2.189019446596490e-05	9.440784e-03
2.192925696596489e-05	9.440146e-03
2.196831946596489e-05	9.439528e-03
2.200738196596489e-05	9.438930e-03
2.204644446596489e-05	9.438350e-03
2.208550696596489e-05	9.437787e-03
2.212456946596489e-05	9.437242e-03
2.216363196596488e-05	9.436713e-03
2.220269446596488e-05	9.436199e-03
2.224175696596488e-05	9.435700e-03
2.228081946596488e-05	9.435215e-03
2.231988196596488e-05	9.434745e-03
2.235894446596488e-05	9.434287e-03
2.239800696596487e-05	9.433843e-03
2.243706946596487e-05	9.433411e-03
2.247613196596487e-05	9.432991e-03
2.251519446596487e-05	9.432583e-03
2.255425696596487e-05	9.432185e-03
2.259331946596487e-05	9.431799e-03
2.263238196596487e-05	9.431423e-03
2.267144446596486e-05	9.431056e-03
2.271050696596486e-05	9.430699e-03
2.274956946596486e-05	9.430352e-03
2.278863196596486e-05	9.430014e-03
2.282769446596486e-05	9.429684e-03
2.286675696596486e-05	9.429363e-03
2.290581946596485e-05	9.429050e-03
2.294488196596485e-05	9.428744e-03
2.298394446596485e-05	9.428447e-03
2.302300696596485e-05	9.428157e-03
2.306206946596485e-05	9.427874e-03
2.310113196596485e-05	9.427599e-03
2.314019446596484e-05	9.427330e-03
2.317925696596484e-05	9.427067e-03
2.321831946596484e-05	9.426811e-03
2.325738196596484e-05	9.426561e-03
2.329644446596484e-05	9.426317e-03
2.333550696596484e-05	9.426080e-03
2.337456946596484e-05	9.425848e-03
2.341363196596483e-05	9.425621e-03
2.345269446596483e-05	9.425400e-03
2.349175696596483e-05	9.425184e-03
2.353081946596483e-05	9.424972e-03
2.356988196596483e-05	9.424767e-03
2.360894446596483e-05	9.424565e-03
2.364800696596482e-05	9.424369e-03
2.368706946596482e-05	9.424177e-03
2.372613196596482e-05	9.423989e-03
2.376519446596482e-05	9.423806e-03
2.380425696596482e-05	9.423627e-03
2.384331946596482e-05	9.423452e-03
2.388238196596481e-05	9.423281e-03
2.392144446596481e-05	9.423113e-03
2.396050696596481e-05	9.422950e-03
2.399956946596481e-05	9.422791e-03
2.403863196596481e-05	9.422635e-03
2.407769446596481e-05	9.422482e-03
2.411675696596480e-05	9.422333e-03
2.415581946596480e-05	9.422187e-03
2.419488196596480e-05	9.422044e-03
2.423394446596480e-05	9.421905e-03
2.427300696596480e-05	9.421769e-03
2.431206946596480e-05	9.421635e-03
2.435113196596480e-05	9.421505e-03
2.439019446596479e-05	9.421377e-03
2.442925696596479e-05	9.421253e-03
2.446831946596479e-05	9.421131e-03
2.450738196596479e-05	9.421011e-03
2.454644446596479e-05	9.420894e-03
2.458550696596479e-05	9.420780e-03
2.462456946596478e-05	9.420668e-03
2.466363196596478e-05	9.420558e-03
2.470269446596478e-05	9.420451e-03
2.474175696596478e-05	9.420346e-03
2.478081946596478e-05	9.420244e-03
2.481988196596478e-05	9.420143e-03
2.485894446596477e-05	9.420046e-03
2.489800696596477e-05	9.419949e-03
2.493706946596477e-05	9.419855e-03
2.497613196596477e-05	9.419763e-03
2.501519446596477e-05	9.419673e-03
2.505425696596477e-05	9.419585e-03
2.509331946596477e-05	9.419498e-03
2.513238196596476e-05	9.419413e-03
2.517144446596476e-05	9.419330e-03
2.521050696596476e-05	9.419249e-03
2.524956946596476e-05	9.419170e-03
2.528863196596476e-05	9.419093e-03
2.532769446596476e-05	9.419017e-03
2.536675696596475e-05	9.418942e-03
2.540581946596475e-05	9.418869e-03
2.544488196596475e-05	9.418798e-03
2.548394446596475e-05	9.418728e-03
2.552300696596475e-05	9.418660e-03
2.556206946596475e-05	9.418593e-03
2.560113196596474e-05	9.418527e-03
2.564019446596474e-05	9.418462e-03
2.567925696596474e-05	9.418400e-03
2.571831946596474e-05	9.418338e-03
2.575738196596474e-05	9.418278e-03
2.579644446596474e-05	9.418218e-03
2.583550696596473e-05	9.418161e-03
2.587456946596473e-05	9.418104e-03
2.591363196596473e-05	9.418048e-03
2.595269446596473e-05	9.417994e-03
2.599175696596473e-05	9.417941e-03
2.603081946596473e-05	9.417888e-03
2.606988196596473e-05	9.417837e-03
2.610894446596472e-05	9.417787e-03
2.614800696596472e-05	9.417738e-03
2.618706946596472e-05	9.417689e-03
2.622613196596472e-05	9.417643e-03
2.626519446596472e-05	9.417596e-03
2.630425696596472e-05	9.417552e-03
2.634331946596471e-05	9.417507e-03
2.638238196596471e-05	9.417463e-03
2.642144446596471e-05	9.417421e-03
2.646050696596471e-05	9.417379e-03
2.649956946596471e-05	9.417338e-03
2.653863196596471e-05	9.417298e-03
2.657769446596470e-05	9.417259e-03
2.661675696596470e-05	9.417221e-03
2.665581946596470e-05	9.417184e-03
2.669488196596470e-05	9.417146e-03
2.673394446596470e-05	9.417110e-03
2.677300696596470e-05	9.417075e-03
2.681206946596470e-05	9.417040e-03
2.685113196596469e-05	9.417006e-03
2.689019446596469e-05	9.416973e-03
2.692925696596469e-05	9.416941e-03
2.696831946596469e-05	9.416908e-03
2.700738196596469e-05	9.416877e-03
2.704644446596469e-05	9.416847e-03
2.708550696596468e-05	9.416816e-03
2.712456946596468e-05	9.416787e-03
2.716363196596468e-05	9.416758e-03
2.720269446596468e-05	9.416729e-03
2.724175696596468e-05	9.416701e-03
2.728081946596468e-05	9.416674e-03
2.731988196596467e-05	9.416647e-03
2.735894446596467e-05	9.416621e-03
2.739800696596467e-05	9.416596e-03
2.743706946596467e-05	9.416571e-03
2.747613196596467e-05	9.416547e-03
2.751519446596467e-05	9.416522e-03
2.755425696596466e-05	9.416498e-03
2.759331946596466e-05	9.416475e-03
2.763238196596466e-05	9.416453e-03
2.767144446596466e-05	9.416430e-03
2.771050696596466e-05	9.416409e-03
2.774956946596466e-05	9.416387e-03
2.778863196596466e-05	9.416366e-03
2.782769446596465e-05	9.416346e-03
2.786675696596465e-05	9.416326e-03
2.790581946596465e-05	9.416305e-03
2.794488196596465e-05	9.416287e-03
2.798394446596465e-05	9.416267e-03
2.802300696596465e-05	9.416249e-03
2.806206946596464e-05	9.416231e-03
2.810113196596464e-05	9.416213e-03
2.814019446596464e-05	9.416196e-03
2.817925696596464e-05	9.416178e-03
2.821831946596464e-05	9.416161e-03
2.825738196596464e-05	9.416145e-03
2.829644446596463e-05	9.416129e-03
2.833550696596463e-05	9.416113e-03
2.837456946596463e-05	9.416098e-03
2.841363196596463e-05	9.416082e-03
2.845269446596463e-05	9.416067e-03
2.849175696596463e-05	9.416053e-03
2.853081946596463e-05	9.416038e-03
2.856988196596462e-05	9.416024e-03
2.860894446596462e-05	9.416010e-03
2.864800696596462e-05	9.415997e-03
2.868706946596462e-05	9.415984e-03
2.872613196596462e-05	9.415971e-03
2.876519446596462e-05	9.415958e-03
2.880425696596461e-05	9.415946e-03
2.884331946596461e-05	9.415933e-03
2.888238196596461e-05	9.415922e-03
2.892144446596461e-05	9.415910e-03
2.896050696596461e-05	9.415898e-03
2.899956946596461e-05	9.415887e-03
2.903863196596460e-05	9.415876e-03
2.907769446596460e-05	9.415865e-03
2.911675696596460e-05	9.415855e-03
2.915581946596460e-05	9.415844e-03
2.919488196596460e-05	9.415833e-03
2.923394446596460e-05	9.415824e-03
2.927300696596459e-05	9.415814e-03
2.931206946596459e-05	9.415804e-03
2.935113196596459e-05	9.415795e-03
2.939019446596459e-05	9.415786e-03
2.942925696596459e-05	9.415776e-03
2.946831946596459e-05	9.415767e-03
2.950738196596459e-05	9.415759e-03
2.954644446596458e-05	9.415750e-03
2.958550696596458e-05	9.415742e-03
2.962456946596458e-05	9.415734e-03
2.966363196596458e-05	9.415725e-03
2.970269446596458e-05	9.415718e-03
2.974175696596458e-05	9.415709e-03
2.978081946596457e-05	9.415702e-03
2.981988196596457e-05	9.415695e-03
2.985894446596457e-05	9.415687e-03
2.989800696596457e-05	9.415681e-03
2.993706946596457e-05	9.415673e-03
2.997613196596457e-05	9.415667e-03
3.000100000000000e-05	9.415662e-03
3.000200000000000e-05	-1.057897e-02
3.001799999999998e-05	-1.049768e-02
3.004999999999994e-05	-1.058149e-02
3.008397065705070e-05	-1.057932e-02
3.012303315705070e-05	-1.057694e-02
3.016209565705070e-05	-1.057448e-02
3.020115815705070e-05	-1.057200e-02
3.024022065705069e-05	-1.056945e-02
3.027928315705069e-05	-1.056682e-02
3.031834565705069e-05	-1.056410e-02
3.035740815705069e-05	-1.056128e-02
3.039647065705069e-05	-1.055835e-02
3.043553315705069e-05	-1.055530e-02
3.047459565705068e-05	-1.055212e-02
3.051365815705068e-05	-1.054878e-02
3.055272065705069e-05	-1.054527e-02
3.059178315705068e-05	-1.054157e-02
3.063084565705068e-05	-1.053763e-02
3.066990815705068e-05	-1.053343e-02
3.070897065705068e-05	-1.052891e-02
3.074803315705068e-05	-1.052400e-02
3.078709565705068e-05	-1.051861e-02
3.082615815705067e-05	-1.051262e-02
3.086522065705067e-05	-1.050584e-02
3.090428315705067e-05	-1.049799e-02
3.094334565705067e-05	-1.048865e-02
3.098240815705067e-05	-1.047710e-02
3.102147065705067e-05	-1.046210e-02
3.106053315705066e-05	-1.044123e-02
3.109959565705066e-05	-1.040951e-02
3.113865815705066e-05	-1.035503e-02
3.117772065705066e-05	-1.024462e-02
3.121678315705066e-05	-1.040451e-02
3.125584565705066e-05	-1.035129e-02
3.128408982076902e-05	-7.772916e-03
3.129782273171253e-05	-1.850380e-03
3.131151336777317e-05	-2.910839e-04
3.131966535564271e-05	-1.115889e-04
3.133098611679988e-05	-2.600656e-05
3.134690910044349e-05	-1.807887e-06
3.137875506773071e-05	3.368357e-07
3.141781756773071e-05	-2.940213e-07
3.145688006773070e-05	-6.317442e-08
3.149594256773070e-05	-1.476430e-07
3.153500506773070e-05	-1.167266e-07
3.157406756773070e-05	-1.280417e-07
3.161313006773070e-05	-1.239004e-07
3.165219256773070e-05	-1.254161e-07
3.169125506773070e-05	-1.248614e-07
3.173031756773069e-05	-1.250644e-07
3.176938006773069e-05	-1.249901e-07
3.180844256773069e-05	-1.250173e-07
3.184750506773069e-05	-1.250073e-07
3.188656756773069e-05	-1.250110e-07
3.192563006773069e-05	-1.250096e-07
3.196469256773068e-05	-1.250101e-07
3.200375506773068e-05	-1.250099e-07
3.204281756773068e-05	-1.250100e-07
3.208188006773068e-05	-1.250100e-07
3.212094256773068e-05	-1.250100e-07
3.216000506773068e-05	-1.250100e-07
3.219906756773067e-05	-1.250100e-07
3.223813006773067e-05	-1.250100e-07
3.227719256773067e-05	-1.250100e-07
3.231625506773067e-05	-1.250100e-07
3.235531756773067e-05	-1.250100e-07
3.239438006773067e-05	-1.250100e-07
3.243344256773067e-05	-1.250100e-07
3.247250506773066e-05	-1.250100e-07
3.251156756773066e-05	-1.250100e-07
3.255063006773066e-05	-1.250100e-07
3.258969256773066e-05	-1.250100e-07
3.262875506773066e-05	-1.250100e-07
3.266781756773066e-05	-1.250100e-07
3.270688006773065e-05	-1.250100e-07
3.274594256773065e-05	-1.250100e-07
3.278500506773065e-05	-1.250100e-07
3.282406756773065e-05	-1.250100e-07
3.286313006773065e-05	-1.250100e-07
3.290219256773065e-05	-1.250100e-07
3.294125506773064e-05	-1.250100e-07
3.298031756773064e-05	-1.250100e-07
3.301938006773064e-05	-1.250100e-07
3.305844256773064e-05	-1.250100e-07
3.309750506773064e-05	-1.250100e-07
3.313656756773064e-05	-1.250100e-07
3.317563006773063e-05	-1.250100e-07
3.321469256773063e-05	-1.250100e-07
3.325375506773063e-05	-1.250100e-07
3.329281756773063e-05	-1.250100e-07
3.333188006773063e-05	-1.250100e-07
3.337094256773063e-05	-1.250100e-07
3.341000506773063e-05	-1.250100e-07
3.344906756773062e-05	-1.250100e-07
3.348813006773062e-05	-1.250100e-07
3.352719256773062e-05	-1.250100e-07
3.356625506773062e-05	-1.250100e-07
3.360531756773062e-05	-1.250100e-07
3.364438006773062e-05	-1.250100e-07
3.368344256773061e-05	-1.250100e-07
3.372250506773061e-05	-1.250100e-07
3.376156756773061e-05	-1.250100e-07
3.380063006773061e-05	-1.250100e-07
3.383969256773061e-05	-1.250100e-07
3.387875506773061e-05	-1.250100e-07
3.391781756773060e-05	-1.250100e-07
3.395688006773060e-05	-1.250100e-07
3.399594256773060e-05	-1.250100e-07
3.403500506773060e-05	-1.250100e-07
3.407406756773060e-05	-1.250100e-07
3.411313006773060e-05	-1.250100e-07
3.415219256773060e-05	-1.250100e-07
3.419125506773059e-05	-1.250100e-07
3.423031756773059e-05	-1.250100e-07
3.426938006773059e-05	-1.250100e-07
3.430844256773059e-05	-1.250100e-07
3.434750506773059e-05	-1.250100e-07
3.438656756773059e-05	-1.250100e-07
3.442563006773058e-05	-1.250100e-07
3.446469256773058e-05	-1.250100e-07
3.450375506773058e-05	-1.250100e-07
3.454281756773058e-05	-1.250100e-07
3.458188006773058e-05	-1.250100e-07
3.462094256773058e-05	-1.250100e-07
3.466000506773057e-05	-1.250100e-07
3.469906756773057e-05	-1.250100e-07
3.473813006773057e-05	-1.250100e-07
3.477719256773057e-05	-1.250100e-07
3.481625506773057e-05	-1.250100e-07
3.485531756773057e-05	-1.250100e-07
3.489438006773056e-05	-1.250100e-07
3.493344256773056e-05	-1.250100e-07
3.497250506773056e-05	-1.250100e-07
3.501156756773056e-05	-1.250100e-07
3.505063006773056e-05	-1.250100e-07
3.508969256773056e-05	-1.250100e-07
3.512875506773056e-05	-1.250100e-07
3.516781756773055e-05	-1.250100e-07
3.520688006773055e-05	-1.250100e-07
3.524594256773055e-05	-1.250100e-07
3.528500506773055e-05	-1.250100e-07
3.532406756773055e-05	-1.250100e-07
3.536313006773055e-05	-1.250100e-07
3.540219256773054e-05	-1.250100e-07
3.544125506773054e-05	-1.250100e-07
3.548031756773054e-05	-1.250100e-07
3.551938006773054e-05	-1.250100e-07
3.555844256773054e-05	-1.250100e-07
3.559750506773054e-05	-1.250100e-07
3.563656756773053e-05	-1.250100e-07
3.567563006773053e-05	-1.250100e-07
3.571469256773053e-05	-1.250100e-07
3.575375506773053e-05	-1.250100e-07
3.579281756773053e-05	-1.250100e-07
3.583188006773053e-05	-1.250100e-07
3.587094256773053e-05	-1.250100e-07
3.591000506773052e-05	-1.250100e-07
3.594906756773052e-05	-1.250100e-07
3.598813006773052e-05	-1.250100e-07
3.602719256773052e-05	-1.250100e-07
3.606625506773052e-05	-1.250100e-07
3.610531756773052e-05	-1.250100e-07
3.614438006773051e-05	-1.250100e-07
3.618344256773051e-05	-1.250100e-07
3.622250506773051e-05	-1.250100e-07
3.626156756773051e-05	-1.250100e-07
3.630063006773051e-05	-1.250100e-07
3.633969256773051e-05	-1.250100e-07
3.637875506773050e-05	-1.250100e-07
3.641781756773050e-05	-1.250100e-07
3.645688006773050e-05	-1.250100e-07
3.649594256773050e-05	-1.250100e-07
3.653500506773050e-05	-1.250100e-07
3.657406756773050e-05	-1.250100e-07
3.661313006773049e-05	-1.250100e-07
3.665219256773049e-05	-1.250100e-07
3.669125506773049e-05	-1.250100e-07
3.673031756773049e-05	-1.250100e-07
3.676938006773049e-05	-1.250100e-07
3.680844256773049e-05	-1.250100e-07
3.684750506773049e-05	-1.250100e-07
3.688656756773048e-05	-1.250100e-07
3.692563006773048e-05	-1.250100e-07
3.696469256773048e-05	-1.250100e-07
3.700375506773048e-05	-1.250100e-07
3.704281756773048e-05	-1.250100e-07
3.708188006773048e-05	-1.250100e-07
3.712094256773047e-05	-1.250100e-07
3.716000506773047e-05	-1.250100e-07
3.719906756773047e-05	-1.250100e-07
3.723813006773047e-05	-1.250100e-07
3.727719256773047e-05	-1.250100e-07
3.731625506773047e-05	-1.250100e-07
3.735531756773046e-05	-1.250100e-07
3.739438006773046e-05	-1.250100e-07
3.743344256773046e-05	-1.250100e-07
3.747250506773046e-05	-1.250100e-07
3.751156756773046e-05	-1.250100e-07
3.755063006773046e-05	-1.250100e-07
3.758969256773046e-05	-1.250100e-07
3.762875506773045e-05	-1.250100e-07
3.766781756773045e-05	-1.250100e-07
3.770688006773045e-05	-1.250100e-07
3.774594256773045e-05	-1.250100e-07
3.778500506773045e-05	-1.250100e-07
3.782406756773045e-05	-1.250100e-07
3.786313006773044e-05	-1.250100e-07
3.790219256773044e-05	-1.250100e-07
3.794125506773044e-05	-1.250100e-07
3.798031756773044e-05	-1.250100e-07
3.801938006773044e-05	-1.250100e-07
3.805844256773044e-05	-1.250100e-07
3.809750506773043e-05	-1.250100e-07
3.813656756773043e-05	-1.250100e-07
3.817563006773043e-05	-1.250100e-07
3.821469256773043e-05	-1.250100e-07
3.825375506773043e-05	-1.250100e-07
3.829281756773043e-05	-1.250100e-07
3.833188006773042e-05	-1.250100e-07
3.837094256773042e-05	-1.250100e-07
3.841000506773042e-05	-1.250100e-07
3.844906756773042e-05	-1.250100e-07
3.848813006773042e-05	-1.250100e-07
3.852719256773042e-05	-1.250100e-07
3.856625506773042e-05	-1.250100e-07
3.860531756773041e-05	-1.250100e-07
3.864438006773041e-05	-1.250100e-07
3.868344256773041e-05	-1.250100e-07
3.872250506773041e-05	-1.250100e-07
3.876156756773041e-05	-1.250100e-07
3.880063006773041e-05	-1.250100e-07
3.883969256773040e-05	-1.250100e-07
3.887875506773040e-05	-1.250100e-07
3.891781756773040e-05	-1.250100e-07
3.895688006773040e-05	-1.250100e-07
3.899594256773040e-05	-1.250100e-07
3.903500506773040e-05	-1.250100e-07
3.907406756773039e-05	-1.250100e-07
3.911313006773039e-05	-1.250100e-07
3.915219256773039e-05	-1.250100e-07
3.919125506773039e-05	-1.250100e-07
3.923031756773039e-05	-1.250100e-07
3.926938006773039e-05	-1.250100e-07
3.930844256773039e-05	-1.250100e-07
3.934750506773038e-05	-1.250100e-07
3.938656756773038e-05	-1.250100e-07
3.942563006773038e-05	-1.250100e-07
3.946469256773038e-05	-1.250100e-07
3.950375506773038e-05	-1.250100e-07
3.954281756773038e-05	-1.250100e-07
3.958188006773037e-05	-1.250100e-07
3.962094256773037e-05	-1.250100e-07
3.966000506773037e-05	-1.250100e-07
3.969906756773037e-05	-1.250100e-07
3.973813006773037e-05	-1.250100e-07
3.977719256773037e-05	-1.250100e-07
3.981625506773036e-05	-1.250100e-07
3.985531756773036e-05	-1.250100e-07
3.989438006773036e-05	-1.250100e-07
3.993344256773036e-05	-1.250100e-07
3.997250506773036e-05	-1.250100e-07
4.000000000000000e-05	-1.250100e-07
Step Information: F=100K  (Step: 10/10)
0.000000000000000e+00	-1.250100e-07
1.953124890551744e-13	3.781155e-06
3.906249781103488e-13	7.687237e-06
7.812499562206976e-13	1.549923e-05
1.562499912441395e-12	3.112221e-05
3.124999824882790e-12	6.236413e-05
6.249999649765581e-12	1.248318e-04
1.249999929953116e-11	2.497028e-04
2.499999859906232e-11	4.991876e-04
4.999999719812465e-11	9.971341e-04
9.999999439624929e-11	1.988980e-03
1.999999887924986e-10	3.956844e-03
3.999999775849972e-10	7.832167e-03
7.999999551699943e-10	1.536516e-02
1.000000000000000e-09	1.897336e-02
1.599999910339989e-09	1.779987e-02
2.423148154786217e-09	1.641383e-02
3.811096529780305e-09	1.442337e-02
6.586993279768482e-09	1.160124e-02
7.008779144478519e-09	1.130802e-02
7.852350873898593e-09	1.070730e-02
9.539494332738742e-09	9.883781e-03
9.961280197448779e-09	9.875537e-03
1.080485192686885e-08	9.813345e-03
1.249199538570900e-08	9.778858e-03
1.586628230338930e-08	9.732085e-03
2.261485613874990e-08	9.688615e-03
3.611200380947109e-08	9.648657e-03
5.564325380947109e-08	9.818085e-03
7.517450380947109e-08	9.604127e-03
9.470575380947109e-08	9.950540e-03
1.142370038094711e-07	9.721329e-03
1.337682538094711e-07	9.652651e-03
1.532995038094711e-07	9.599387e-03
1.728307538094711e-07	9.574443e-03
1.923620038094711e-07	9.558883e-03
2.118932538094711e-07	9.548309e-03
2.314245038094711e-07	9.540346e-03
2.509557538094711e-07	9.533974e-03
2.704870038094711e-07	9.528656e-03
2.900182538094711e-07	9.524078e-03
3.095495038094711e-07	9.520048e-03
3.290807538094711e-07	9.516441e-03
3.486120038094711e-07	9.513170e-03
3.681432538094711e-07	9.510173e-03
3.876745038094711e-07	9.507403e-03
4.072057538094711e-07	9.504827e-03
4.267370038094711e-07	9.502418e-03
4.462682538094711e-07	9.500155e-03
4.657995038094711e-07	9.498021e-03
4.853307538094711e-07	9.496001e-03
5.048620038094711e-07	9.494083e-03
5.243932538094712e-07	9.492259e-03
5.439245038094712e-07	9.490519e-03
5.634557538094713e-07	9.488856e-03
5.829870038094713e-07	9.487265e-03
6.025182538094714e-07	9.485738e-03
6.220495038094714e-07	9.484272e-03
6.415807538094715e-07	9.482862e-03
6.611120038094715e-07	9.481505e-03
6.806432538094716e-07	9.480197e-03
7.001745038094716e-07	9.478935e-03
7.197057538094717e-07	9.477716e-03
7.392370038094717e-07	9.476538e-03
7.587682538094718e-07	9.475397e-03
7.782995038094718e-07	9.474292e-03
7.978307538094719e-07	9.473222e-03
8.173620038094719e-07	9.472185e-03
8.368932538094720e-07	9.471178e-03
8.564245038094720e-07	9.470200e-03
8.759557538094721e-07	9.469250e-03
8.954870038094721e-07	9.468326e-03
9.150182538094722e-07	9.467429e-03
9.345495038094722e-07	9.466554e-03
9.540807538094722e-07	9.465704e-03
9.736120038094722e-07	9.464875e-03
9.931432538094723e-07	9.464066e-03
1.012674503809472e-06	9.463280e-03
1.032205753809472e-06	9.462511e-03
1.051737003809472e-06	9.461762e-03
1.071268253809472e-06	9.461031e-03
1.090799503809473e-06	9.460317e-03
1.110330753809473e-06	9.459619e-03
1.129862003809473e-06	9.458939e-03
1.149393253809473e-06	9.458273e-03
1.168924503809473e-06	9.457622e-03
1.188455753809473e-06	9.456986e-03
1.207987003809473e-06	9.456363e-03
1.227518253809473e-06	9.455753e-03
1.247049503809473e-06	9.455157e-03
1.266580753809473e-06	9.454574e-03
1.286112003809473e-06	9.454003e-03
1.305643253809473e-06	9.453443e-03
1.325174503809473e-06	9.452894e-03
1.344705753809473e-06	9.452357e-03
1.364237003809473e-06	9.451831e-03
1.383768253809473e-06	9.451315e-03
1.403299503809473e-06	9.450808e-03
1.422830753809473e-06	9.450313e-03
1.442362003809473e-06	9.449826e-03
1.461893253809474e-06	9.449348e-03
1.481424503809474e-06	9.448879e-03
1.500955753809474e-06	9.448420e-03
1.520487003809474e-06	9.447969e-03
1.540018253809474e-06	9.447526e-03
1.559549503809474e-06	9.447091e-03
1.579080753809474e-06	9.446664e-03
1.598612003809474e-06	9.446245e-03
1.618143253809474e-06	9.445832e-03
1.637674503809474e-06	9.445428e-03
1.657205753809474e-06	9.445030e-03
1.676737003809474e-06	9.444639e-03
1.696268253809474e-06	9.444255e-03
1.715799503809474e-06	9.443877e-03
1.735330753809474e-06	9.443507e-03
1.754862003809474e-06	9.443142e-03
1.774393253809474e-06	9.442783e-03
1.793924503809474e-06	9.442430e-03
1.813455753809474e-06	9.442083e-03
1.832987003809474e-06	9.441742e-03
1.852518253809475e-06	9.441406e-03
1.872049503809475e-06	9.441075e-03
1.891580753809475e-06	9.440750e-03
1.911112003809474e-06	9.440430e-03
1.930643253809475e-06	9.440115e-03
1.950174503809475e-06	9.439806e-03
1.969705753809475e-06	9.439500e-03
1.989237003809475e-06	9.439200e-03
2.008768253809475e-06	9.438904e-03
2.028299503809475e-06	9.438612e-03
2.047830753809475e-06	9.438327e-03
2.067362003809475e-06	9.438043e-03
2.086893253809475e-06	9.437766e-03
2.106424503809475e-06	9.437492e-03
2.125955753809475e-06	9.437222e-03
2.145487003809475e-06	9.436957e-03
2.165018253809475e-06	9.436695e-03
2.184549503809475e-06	9.436437e-03
2.204080753809475e-06	9.436183e-03
2.223612003809475e-06	9.435932e-03
2.243143253809475e-06	9.435685e-03
2.262674503809475e-06	9.435442e-03
2.282205753809475e-06	9.435202e-03
2.301737003809476e-06	9.434965e-03
2.321268253809476e-06	9.434733e-03
2.340799503809476e-06	9.434504e-03
2.360330753809476e-06	9.434277e-03
2.379862003809476e-06	9.434054e-03
2.399393253809476e-06	9.433834e-03
2.418924503809476e-06	9.433617e-03
2.438455753809476e-06	9.433403e-03
2.457987003809476e-06	9.433191e-03
2.477518253809476e-06	9.432984e-03
2.497049503809476e-06	9.432778e-03
2.516580753809476e-06	9.432576e-03
2.536112003809476e-06	9.432375e-03
2.555643253809476e-06	9.432179e-03
2.575174503809476e-06	9.431984e-03
2.594705753809476e-06	9.431792e-03
2.614237003809476e-06	9.431603e-03
2.633768253809476e-06	9.431417e-03
2.653299503809476e-06	9.431233e-03
2.672830753809476e-06	9.431051e-03
2.692362003809477e-06	9.430871e-03
2.711893253809477e-06	9.430694e-03
2.731424503809477e-06	9.430520e-03
2.750955753809477e-06	9.430348e-03
2.770487003809477e-06	9.430178e-03
2.790018253809477e-06	9.430010e-03
2.809549503809477e-06	9.429844e-03
2.829080753809477e-06	9.429680e-03
2.848612003809477e-06	9.429519e-03
2.868143253809477e-06	9.429360e-03
2.887674503809477e-06	9.429202e-03
2.907205753809477e-06	9.429047e-03
2.926737003809477e-06	9.428893e-03
2.946268253809477e-06	9.428742e-03
2.965799503809477e-06	9.428592e-03
2.985330753809477e-06	9.428445e-03
3.004862003809477e-06	9.428299e-03
3.024393253809477e-06	9.428156e-03
3.043924503809477e-06	9.428013e-03
3.063455753809478e-06	9.427872e-03
3.082987003809478e-06	9.427735e-03
3.102518253809478e-06	9.427598e-03
3.122049503809478e-06	9.427462e-03
3.141580753809478e-06	9.427329e-03
3.161112003809478e-06	9.427196e-03
3.180643253809478e-06	9.427067e-03
3.200174503809478e-06	9.426937e-03
3.219705753809478e-06	9.426811e-03
3.239237003809478e-06	9.426685e-03
3.258768253809478e-06	9.426561e-03
3.278299503809478e-06	9.426438e-03
3.297830753809478e-06	9.426317e-03
3.317362003809478e-06	9.426198e-03
3.336893253809478e-06	9.426080e-03
3.356424503809478e-06	9.425963e-03
3.375955753809478e-06	9.425848e-03
3.395487003809478e-06	9.425734e-03
3.415018253809478e-06	9.425621e-03
3.434549503809478e-06	9.425510e-03
3.454080753809479e-06	9.425400e-03
3.473612003809479e-06	9.425292e-03
3.493143253809479e-06	9.425184e-03
3.512674503809479e-06	9.425079e-03
3.532205753809479e-06	9.424973e-03
3.551737003809479e-06	9.424870e-03
3.571268253809479e-06	9.424767e-03
3.590799503809479e-06	9.424666e-03
3.610330753809479e-06	9.424566e-03
3.629862003809479e-06	9.424468e-03
3.649393253809479e-06	9.424370e-03
3.668924503809479e-06	9.424273e-03
3.688455753809479e-06	9.424178e-03
3.707987003809479e-06	9.424084e-03
3.727518253809479e-06	9.423990e-03
3.747049503809479e-06	9.423899e-03
3.766580753809479e-06	9.423807e-03
3.786112003809479e-06	9.423717e-03
3.805643253809479e-06	9.423628e-03
3.825174503809479e-06	9.423540e-03
3.844705753809480e-06	9.423453e-03
3.864237003809480e-06	9.423367e-03
3.883768253809480e-06	9.423282e-03
3.903299503809480e-06	9.423198e-03
3.922830753809480e-06	9.423115e-03
3.942362003809480e-06	9.423033e-03
3.961893253809480e-06	9.422951e-03
3.981424503809480e-06	9.422871e-03
4.000955753809480e-06	9.422792e-03
4.020487003809480e-06	9.422714e-03
4.040018253809480e-06	9.422636e-03
4.059549503809480e-06	9.422559e-03
4.079080753809480e-06	9.422484e-03
4.098612003809480e-06	9.422408e-03
4.118143253809480e-06	9.422334e-03
4.137674503809480e-06	9.422261e-03
4.157205753809480e-06	9.422189e-03
4.176737003809480e-06	9.422117e-03
4.196268253809480e-06	9.422046e-03
4.215799503809481e-06	9.421975e-03
4.235330753809481e-06	9.421906e-03
4.254862003809481e-06	9.421838e-03
4.274393253809481e-06	9.421770e-03
4.293924503809481e-06	9.421702e-03
4.313455753809481e-06	9.421636e-03
4.332987003809481e-06	9.421571e-03
4.352518253809481e-06	9.421506e-03
4.372049503809481e-06	9.421442e-03
4.391580753809481e-06	9.421378e-03
4.411112003809481e-06	9.421316e-03
4.430643253809481e-06	9.421254e-03
4.450174503809481e-06	9.421192e-03
4.469705753809481e-06	9.421132e-03
4.489237003809481e-06	9.421071e-03
4.508768253809481e-06	9.421012e-03
4.528299503809481e-06	9.420954e-03
4.547830753809481e-06	9.420895e-03
4.567362003809481e-06	9.420837e-03
4.586893253809481e-06	9.420780e-03
4.606424503809482e-06	9.420725e-03
4.625955753809482e-06	9.420669e-03
4.645487003809482e-06	9.420614e-03
4.665018253809482e-06	9.420560e-03
4.684549503809482e-06	9.420506e-03
4.704080753809482e-06	9.420453e-03
4.723612003809482e-06	9.420400e-03
4.743143253809482e-06	9.420347e-03
4.762674503809482e-06	9.420296e-03
4.782205753809482e-06	9.420245e-03
4.801737003809482e-06	9.420195e-03
4.821268253809482e-06	9.420144e-03
4.840799503809482e-06	9.420095e-03
4.860330753809482e-06	9.420047e-03
4.879862003809482e-06	9.419998e-03
4.899393253809482e-06	9.419951e-03
4.918924503809482e-06	9.419903e-03
4.938455753809482e-06	9.419857e-03
4.957987003809482e-06	9.419810e-03
4.977518253809483e-06	9.419764e-03
4.997049503809483e-06	9.419719e-03
5.001000000000000e-06	9.419709e-03
5.002000000000000e-06	-1.057449e-02
5.017999999999994e-06	-1.048669e-02
5.037449234795129e-06	-1.057814e-02
5.056980484795129e-06	-1.057694e-02
5.076511734795129e-06	-1.057579e-02
5.096042984795129e-06	-1.057459e-02
5.115574234795129e-06	-1.057338e-02
5.135105484795129e-06	-1.057215e-02
5.154636734795130e-06	-1.057091e-02
5.174167984795130e-06	-1.056964e-02
5.193699234795130e-06	-1.056836e-02
5.213230484795130e-06	-1.056706e-02
5.232761734795130e-06	-1.056573e-02
5.252292984795130e-06	-1.056439e-02
5.271824234795130e-06	-1.056302e-02
5.291355484795130e-06	-1.056163e-02
5.310886734795130e-06	-1.056022e-02
5.330417984795130e-06	-1.055878e-02
5.349949234795130e-06	-1.055732e-02
5.369480484795130e-06	-1.055582e-02
5.389011734795130e-06	-1.055430e-02
5.408542984795130e-06	-1.055275e-02
5.428074234795130e-06	-1.055116e-02
5.447605484795130e-06	-1.054954e-02
5.467136734795130e-06	-1.054789e-02
5.486667984795130e-06	-1.054620e-02
5.506199234795130e-06	-1.054446e-02
5.525730484795131e-06	-1.054269e-02
5.545261734795131e-06	-1.054087e-02
5.564792984795131e-06	-1.053900e-02
5.584324234795131e-06	-1.053708e-02
5.603855484795131e-06	-1.053510e-02
5.623386734795131e-06	-1.053306e-02
5.642917984795131e-06	-1.053096e-02
5.662449234795131e-06	-1.052880e-02
5.681980484795131e-06	-1.052655e-02
5.701511734795131e-06	-1.052423e-02
5.721042984795131e-06	-1.052182e-02
5.740574234795131e-06	-1.051931e-02
5.760105484795131e-06	-1.051669e-02
5.779636734795131e-06	-1.051396e-02
5.799167984795131e-06	-1.051110e-02
5.818699234795131e-06	-1.050808e-02
5.838230484795131e-06	-1.050491e-02
5.857761734795131e-06	-1.050153e-02
5.877292984795131e-06	-1.049794e-02
5.896824234795131e-06	-1.049410e-02
5.916355484795132e-06	-1.048994e-02
5.935886734795132e-06	-1.048542e-02
5.955417984795132e-06	-1.048045e-02
5.974949234795132e-06	-1.047491e-02
5.994480484795132e-06	-1.046864e-02
6.014011734795132e-06	-1.046139e-02
6.033542984795132e-06	-1.045277e-02
6.053074234795132e-06	-1.044217e-02
6.072605484795132e-06	-1.042850e-02
6.092136734795132e-06	-1.040972e-02
6.111667984795132e-06	-1.038167e-02
6.131199234795132e-06	-1.033475e-02
6.150730484795132e-06	-1.024320e-02
6.170261734795132e-06	-1.037589e-02
6.189792984795132e-06	-1.029549e-02
6.209324234795132e-06	-8.403829e-03
6.220286796937185e-06	-3.070655e-03
6.230748303220366e-06	-9.224429e-04
6.238718085891091e-06	-3.670741e-04
6.248782761917882e-06	-1.063080e-04
6.261370681301242e-06	-1.937991e-05
6.280901931301242e-06	5.886268e-07
6.300433181301242e-06	-1.515622e-07
6.319964431301242e-06	-1.240183e-07
6.339495681301242e-06	-1.250508e-07
6.359026931301242e-06	-1.250085e-07
6.378558181301242e-06	-1.250101e-07
6.398089431301242e-06	-1.250100e-07
6.417620681301242e-06	-1.250100e-07
6.437151931301242e-06	-1.250100e-07
6.456683181301242e-06	-1.250100e-07
6.476214431301242e-06	-1.250100e-07
6.495745681301243e-06	-1.250100e-07
6.515276931301243e-06	-1.250100e-07
6.534808181301243e-06	-1.250100e-07
6.554339431301243e-06	-1.250100e-07
6.573870681301243e-06	-1.250100e-07
6.593401931301243e-06	-1.250100e-07
6.612933181301243e-06	-1.250100e-07
6.632464431301243e-06	-1.250100e-07
6.651995681301243e-06	-1.250100e-07
6.671526931301243e-06	-1.250100e-07
6.691058181301243e-06	-1.250100e-07
6.710589431301243e-06	-1.250100e-07
6.730120681301243e-06	-1.250100e-07
6.749651931301243e-06	-1.250100e-07
6.769183181301243e-06	-1.250100e-07
6.788714431301243e-06	-1.250100e-07
6.808245681301243e-06	-1.250100e-07
6.827776931301243e-06	-1.250100e-07
6.847308181301243e-06	-1.250100e-07
6.866839431301244e-06	-1.250100e-07
6.886370681301244e-06	-1.250100e-07
6.905901931301244e-06	-1.250100e-07
6.925433181301244e-06	-1.250100e-07
6.944964431301244e-06	-1.250100e-07
6.964495681301244e-06	-1.250100e-07
6.984026931301244e-06	-1.250100e-07
7.003558181301244e-06	-1.250100e-07
7.023089431301244e-06	-1.250100e-07
7.042620681301244e-06	-1.250100e-07
7.062151931301244e-06	-1.250100e-07
7.081683181301244e-06	-1.250100e-07
7.101214431301244e-06	-1.250100e-07
7.120745681301244e-06	-1.250100e-07
7.140276931301244e-06	-1.250100e-07
7.159808181301244e-06	-1.250100e-07
7.179339431301244e-06	-1.250100e-07
7.198870681301244e-06	-1.250100e-07
7.218401931301244e-06	-1.250100e-07
7.237933181301244e-06	-1.250100e-07
7.257464431301245e-06	-1.250100e-07
7.276995681301245e-06	-1.250100e-07
7.296526931301245e-06	-1.250100e-07
7.316058181301245e-06	-1.250100e-07
7.335589431301245e-06	-1.250100e-07
7.355120681301245e-06	-1.250100e-07
7.374651931301245e-06	-1.250100e-07
7.394183181301245e-06	-1.250100e-07
7.413714431301245e-06	-1.250100e-07
7.433245681301245e-06	-1.250100e-07
7.452776931301245e-06	-1.250100e-07
7.472308181301245e-06	-1.250100e-07
7.491839431301245e-06	-1.250100e-07
7.511370681301245e-06	-1.250100e-07
7.530901931301245e-06	-1.250100e-07
7.550433181301245e-06	-1.250100e-07
7.569964431301245e-06	-1.250100e-07
7.589495681301245e-06	-1.250100e-07
7.609026931301245e-06	-1.250100e-07
7.628558181301245e-06	-1.250100e-07
7.648089431301246e-06	-1.250100e-07
7.667620681301245e-06	-1.250100e-07
7.687151931301244e-06	-1.250100e-07
7.706683181301243e-06	-1.250100e-07
7.726214431301242e-06	-1.250100e-07
7.745745681301242e-06	-1.250100e-07
7.765276931301241e-06	-1.250100e-07
7.784808181301240e-06	-1.250100e-07
7.804339431301239e-06	-1.250100e-07
7.823870681301238e-06	-1.250100e-07
7.843401931301238e-06	-1.250100e-07
7.862933181301237e-06	-1.250100e-07
7.882464431301236e-06	-1.250100e-07
7.901995681301235e-06	-1.250100e-07
7.921526931301234e-06	-1.250100e-07
7.941058181301234e-06	-1.250100e-07
7.960589431301233e-06	-1.250100e-07
7.980120681301232e-06	-1.250100e-07
7.999651931301231e-06	-1.250100e-07
8.019183181301230e-06	-1.250100e-07
8.038714431301230e-06	-1.250100e-07
8.058245681301229e-06	-1.250100e-07
8.077776931301228e-06	-1.250100e-07
8.097308181301227e-06	-1.250100e-07
8.116839431301226e-06	-1.250100e-07
8.136370681301226e-06	-1.250100e-07
8.155901931301225e-06	-1.250100e-07
8.175433181301224e-06	-1.250100e-07
8.194964431301223e-06	-1.250100e-07
8.214495681301222e-06	-1.250100e-07
8.234026931301222e-06	-1.250100e-07
8.253558181301221e-06	-1.250100e-07
8.273089431301220e-06	-1.250100e-07
8.292620681301219e-06	-1.250100e-07
8.312151931301218e-06	-1.250100e-07
8.331683181301218e-06	-1.250100e-07
8.351214431301217e-06	-1.250100e-07
8.370745681301216e-06	-1.250100e-07
8.390276931301215e-06	-1.250100e-07
8.409808181301215e-06	-1.250100e-07
8.429339431301214e-06	-1.250100e-07
8.448870681301213e-06	-1.250100e-07
8.468401931301212e-06	-1.250100e-07
8.487933181301211e-06	-1.250100e-07
8.507464431301211e-06	-1.250100e-07
8.526995681301210e-06	-1.250100e-07
8.546526931301209e-06	-1.250100e-07
8.566058181301208e-06	-1.250100e-07
8.585589431301207e-06	-1.250100e-07
8.605120681301207e-06	-1.250100e-07
8.624651931301206e-06	-1.250100e-07
8.644183181301205e-06	-1.250100e-07
8.663714431301204e-06	-1.250100e-07
8.683245681301203e-06	-1.250100e-07
8.702776931301203e-06	-1.250100e-07
8.722308181301202e-06	-1.250100e-07
8.741839431301201e-06	-1.250100e-07
8.761370681301200e-06	-1.250100e-07
8.780901931301199e-06	-1.250100e-07
8.800433181301199e-06	-1.250100e-07
8.819964431301198e-06	-1.250100e-07
8.839495681301197e-06	-1.250100e-07
8.859026931301196e-06	-1.250100e-07
8.878558181301195e-06	-1.250100e-07
8.898089431301195e-06	-1.250100e-07
8.917620681301194e-06	-1.250100e-07
8.937151931301193e-06	-1.250100e-07
8.956683181301192e-06	-1.250100e-07
8.976214431301191e-06	-1.250100e-07
8.995745681301191e-06	-1.250100e-07
9.015276931301190e-06	-1.250100e-07
9.034808181301189e-06	-1.250100e-07
9.054339431301188e-06	-1.250100e-07
9.073870681301187e-06	-1.250100e-07
9.093401931301187e-06	-1.250100e-07
9.112933181301186e-06	-1.250100e-07
9.132464431301185e-06	-1.250100e-07
9.151995681301184e-06	-1.250100e-07
9.171526931301183e-06	-1.250100e-07
9.191058181301183e-06	-1.250100e-07
9.210589431301182e-06	-1.250100e-07
9.230120681301181e-06	-1.250100e-07
9.249651931301180e-06	-1.250100e-07
9.269183181301179e-06	-1.250100e-07
9.288714431301179e-06	-1.250100e-07
9.308245681301178e-06	-1.250100e-07
9.327776931301177e-06	-1.250100e-07
9.347308181301176e-06	-1.250100e-07
9.366839431301176e-06	-1.250100e-07
9.386370681301175e-06	-1.250100e-07
9.405901931301174e-06	-1.250100e-07
9.425433181301173e-06	-1.250100e-07
9.444964431301172e-06	-1.250100e-07
9.464495681301172e-06	-1.250100e-07
9.484026931301171e-06	-1.250100e-07
9.503558181301170e-06	-1.250100e-07
9.523089431301169e-06	-1.250100e-07
9.542620681301168e-06	-1.250100e-07
9.562151931301168e-06	-1.250100e-07
9.581683181301167e-06	-1.250100e-07
9.601214431301166e-06	-1.250100e-07
9.620745681301165e-06	-1.250100e-07
9.640276931301164e-06	-1.250100e-07
9.659808181301164e-06	-1.250100e-07
9.679339431301163e-06	-1.250100e-07
9.698870681301162e-06	-1.250100e-07
9.718401931301161e-06	-1.250100e-07
9.737933181301160e-06	-1.250100e-07
9.757464431301160e-06	-1.250100e-07
9.776995681301159e-06	-1.250100e-07
9.796526931301158e-06	-1.250100e-07
9.816058181301157e-06	-1.250100e-07
9.835589431301156e-06	-1.250100e-07
9.855120681301156e-06	-1.250100e-07
9.874651931301155e-06	-1.250100e-07
9.894183181301154e-06	-1.250100e-07
9.913714431301153e-06	-1.250100e-07
9.933245681301152e-06	-1.250100e-07
9.952776931301152e-06	-1.250100e-07
9.972308181301151e-06	-1.250100e-07
9.991839431301150e-06	-1.250100e-07
1.000000000000000e-05	-1.250100e-07
1.000100000000000e-05	1.897022e-02
1.000489715797614e-05	1.310363e-02
1.000525393459523e-05	1.279643e-02
1.000596748783341e-05	1.208370e-02
1.000739459430977e-05	1.096616e-02
1.000775137092886e-05	1.074011e-02
1.000846492416704e-05	1.031253e-02
1.000864331247659e-05	1.020547e-02
1.000900008909568e-05	1.002450e-02
1.000971364233386e-05	9.860585e-03
1.001114074881022e-05	9.864447e-03
1.001379452272720e-05	9.765075e-03
1.001910207056116e-05	9.776534e-03
1.002971716622909e-05	9.677372e-03
1.004924841622909e-05	9.624922e-03
1.006877966622909e-05	9.632941e-03
1.008831091622908e-05	1.007164e-02
1.010784216622908e-05	9.777527e-03
1.012737341622908e-05	9.683455e-03
1.014690466622908e-05	9.612041e-03
1.016643591622908e-05	9.581270e-03
1.018596716622908e-05	9.563091e-03
1.020549841622908e-05	9.551304e-03
1.022502966622908e-05	9.542655e-03
1.024456091622908e-05	9.535856e-03
1.026409216622908e-05	9.530245e-03
1.028362341622908e-05	9.525458e-03
1.030315466622908e-05	9.521271e-03
1.032268591622908e-05	9.517542e-03
1.034221716622907e-05	9.514172e-03
1.036174841622907e-05	9.511093e-03
1.038127966622907e-05	9.508256e-03
1.040081091622907e-05	9.505622e-03
1.042034216622907e-05	9.503162e-03
1.043987341622907e-05	9.500856e-03
1.045940466622907e-05	9.498682e-03
1.047893591622907e-05	9.496627e-03
1.049846716622907e-05	9.494679e-03
1.051799841622907e-05	9.492826e-03
1.053752966622907e-05	9.491060e-03
1.055706091622907e-05	9.489373e-03
1.057659216622907e-05	9.487760e-03
1.059612341622906e-05	9.486213e-03
1.061565466622906e-05	9.484729e-03
1.063518591622906e-05	9.483302e-03
1.065471716622906e-05	9.481929e-03
1.067424841622906e-05	9.480606e-03
1.069377966622906e-05	9.479329e-03
1.071331091622906e-05	9.478097e-03
1.073284216622906e-05	9.476906e-03
1.075237341622906e-05	9.475754e-03
1.077190466622906e-05	9.474638e-03
1.079143591622906e-05	9.473558e-03
1.081096716622906e-05	9.472510e-03
1.083049841622905e-05	9.471493e-03
1.085002966622905e-05	9.470506e-03
1.086956091622905e-05	9.469547e-03
1.088909216622905e-05	9.468616e-03
1.090862341622905e-05	9.467710e-03
1.092815466622905e-05	9.466828e-03
1.094768591622905e-05	9.465970e-03
1.096721716622905e-05	9.465134e-03
1.098674841622905e-05	9.464320e-03
1.100627966622905e-05	9.463526e-03
1.102581091622905e-05	9.462752e-03
1.104534216622905e-05	9.461997e-03
1.106487341622905e-05	9.461260e-03
1.108440466622904e-05	9.460540e-03
1.110393591622904e-05	9.459838e-03
1.112346716622904e-05	9.459152e-03
1.114299841622904e-05	9.458481e-03
1.116252966622904e-05	9.457826e-03
1.118206091622904e-05	9.457185e-03
1.120159216622904e-05	9.456558e-03
1.122112341622904e-05	9.455944e-03
1.124065466622904e-05	9.455345e-03
1.126018591622904e-05	9.454757e-03
1.127971716622904e-05	9.454181e-03
1.129924841622904e-05	9.453618e-03
1.131877966622903e-05	9.453067e-03
1.133831091622903e-05	9.452526e-03
1.135784216622903e-05	9.451996e-03
1.137737341622903e-05	9.451477e-03
1.139690466622903e-05	9.450967e-03
1.141643591622903e-05	9.450468e-03
1.143596716622903e-05	9.449978e-03
1.145549841622903e-05	9.449498e-03
1.147502966622903e-05	9.449027e-03
1.149456091622903e-05	9.448565e-03
1.151409216622903e-05	9.448111e-03
1.153362341622903e-05	9.447665e-03
1.155315466622903e-05	9.447227e-03
1.157268591622902e-05	9.446798e-03
1.159221716622902e-05	9.446376e-03
1.161174841622902e-05	9.445962e-03
1.163127966622902e-05	9.445555e-03
1.165081091622902e-05	9.445155e-03
1.167034216622902e-05	9.444762e-03
1.168987341622902e-05	9.444376e-03
1.170940466622902e-05	9.443996e-03
1.172893591622902e-05	9.443623e-03
1.174846716622902e-05	9.443256e-03
1.176799841622902e-05	9.442896e-03
1.178752966622902e-05	9.442541e-03
1.180706091622901e-05	9.442192e-03
1.182659216622901e-05	9.441849e-03
1.184612341622901e-05	9.441511e-03
1.186565466622901e-05	9.441179e-03
1.188518591622901e-05	9.440852e-03
1.190471716622901e-05	9.440531e-03
1.192424841622901e-05	9.440214e-03
1.194377966622901e-05	9.439902e-03
1.196331091622901e-05	9.439596e-03
1.198284216622901e-05	9.439294e-03
1.200237341622901e-05	9.438997e-03
1.202190466622901e-05	9.438705e-03
1.204143591622901e-05	9.438416e-03
1.206096716622900e-05	9.438133e-03
1.208049841622900e-05	9.437853e-03
1.210002966622900e-05	9.437578e-03
1.211956091622900e-05	9.437307e-03
1.213909216622900e-05	9.437040e-03
1.215862341622900e-05	9.436777e-03
1.217815466622900e-05	9.436518e-03
1.219768591622900e-05	9.436263e-03
1.221721716622900e-05	9.436010e-03
1.223674841622900e-05	9.435763e-03
1.225627966622900e-05	9.435519e-03
1.227581091622900e-05	9.435277e-03
1.229534216622900e-05	9.435040e-03
1.231487341622899e-05	9.434806e-03
1.233440466622899e-05	9.434575e-03
1.235393591622899e-05	9.434348e-03
1.237346716622899e-05	9.434124e-03
1.239299841622899e-05	9.433903e-03
1.241252966622899e-05	9.433685e-03
1.243206091622899e-05	9.433470e-03
1.245159216622899e-05	9.433257e-03
1.247112341622899e-05	9.433049e-03
1.249065466622899e-05	9.432843e-03
1.251018591622899e-05	9.432639e-03
1.252971716622899e-05	9.432439e-03
1.254924841622898e-05	9.432240e-03
1.256877966622898e-05	9.432046e-03
1.258831091622898e-05	9.431853e-03
1.260784216622898e-05	9.431663e-03
1.262737341622898e-05	9.431476e-03
1.264690466622898e-05	9.431290e-03
1.266643591622898e-05	9.431108e-03
1.268596716622898e-05	9.430928e-03
1.270549841622898e-05	9.430750e-03
1.272502966622898e-05	9.430575e-03
1.274456091622898e-05	9.430402e-03
1.276409216622898e-05	9.430232e-03
1.278362341622898e-05	9.430063e-03
1.280315466622897e-05	9.429896e-03
1.282268591622897e-05	9.429732e-03
1.284221716622897e-05	9.429569e-03
1.286174841622897e-05	9.429410e-03
1.288127966622897e-05	9.429252e-03
1.290081091622897e-05	9.429096e-03
1.292034216622897e-05	9.428942e-03
1.293987341622897e-05	9.428790e-03
1.295940466622897e-05	9.428640e-03
1.297893591622897e-05	9.428492e-03
1.299846716622897e-05	9.428346e-03
1.301799841622897e-05	9.428200e-03
1.303752966622896e-05	9.428058e-03
1.305706091622896e-05	9.427917e-03
1.307659216622896e-05	9.427777e-03
1.309612341622896e-05	9.427641e-03
1.311565466622896e-05	9.427505e-03
1.313518591622896e-05	9.427371e-03
1.315471716622896e-05	9.427238e-03
1.317424841622896e-05	9.427108e-03
1.319377966622896e-05	9.426978e-03
1.321331091622896e-05	9.426851e-03
1.323284216622896e-05	9.426724e-03
1.325237341622896e-05	9.426600e-03
1.327190466622896e-05	9.426477e-03
1.329143591622895e-05	9.426355e-03
1.331096716622895e-05	9.426235e-03
1.333049841622895e-05	9.426117e-03
1.335002966622895e-05	9.426000e-03
1.336956091622895e-05	9.425884e-03
1.338909216622895e-05	9.425770e-03
1.340862341622895e-05	9.425657e-03
1.342815466622895e-05	9.425545e-03
1.344768591622895e-05	9.425434e-03
1.346721716622895e-05	9.425325e-03
1.348674841622895e-05	9.425218e-03
1.350627966622895e-05	9.425111e-03
1.352581091622894e-05	9.425006e-03
1.354534216622894e-05	9.424902e-03
1.356487341622894e-05	9.424799e-03
1.358440466622894e-05	9.424698e-03
1.360393591622894e-05	9.424598e-03
1.362346716622894e-05	9.424498e-03
1.364299841622894e-05	9.424401e-03
1.366252966622894e-05	9.424304e-03
1.368206091622894e-05	9.424208e-03
1.370159216622894e-05	9.424113e-03
1.372112341622894e-05	9.424020e-03
1.374065466622894e-05	9.423927e-03
1.376018591622894e-05	9.423836e-03
1.377971716622893e-05	9.423746e-03
1.379924841622893e-05	9.423656e-03
1.381877966622893e-05	9.423568e-03
1.383831091622893e-05	9.423480e-03
1.385784216622893e-05	9.423394e-03
1.387737341622893e-05	9.423309e-03
1.389690466622893e-05	9.423224e-03
1.391643591622893e-05	9.423141e-03
1.393596716622893e-05	9.423058e-03
1.395549841622893e-05	9.422977e-03
1.397502966622893e-05	9.422896e-03
1.399456091622893e-05	9.422817e-03
1.401409216622893e-05	9.422738e-03
1.403362341622892e-05	9.422661e-03
1.405315466622892e-05	9.422584e-03
1.407268591622892e-05	9.422507e-03
1.409221716622892e-05	9.422432e-03
1.411174841622892e-05	9.422357e-03
1.413127966622892e-05	9.422284e-03
1.415081091622892e-05	9.422211e-03
1.417034216622892e-05	9.422139e-03
1.418987341622892e-05	9.422068e-03
1.420940466622892e-05	9.421998e-03
1.422893591622892e-05	9.421928e-03
1.424846716622892e-05	9.421859e-03
1.426799841622891e-05	9.421791e-03
1.428752966622891e-05	9.421724e-03
1.430706091622891e-05	9.421658e-03
1.432659216622891e-05	9.421592e-03
1.434612341622891e-05	9.421526e-03
1.436565466622891e-05	9.421462e-03
1.438518591622891e-05	9.421399e-03
1.440471716622891e-05	9.421336e-03
1.442424841622891e-05	9.421273e-03
1.444377966622891e-05	9.421212e-03
1.446331091622891e-05	9.421150e-03
1.448284216622891e-05	9.421091e-03
1.450237341622891e-05	9.421031e-03
1.452190466622890e-05	9.420971e-03
1.454143591622890e-05	9.420914e-03
1.456096716622890e-05	9.420856e-03
1.458049841622890e-05	9.420799e-03
1.460002966622890e-05	9.420742e-03
1.461956091622890e-05	9.420686e-03
1.463909216622890e-05	9.420631e-03
1.465862341622890e-05	9.420577e-03
1.467815466622890e-05	9.420522e-03
1.469768591622890e-05	9.420469e-03
1.471721716622890e-05	9.420416e-03
1.473674841622890e-05	9.420364e-03
1.475627966622889e-05	9.420312e-03
1.477581091622889e-05	9.420261e-03
1.479534216622889e-05	9.420210e-03
1.481487341622889e-05	9.420160e-03
1.483440466622889e-05	9.420111e-03
1.485393591622889e-05	9.420061e-03
1.487346716622889e-05	9.420013e-03
1.489299841622889e-05	9.419966e-03
1.491252966622889e-05	9.419918e-03
1.493206091622889e-05	9.419871e-03
1.495159216622889e-05	9.419825e-03
1.497112341622889e-05	9.419778e-03
1.499065466622889e-05	9.419733e-03
1.500100000000000e-05	9.419709e-03
1.500200000000000e-05	-1.057449e-02
1.501800000000001e-05	-1.048669e-02
1.503753125000001e-05	-1.057814e-02
1.505706250000001e-05	-1.057694e-02
1.507659375000001e-05	-1.057578e-02
1.509612500000001e-05	-1.057459e-02
1.511565625000001e-05	-1.057338e-02
1.513518750000000e-05	-1.057215e-02
1.515471875000000e-05	-1.057090e-02
1.517425000000000e-05	-1.056964e-02
1.519378125000000e-05	-1.056835e-02
1.521331250000000e-05	-1.056705e-02
1.523284375000000e-05	-1.056573e-02
1.525237500000000e-05	-1.056438e-02
1.527190625000000e-05	-1.056302e-02
1.529143750000000e-05	-1.056163e-02
1.531096875000000e-05	-1.056021e-02
1.533050000000000e-05	-1.055878e-02
1.535003125000000e-05	-1.055731e-02
1.536956250000000e-05	-1.055582e-02
1.538909375000000e-05	-1.055430e-02
1.540862500000000e-05	-1.055274e-02
1.542815624999999e-05	-1.055116e-02
1.544768749999999e-05	-1.054954e-02
1.546721874999999e-05	-1.054788e-02
1.548674999999999e-05	-1.054619e-02
1.550628124999999e-05	-1.054446e-02
1.552581249999999e-05	-1.054268e-02
1.554534374999999e-05	-1.054086e-02
1.556487499999999e-05	-1.053899e-02
1.558440624999999e-05	-1.053707e-02
1.560393749999999e-05	-1.053509e-02
1.562346874999999e-05	-1.053306e-02
1.564299999999999e-05	-1.053096e-02
1.566253124999998e-05	-1.052879e-02
1.568206249999998e-05	-1.052655e-02
1.570159374999998e-05	-1.052422e-02
1.572112499999998e-05	-1.052181e-02
1.574065624999998e-05	-1.051930e-02
1.576018749999998e-05	-1.051668e-02
1.577971874999998e-05	-1.051395e-02
1.579924999999998e-05	-1.051109e-02
1.581878124999998e-05	-1.050807e-02
1.583831249999998e-05	-1.050489e-02
1.585784374999998e-05	-1.050152e-02
1.587737499999998e-05	-1.049793e-02
1.589690624999998e-05	-1.049408e-02
1.591643749999997e-05	-1.048993e-02
1.593596874999997e-05	-1.048541e-02
1.595549999999997e-05	-1.048043e-02
1.597503124999997e-05	-1.047489e-02
1.599456249999997e-05	-1.046862e-02
1.601409374999997e-05	-1.046136e-02
1.603362499999997e-05	-1.045274e-02
1.605315624999997e-05	-1.044213e-02
1.607268749999997e-05	-1.042844e-02
1.609221874999997e-05	-1.040963e-02
1.611174999999997e-05	-1.038154e-02
1.613128124999997e-05	-1.033451e-02
1.615081249999996e-05	-1.024270e-02
1.617034374999996e-05	-1.037576e-02
1.618987499999996e-05	-1.029470e-02
1.620940624999996e-05	-8.373967e-03
1.622036569864131e-05	-3.054557e-03
1.623081499049707e-05	-9.185337e-04
1.623876680881389e-05	-3.663620e-04
1.624884655163737e-05	-1.058478e-04
1.626144753767379e-05	-1.924295e-05
1.628097878767379e-05	5.835698e-07
1.630051003767379e-05	-1.513741e-07
1.632004128767379e-05	-1.240253e-07
1.633957253767379e-05	-1.250505e-07
1.635910378767379e-05	-1.250085e-07
1.637863503767378e-05	-1.250101e-07
1.639816628767378e-05	-1.250100e-07
1.641769753767378e-05	-1.250100e-07
1.643722878767378e-05	-1.250100e-07
1.645676003767378e-05	-1.250100e-07
1.647629128767378e-05	-1.250100e-07
1.649582253767378e-05	-1.250100e-07
1.651535378767378e-05	-1.250100e-07
1.653488503767378e-05	-1.250100e-07
1.655441628767378e-05	-1.250100e-07
1.657394753767378e-05	-1.250100e-07
1.659347878767378e-05	-1.250100e-07
1.661301003767377e-05	-1.250100e-07
1.663254128767377e-05	-1.250100e-07
1.665207253767377e-05	-1.250100e-07
1.667160378767377e-05	-1.250100e-07
1.669113503767377e-05	-1.250100e-07
1.671066628767377e-05	-1.250100e-07
1.673019753767377e-05	-1.250100e-07
1.674972878767377e-05	-1.250100e-07
1.676926003767377e-05	-1.250100e-07
1.678879128767377e-05	-1.250100e-07
1.680832253767377e-05	-1.250100e-07
1.682785378767377e-05	-1.250100e-07
1.684738503767377e-05	-1.250100e-07
1.686691628767376e-05	-1.250100e-07
1.688644753767376e-05	-1.250100e-07
1.690597878767376e-05	-1.250100e-07
1.692551003767376e-05	-1.250100e-07
1.694504128767376e-05	-1.250100e-07
1.696457253767376e-05	-1.250100e-07
1.698410378767376e-05	-1.250100e-07
1.700363503767376e-05	-1.250100e-07
1.702316628767376e-05	-1.250100e-07
1.704269753767376e-05	-1.250100e-07
1.706222878767376e-05	-1.250100e-07
1.708176003767376e-05	-1.250100e-07
1.710129128767375e-05	-1.250100e-07
1.712082253767375e-05	-1.250100e-07
1.714035378767375e-05	-1.250100e-07
1.715988503767375e-05	-1.250100e-07
1.717941628767375e-05	-1.250100e-07
1.719894753767375e-05	-1.250100e-07
1.721847878767375e-05	-1.250100e-07
1.723801003767375e-05	-1.250100e-07
1.725754128767375e-05	-1.250100e-07
1.727707253767375e-05	-1.250100e-07
1.729660378767375e-05	-1.250100e-07
1.731613503767375e-05	-1.250100e-07
1.733566628767375e-05	-1.250100e-07
1.735519753767374e-05	-1.250100e-07
1.737472878767374e-05	-1.250100e-07
1.739426003767374e-05	-1.250100e-07
1.741379128767374e-05	-1.250100e-07
1.743332253767374e-05	-1.250100e-07
1.745285378767374e-05	-1.250100e-07
1.747238503767374e-05	-1.250100e-07
1.749191628767374e-05	-1.250100e-07
1.751144753767374e-05	-1.250100e-07
1.753097878767374e-05	-1.250100e-07
1.755051003767374e-05	-1.250100e-07
1.757004128767374e-05	-1.250100e-07
1.758957253767374e-05	-1.250100e-07
1.760910378767373e-05	-1.250100e-07
1.762863503767373e-05	-1.250100e-07
1.764816628767373e-05	-1.250100e-07
1.766769753767373e-05	-1.250100e-07
1.768722878767373e-05	-1.250100e-07
1.770676003767373e-05	-1.250100e-07
1.772629128767373e-05	-1.250100e-07
1.774582253767373e-05	-1.250100e-07
1.776535378767373e-05	-1.250100e-07
1.778488503767373e-05	-1.250100e-07
1.780441628767373e-05	-1.250100e-07
1.782394753767373e-05	-1.250100e-07
1.784347878767372e-05	-1.250100e-07
1.786301003767372e-05	-1.250100e-07
1.788254128767372e-05	-1.250100e-07
1.790207253767372e-05	-1.250100e-07
1.792160378767372e-05	-1.250100e-07
1.794113503767372e-05	-1.250100e-07
1.796066628767372e-05	-1.250100e-07
1.798019753767372e-05	-1.250100e-07
1.799972878767372e-05	-1.250100e-07
1.801926003767372e-05	-1.250100e-07
1.803879128767372e-05	-1.250100e-07
1.805832253767372e-05	-1.250100e-07
1.807785378767372e-05	-1.250100e-07
1.809738503767371e-05	-1.250100e-07
1.811691628767371e-05	-1.250100e-07
1.813644753767371e-05	-1.250100e-07
1.815597878767371e-05	-1.250100e-07
1.817551003767371e-05	-1.250100e-07
1.819504128767371e-05	-1.250100e-07
1.821457253767371e-05	-1.250100e-07
1.823410378767371e-05	-1.250100e-07
1.825363503767371e-05	-1.250100e-07
1.827316628767371e-05	-1.250100e-07
1.829269753767371e-05	-1.250100e-07
1.831222878767371e-05	-1.250100e-07
1.833176003767370e-05	-1.250100e-07
1.835129128767370e-05	-1.250100e-07
1.837082253767370e-05	-1.250100e-07
1.839035378767370e-05	-1.250100e-07
1.840988503767370e-05	-1.250100e-07
1.842941628767370e-05	-1.250100e-07
1.844894753767370e-05	-1.250100e-07
1.846847878767370e-05	-1.250100e-07
1.848801003767370e-05	-1.250100e-07
1.850754128767370e-05	-1.250100e-07
1.852707253767370e-05	-1.250100e-07
1.854660378767370e-05	-1.250100e-07
1.856613503767370e-05	-1.250100e-07
1.858566628767369e-05	-1.250100e-07
1.860519753767369e-05	-1.250100e-07
1.862472878767369e-05	-1.250100e-07
1.864426003767369e-05	-1.250100e-07
1.866379128767369e-05	-1.250100e-07
1.868332253767369e-05	-1.250100e-07
1.870285378767369e-05	-1.250100e-07
1.872238503767369e-05	-1.250100e-07
1.874191628767369e-05	-1.250100e-07
1.876144753767369e-05	-1.250100e-07
1.878097878767369e-05	-1.250100e-07
1.880051003767369e-05	-1.250100e-07
1.882004128767368e-05	-1.250100e-07
1.883957253767368e-05	-1.250100e-07
1.885910378767368e-05	-1.250100e-07
1.887863503767368e-05	-1.250100e-07
1.889816628767368e-05	-1.250100e-07
1.891769753767368e-05	-1.250100e-07
1.893722878767368e-05	-1.250100e-07
1.895676003767368e-05	-1.250100e-07
1.897629128767368e-05	-1.250100e-07
1.899582253767368e-05	-1.250100e-07
1.901535378767368e-05	-1.250100e-07
1.903488503767368e-05	-1.250100e-07
1.905441628767368e-05	-1.250100e-07
1.907394753767367e-05	-1.250100e-07
1.909347878767367e-05	-1.250100e-07
1.911301003767367e-05	-1.250100e-07
1.913254128767367e-05	-1.250100e-07
1.915207253767367e-05	-1.250100e-07
1.917160378767367e-05	-1.250100e-07
1.919113503767367e-05	-1.250100e-07
1.921066628767367e-05	-1.250100e-07
1.923019753767367e-05	-1.250100e-07
1.924972878767367e-05	-1.250100e-07
1.926926003767367e-05	-1.250100e-07
1.928879128767367e-05	-1.250100e-07
1.930832253767366e-05	-1.250100e-07
1.932785378767366e-05	-1.250100e-07
1.934738503767366e-05	-1.250100e-07
1.936691628767366e-05	-1.250100e-07
1.938644753767366e-05	-1.250100e-07
1.940597878767366e-05	-1.250100e-07
1.942551003767366e-05	-1.250100e-07
1.944504128767366e-05	-1.250100e-07
1.946457253767366e-05	-1.250100e-07
1.948410378767366e-05	-1.250100e-07
1.950363503767366e-05	-1.250100e-07
1.952316628767366e-05	-1.250100e-07
1.954269753767366e-05	-1.250100e-07
1.956222878767365e-05	-1.250100e-07
1.958176003767365e-05	-1.250100e-07
1.960129128767365e-05	-1.250100e-07
1.962082253767365e-05	-1.250100e-07
1.964035378767365e-05	-1.250100e-07
1.965988503767365e-05	-1.250100e-07
1.967941628767365e-05	-1.250100e-07
1.969894753767365e-05	-1.250100e-07
1.971847878767365e-05	-1.250100e-07
1.973801003767365e-05	-1.250100e-07
1.975754128767365e-05	-1.250100e-07
1.977707253767365e-05	-1.250100e-07
1.979660378767365e-05	-1.250100e-07
1.981613503767364e-05	-1.250100e-07
1.983566628767364e-05	-1.250100e-07
1.985519753767364e-05	-1.250100e-07
1.987472878767364e-05	-1.250100e-07
1.989426003767364e-05	-1.250100e-07
1.991379128767364e-05	-1.250100e-07
1.993332253767364e-05	-1.250100e-07
1.995285378767364e-05	-1.250100e-07
1.997238503767364e-05	-1.250100e-07
1.999191628767364e-05	-1.250100e-07
2.000000000000000e-05	-1.250100e-07
