time	I(D1)
Step Information: F=10  (Step: 1/10)
0.000000000000000e+00	-2.530001e-09
9.999999717180685e-10	1.293023e-02
1.124999968182827e-09	1.228535e-02
1.374999961112344e-09	1.118493e-02
1.437499959344724e-09	1.095560e-02
1.562499955809482e-09	1.053577e-02
1.812499948738999e-09	9.855427e-03
2.312499934598033e-09	9.494772e-03
2.889109056208461e-09	9.450934e-03
4.042327299429316e-09	9.414765e-03
6.348763785871025e-09	9.382982e-03
1.096163675875444e-08	9.355188e-03
2.018738270452128e-08	9.332300e-03
2.980394568882499e-08	9.321959e-03
4.407103413148738e-08	9.314883e-03
5.897072366365043e-08	9.311634e-03
7.965026536212383e-08	9.309798e-03
1.057472085404309e-07	9.309379e-03
1.448723014492346e-07	9.309384e-03
1.888535081876217e-07	9.309438e-03
2.768159216643960e-07	9.309441e-03
4.527407486179444e-07	9.309440e-03
8.045904025250414e-07	9.309441e-03
1.508289710339235e-06	9.309440e-03
2.915688325967623e-06	9.309441e-03
5.730485557224398e-06	9.309440e-03
1.136008001973795e-05	9.309441e-03
2.261926894476505e-05	9.309440e-03
4.513764679481925e-05	9.309441e-03
9.017440249492765e-05	9.309440e-03
1.802479138951445e-04	9.309441e-03
3.603949366955781e-04	9.309440e-03
5.557074366955780e-04	9.309441e-03
7.510199366955780e-04	9.309440e-03
9.463324366955780e-04	9.309441e-03
1.141644936695578e-03	9.309440e-03
1.336957436695578e-03	9.309441e-03
1.532269936695578e-03	9.309440e-03
1.727582436695578e-03	9.309441e-03
1.922894936695578e-03	9.309440e-03
2.118207436695578e-03	9.309441e-03
2.313519936695578e-03	9.309440e-03
2.508832436695578e-03	9.309441e-03
2.704144936695578e-03	9.309440e-03
2.899457436695578e-03	9.309441e-03
3.094769936695579e-03	9.309440e-03
3.290082436695579e-03	9.309441e-03
3.485394936695579e-03	9.309440e-03
3.680707436695579e-03	9.309441e-03
3.876019936695579e-03	9.309440e-03
4.071332436695579e-03	9.309441e-03
4.266644936695580e-03	9.309440e-03
4.461957436695580e-03	9.309441e-03
4.657269936695580e-03	9.309440e-03
4.852582436695580e-03	9.309441e-03
5.047894936695580e-03	9.309440e-03
5.243207436695580e-03	9.309441e-03
5.438519936695581e-03	9.309440e-03
5.633832436695581e-03	9.309441e-03
5.829144936695581e-03	9.309440e-03
6.024457436695581e-03	9.309441e-03
6.219769936695581e-03	9.309440e-03
6.415082436695582e-03	9.309441e-03
6.610394936695582e-03	9.309440e-03
6.805707436695582e-03	9.309441e-03
7.001019936695582e-03	9.309440e-03
7.196332436695582e-03	9.309441e-03
7.391644936695582e-03	9.309440e-03
7.586957436695583e-03	9.309441e-03
7.782269936695583e-03	9.309440e-03
7.977582436695583e-03	9.309441e-03
8.172894936695582e-03	9.309440e-03
8.368207436695582e-03	9.309441e-03
8.563519936695581e-03	9.309440e-03
8.758832436695580e-03	9.309441e-03
8.954144936695579e-03	9.309440e-03
9.149457436695579e-03	9.309441e-03
9.344769936695578e-03	9.309440e-03
9.540082436695577e-03	9.309441e-03
9.735394936695577e-03	9.309440e-03
9.930707436695576e-03	9.309441e-03
1.012601993669558e-02	9.309440e-03
1.032133243669557e-02	9.309441e-03
1.051664493669557e-02	9.309440e-03
1.071195743669557e-02	9.309441e-03
1.090726993669557e-02	9.309440e-03
1.110258243669557e-02	9.309441e-03
1.129789493669557e-02	9.309440e-03
1.149320743669557e-02	9.309441e-03
1.168851993669557e-02	9.309440e-03
1.188383243669557e-02	9.309441e-03
1.207914493669557e-02	9.309440e-03
1.227445743669557e-02	9.309441e-03
1.246976993669557e-02	9.309440e-03
1.266508243669557e-02	9.309441e-03
1.286039493669557e-02	9.309440e-03
1.305570743669556e-02	9.309441e-03
1.325101993669556e-02	9.309440e-03
1.344633243669556e-02	9.309441e-03
1.364164493669556e-02	9.309440e-03
1.383695743669556e-02	9.309441e-03
1.403226993669556e-02	9.309440e-03
1.422758243669556e-02	9.309441e-03
1.442289493669556e-02	9.309440e-03
1.461820743669556e-02	9.309441e-03
1.481351993669556e-02	9.309440e-03
1.500883243669556e-02	9.309441e-03
1.520414493669556e-02	9.309440e-03
1.539945743669556e-02	9.309441e-03
1.559476993669556e-02	9.309440e-03
1.579008243669556e-02	9.309441e-03
1.598539493669555e-02	9.309440e-03
1.618070743669555e-02	9.309441e-03
1.637601993669555e-02	9.309440e-03
1.657133243669555e-02	9.309441e-03
1.676664493669555e-02	9.309440e-03
1.696195743669555e-02	9.309441e-03
1.715726993669555e-02	9.309440e-03
1.735258243669555e-02	9.309440e-03
1.754789493669555e-02	9.309440e-03
1.774320743669555e-02	9.309440e-03
1.793851993669555e-02	9.309440e-03
1.813383243669555e-02	9.309440e-03
1.832914493669555e-02	9.309440e-03
1.852445743669555e-02	9.309440e-03
1.871976993669554e-02	9.309440e-03
1.891508243669554e-02	9.309440e-03
1.911039493669554e-02	9.309440e-03
1.930570743669554e-02	9.309440e-03
1.950101993669554e-02	9.309440e-03
1.969633243669554e-02	9.309440e-03
1.989164493669554e-02	9.309440e-03
2.008695743669554e-02	9.309440e-03
2.028226993669554e-02	9.309440e-03
2.047758243669554e-02	9.309440e-03
2.067289493669554e-02	9.309440e-03
2.086820743669554e-02	9.309440e-03
2.106351993669554e-02	9.309440e-03
2.125883243669554e-02	9.309440e-03
2.145414493669554e-02	9.309440e-03
2.164945743669553e-02	9.309440e-03
2.184476993669553e-02	9.309440e-03
2.204008243669553e-02	9.309440e-03
2.223539493669553e-02	9.309440e-03
2.243070743669553e-02	9.309440e-03
2.262601993669553e-02	9.309440e-03
2.282133243669553e-02	9.309440e-03
2.301664493669553e-02	9.309440e-03
2.321195743669553e-02	9.309440e-03
2.340726993669553e-02	9.309440e-03
2.360258243669553e-02	9.309440e-03
2.379789493669553e-02	9.309440e-03
2.399320743669553e-02	9.309440e-03
2.418851993669553e-02	9.309440e-03
2.438383243669552e-02	9.309440e-03
2.457914493669552e-02	9.309440e-03
2.477445743669552e-02	9.309440e-03
2.496976993669552e-02	9.309440e-03
2.516508243669552e-02	9.309440e-03
2.536039493669552e-02	9.309440e-03
2.555570743669552e-02	9.309440e-03
2.575101993669552e-02	9.309440e-03
2.594633243669552e-02	9.309440e-03
2.614164493669552e-02	9.309440e-03
2.633695743669552e-02	9.309440e-03
2.653226993669552e-02	9.309440e-03
2.672758243669552e-02	9.309440e-03
2.692289493669552e-02	9.309440e-03
2.711820743669551e-02	9.309440e-03
2.731351993669551e-02	9.309440e-03
2.750883243669551e-02	9.309440e-03
2.770414493669551e-02	9.309440e-03
2.789945743669551e-02	9.309440e-03
2.809476993669551e-02	9.309440e-03
2.829008243669551e-02	9.309440e-03
2.848539493669551e-02	9.309440e-03
2.868070743669551e-02	9.309440e-03
2.887601993669551e-02	9.309440e-03
2.907133243669551e-02	9.309440e-03
2.926664493669551e-02	9.309440e-03
2.946195743669551e-02	9.309440e-03
2.965726993669551e-02	9.309440e-03
2.985258243669551e-02	9.309440e-03
3.004789493669550e-02	9.309440e-03
3.024320743669550e-02	9.309440e-03
3.043851993669550e-02	9.309440e-03
3.063383243669550e-02	9.309440e-03
3.082914493669550e-02	9.309440e-03
3.102445743669550e-02	9.309440e-03
3.121976993669550e-02	9.309440e-03
3.141508243669550e-02	9.309440e-03
3.161039493669551e-02	9.309440e-03
3.180570743669551e-02	9.309440e-03
3.200101993669551e-02	9.309440e-03
3.219633243669551e-02	9.309440e-03
3.239164493669552e-02	9.309440e-03
3.258695743669552e-02	9.309440e-03
3.278226993669552e-02	9.309440e-03
3.297758243669553e-02	9.309440e-03
3.317289493669553e-02	9.309440e-03
3.336820743669553e-02	9.309440e-03
3.356351993669553e-02	9.309440e-03
3.375883243669554e-02	9.309440e-03
3.395414493669554e-02	9.309440e-03
3.414945743669554e-02	9.309440e-03
3.434476993669554e-02	9.309440e-03
3.454008243669555e-02	9.309440e-03
3.473539493669555e-02	9.309440e-03
3.493070743669555e-02	9.309440e-03
3.512601993669556e-02	9.309440e-03
3.532133243669556e-02	9.309440e-03
3.551664493669556e-02	9.309440e-03
3.571195743669556e-02	9.309440e-03
3.590726993669557e-02	9.309440e-03
3.610258243669557e-02	9.309440e-03
3.629789493669557e-02	9.309440e-03
3.649320743669558e-02	9.309440e-03
3.668851993669558e-02	9.309440e-03
3.688383243669558e-02	9.309440e-03
3.707914493669558e-02	9.309440e-03
3.727445743669559e-02	9.309440e-03
3.746976993669559e-02	9.309440e-03
3.766508243669559e-02	9.309440e-03
3.786039493669559e-02	9.309440e-03
3.805570743669560e-02	9.309440e-03
3.825101993669560e-02	9.309440e-03
3.844633243669560e-02	9.309440e-03
3.864164493669561e-02	9.309440e-03
3.883695743669561e-02	9.309440e-03
3.903226993669561e-02	9.309440e-03
3.922758243669561e-02	9.309440e-03
3.942289493669562e-02	9.309440e-03
3.961820743669562e-02	9.309440e-03
3.981351993669562e-02	9.309440e-03
4.000883243669563e-02	9.309440e-03
4.020414493669563e-02	9.309440e-03
4.039945743669563e-02	9.309440e-03
4.059476993669563e-02	9.309440e-03
4.079008243669564e-02	9.309440e-03
4.098539493669564e-02	9.309440e-03
4.118070743669564e-02	9.309440e-03
4.137601993669564e-02	9.309440e-03
4.157133243669565e-02	9.309440e-03
4.176664493669565e-02	9.309440e-03
4.196195743669565e-02	9.309440e-03
4.215726993669566e-02	9.309440e-03
4.235258243669566e-02	9.309440e-03
4.254789493669566e-02	9.309440e-03
4.274320743669566e-02	9.309440e-03
4.293851993669567e-02	9.309440e-03
4.313383243669567e-02	9.309440e-03
4.332914493669567e-02	9.309440e-03
4.352445743669568e-02	9.309440e-03
4.371976993669568e-02	9.309440e-03
4.391508243669568e-02	9.309440e-03
4.411039493669568e-02	9.309440e-03
4.430570743669569e-02	9.309440e-03
4.450101993669569e-02	9.309440e-03
4.469633243669569e-02	9.309440e-03
4.489164493669569e-02	9.309440e-03
4.508695743669570e-02	9.309440e-03
4.528226993669570e-02	9.309440e-03
4.547758243669570e-02	9.309440e-03
4.567289493669571e-02	9.309440e-03
4.586820743669571e-02	9.309440e-03
4.606351993669571e-02	9.309440e-03
4.625883243669571e-02	9.309440e-03
4.645414493669572e-02	9.309440e-03
4.664945743669572e-02	9.309440e-03
4.684476993669572e-02	9.309440e-03
4.704008243669573e-02	9.309440e-03
4.723539493669573e-02	9.309440e-03
4.743070743669573e-02	9.309440e-03
4.762601993669573e-02	9.309440e-03
4.782133243669574e-02	9.309440e-03
4.801664493669574e-02	9.309440e-03
4.821195743669574e-02	9.309440e-03
4.840726993669574e-02	9.309440e-03
4.860258243669575e-02	9.309440e-03
4.879789493669575e-02	9.309440e-03
4.899320743669575e-02	9.309440e-03
4.918851993669576e-02	9.309440e-03
4.938383243669576e-02	9.309440e-03
4.957914493669576e-02	9.309440e-03
4.977445743669576e-02	9.309440e-03
4.996976993669577e-02	9.309440e-03
5.000000100000000e-02	9.309440e-03
5.000000200000000e-02	-1.067684e-02
5.000001799999999e-02	-5.088042e-03
5.000002010582031e-02	-1.291498e-03
5.000002267802067e-02	-1.311532e-04
5.000002416709224e-02	-4.569072e-05
5.000002654201566e-02	-5.837700e-06
5.000002973029091e-02	1.098548e-07
5.000003610684141e-02	-4.190853e-08
5.000004885994241e-02	2.157777e-08
5.000007436614440e-02	-2.146228e-08
5.000012537854840e-02	1.425449e-08
5.000022740335639e-02	-1.833469e-08
5.000043145297238e-02	1.280654e-08
5.000083955220435e-02	-1.763770e-08
5.000165575066829e-02	1.246458e-08
5.000328814759618e-02	-1.746833e-08
5.000655294145195e-02	1.238028e-08
5.001308252916350e-02	-1.742628e-08
5.002614170458659e-02	1.235928e-08
5.005226005543277e-02	-1.741579e-08
5.010449675712514e-02	1.235404e-08
5.020897016050987e-02	-1.741317e-08
5.040428266050987e-02	1.235270e-08
5.059959516050987e-02	-1.741223e-08
5.079490766050988e-02	1.235176e-08
5.099022016050988e-02	-1.741129e-08
5.118553266050988e-02	1.235083e-08
5.138084516050988e-02	-1.741036e-08
5.157615766050989e-02	1.234990e-08
5.177147016050989e-02	-1.740942e-08
5.196678266050989e-02	1.234896e-08
5.216209516050990e-02	-1.740849e-08
5.235740766050990e-02	1.234803e-08
5.255272016050990e-02	-1.740756e-08
5.274803266050990e-02	1.234709e-08
5.294334516050991e-02	-1.740662e-08
5.313865766050991e-02	1.234616e-08
5.333397016050991e-02	-1.740569e-08
5.352928266050992e-02	1.234522e-08
5.372459516050992e-02	-1.740475e-08
5.391990766050992e-02	1.234429e-08
5.411522016050992e-02	-1.740382e-08
5.431053266050993e-02	1.234335e-08
5.450584516050993e-02	-1.740288e-08
5.470115766050993e-02	1.234242e-08
5.489647016050993e-02	-1.740195e-08
5.509178266050994e-02	1.234149e-08
5.528709516050994e-02	-1.740101e-08
5.548240766050994e-02	1.234055e-08
5.567772016050995e-02	-1.740008e-08
5.587303266050995e-02	1.233962e-08
5.606834516050995e-02	-1.739915e-08
5.626365766050995e-02	1.233868e-08
5.645897016050996e-02	-1.739821e-08
5.665428266050996e-02	1.233775e-08
5.684959516050996e-02	-1.739728e-08
5.704490766050997e-02	1.233681e-08
5.724022016050997e-02	-1.739634e-08
5.743553266050997e-02	1.233588e-08
5.763084516050997e-02	-1.739541e-08
5.782615766050998e-02	1.233495e-08
5.802147016050998e-02	-1.739447e-08
5.821678266050998e-02	1.233401e-08
5.841209516050998e-02	-1.739354e-08
5.860740766050999e-02	1.233308e-08
5.880272016050999e-02	-1.739260e-08
5.899803266050999e-02	1.233215e-08
5.919334516051000e-02	-1.739168e-08
5.938865766051000e-02	1.233121e-08
5.958397016051000e-02	-1.739074e-08
5.977928266051000e-02	1.233028e-08
5.997459516051001e-02	-1.738981e-08
6.016990766051001e-02	1.232934e-08
6.036522016051001e-02	-1.738887e-08
6.056053266051001e-02	1.232841e-08
6.075584516051002e-02	-1.738794e-08
6.095115766051002e-02	1.232748e-08
6.114647016051002e-02	-1.738701e-08
6.134178266051003e-02	1.232654e-08
6.153709516051003e-02	-1.738607e-08
6.173240766051003e-02	1.232561e-08
6.192772016051003e-02	-1.738514e-08
6.212303266051004e-02	1.232468e-08
6.231834516051004e-02	-1.738421e-08
6.251365766051004e-02	1.232374e-08
6.270897016051004e-02	-1.738327e-08
6.290428266051004e-02	1.232281e-08
6.309959516051004e-02	-1.738234e-08
6.329490766051005e-02	1.232188e-08
6.349022016051005e-02	-1.738141e-08
6.368553266051005e-02	1.232095e-08
6.388084516051006e-02	-1.738047e-08
6.407615766051006e-02	1.232001e-08
6.427147016051006e-02	-1.737954e-08
6.446678266051006e-02	1.231908e-08
6.466209516051007e-02	-1.737861e-08
6.485740766051007e-02	1.231814e-08
6.505272016051007e-02	-1.737767e-08
6.524803266051007e-02	1.231721e-08
6.544334516051008e-02	-1.737674e-08
6.563865766051008e-02	1.231628e-08
6.583397016051008e-02	-1.737581e-08
6.602928266051009e-02	1.231535e-08
6.622459516051009e-02	-1.737488e-08
6.641990766051009e-02	1.231442e-08
6.661522016051009e-02	-1.737394e-08
6.681053266051010e-02	1.231348e-08
6.700584516051010e-02	-1.737301e-08
6.720115766051010e-02	1.231255e-08
6.739647016051011e-02	-1.737208e-08
6.759178266051011e-02	1.231162e-08
6.778709516051011e-02	-1.737115e-08
6.798240766051011e-02	1.231068e-08
6.817772016051012e-02	-1.737022e-08
6.837303266051012e-02	1.230975e-08
6.856834516051012e-02	-1.736928e-08
6.876365766051012e-02	1.230882e-08
6.895897016051013e-02	-1.736835e-08
6.915428266051013e-02	1.230789e-08
6.934959516051013e-02	-1.736742e-08
6.954490766051014e-02	1.230696e-08
6.974022016051014e-02	-1.736649e-08
6.993553266051014e-02	1.230602e-08
7.013084516051014e-02	-1.736555e-08
7.032615766051015e-02	1.230509e-08
7.052147016051015e-02	-1.736462e-08
7.071678266051015e-02	1.230416e-08
7.091209516051016e-02	-1.736369e-08
7.110740766051016e-02	1.230323e-08
7.130272016051016e-02	-1.736276e-08
7.149803266051016e-02	1.230230e-08
7.169334516051017e-02	-1.736182e-08
7.188865766051017e-02	1.230137e-08
7.208397016051017e-02	-1.736089e-08
7.227928266051017e-02	1.230043e-08
7.247459516051018e-02	-1.735996e-08
7.266990766051018e-02	1.229950e-08
7.286522016051018e-02	-1.735903e-08
7.306053266051019e-02	1.229857e-08
7.325584516051019e-02	-1.735810e-08
7.345115766051019e-02	1.229764e-08
7.364647016051019e-02	-1.735717e-08
7.384178266051020e-02	1.229671e-08
7.403709516051020e-02	-1.735624e-08
7.423240766051020e-02	1.229578e-08
7.442772016051021e-02	-1.735531e-08
7.462303266051021e-02	1.229484e-08
7.481834516051021e-02	-1.735437e-08
7.501365766051021e-02	1.229391e-08
7.520897016051022e-02	-1.735344e-08
7.540428266051022e-02	1.229298e-08
7.559959516051022e-02	-1.735251e-08
7.579490766051022e-02	1.229205e-08
7.599022016051023e-02	-1.735158e-08
7.618553266051023e-02	1.229112e-08
7.638084516051023e-02	-1.735065e-08
7.657615766051024e-02	1.229019e-08
7.677147016051024e-02	-1.734972e-08
7.696678266051024e-02	1.228926e-08
7.716209516051024e-02	-1.734879e-08
7.735740766051025e-02	1.228833e-08
7.755272016051025e-02	-1.734785e-08
7.774803266051025e-02	1.228740e-08
7.794334516051026e-02	-1.734693e-08
7.813865766051026e-02	1.228647e-08
7.833397016051026e-02	-1.734599e-08
7.852928266051026e-02	1.228553e-08
7.872459516051027e-02	-1.734506e-08
7.891990766051027e-02	1.228460e-08
7.911522016051027e-02	-1.734413e-08
7.931053266051027e-02	1.228367e-08
7.950584516051028e-02	-1.734320e-08
7.970115766051028e-02	1.228274e-08
7.989647016051028e-02	-1.734227e-08
8.009178266051029e-02	1.228181e-08
8.028709516051029e-02	-1.734134e-08
8.048240766051029e-02	1.228088e-08
8.067772016051029e-02	-1.734041e-08
8.087303266051030e-02	1.227995e-08
8.106834516051030e-02	-1.733948e-08
8.126365766051030e-02	1.227902e-08
8.145897016051031e-02	-1.733855e-08
8.165428266051031e-02	1.227809e-08
8.184959516051031e-02	-1.733762e-08
8.204490766051031e-02	1.227716e-08
8.224022016051032e-02	-1.733669e-08
8.243553266051032e-02	1.227623e-08
8.263084516051032e-02	-1.733576e-08
8.282615766051032e-02	1.227530e-08
8.302147016051033e-02	-1.733483e-08
8.321678266051033e-02	1.227437e-08
8.341209516051033e-02	-1.733390e-08
8.360740766051034e-02	1.227344e-08
8.380272016051034e-02	-1.733297e-08
8.399803266051034e-02	1.227251e-08
8.419334516051034e-02	-1.733204e-08
8.438865766051035e-02	1.227158e-08
8.458397016051035e-02	-1.733111e-08
8.477928266051035e-02	1.227065e-08
8.497459516051035e-02	-1.733018e-08
8.516990766051036e-02	1.226972e-08
8.536522016051036e-02	-1.732925e-08
8.556053266051036e-02	1.226879e-08
8.575584516051037e-02	-1.732832e-08
8.595115766051037e-02	1.226786e-08
8.614647016051037e-02	-1.732739e-08
8.634178266051037e-02	1.226693e-08
8.653709516051038e-02	-1.732646e-08
8.673240766051038e-02	1.226600e-08
8.692772016051038e-02	-1.732553e-08
8.712303266051039e-02	1.226507e-08
8.731834516051039e-02	-1.732460e-08
8.751365766051039e-02	1.226414e-08
8.770897016051039e-02	-1.732367e-08
8.790428266051040e-02	1.226321e-08
8.809959516051040e-02	-1.732274e-08
8.829490766051040e-02	1.226228e-08
8.849022016051040e-02	-1.732182e-08
8.868553266051041e-02	1.226135e-08
8.888084516051041e-02	-1.732089e-08
8.907615766051041e-02	1.226042e-08
8.927147016051042e-02	-1.731996e-08
8.946678266051042e-02	1.225949e-08
8.966209516051042e-02	-1.731903e-08
8.985740766051042e-02	1.225857e-08
9.005272016051043e-02	-1.731810e-08
9.024803266051043e-02	1.225763e-08
9.044334516051043e-02	-1.731717e-08
9.063865766051044e-02	1.225671e-08
9.083397016051044e-02	-1.731624e-08
9.102928266051044e-02	1.225578e-08
9.122459516051044e-02	-1.731531e-08
9.141990766051045e-02	1.225485e-08
9.161522016051045e-02	-1.731438e-08
9.181053266051045e-02	1.225392e-08
9.200584516051045e-02	-1.731345e-08
9.220115766051046e-02	1.225299e-08
9.239647016051046e-02	-1.731253e-08
9.259178266051046e-02	1.225207e-08
9.278709516051047e-02	-1.731160e-08
9.298240766051047e-02	1.225113e-08
9.317772016051047e-02	-1.731067e-08
9.337303266051047e-02	1.225021e-08
9.356834516051048e-02	-1.730974e-08
9.376365766051048e-02	1.224928e-08
9.395897016051048e-02	-1.730881e-08
9.415428266051049e-02	1.224835e-08
9.434959516051049e-02	-1.730788e-08
9.454490766051049e-02	1.224742e-08
9.474022016051049e-02	-1.730696e-08
9.493553266051050e-02	1.224649e-08
9.513084516051050e-02	-1.730603e-08
9.532615766051050e-02	1.224556e-08
9.552147016051050e-02	-1.730510e-08
9.571678266051051e-02	1.224463e-08
9.591209516051051e-02	-1.730417e-08
9.610740766051051e-02	1.224371e-08
9.630272016051052e-02	-1.730325e-08
9.649803266051052e-02	1.224278e-08
9.669334516051052e-02	-1.730231e-08
9.688865766051052e-02	1.224185e-08
9.708397016051053e-02	-1.730138e-08
9.727928266051053e-02	1.224092e-08
9.747459516051053e-02	-1.730046e-08
9.766990766051054e-02	1.224000e-08
9.786522016051054e-02	-1.729953e-08
9.806053266051054e-02	1.223907e-08
9.825584516051054e-02	-1.729860e-08
9.845115766051055e-02	1.223814e-08
9.864647016051055e-02	-1.729767e-08
9.884178266051055e-02	1.223721e-08
9.903709516051055e-02	-1.729675e-08
9.923240766051056e-02	1.223628e-08
9.942772016051056e-02	-1.729582e-08
9.962303266051056e-02	1.223535e-08
9.981834516051057e-02	-1.729489e-08
1.000000000000000e-01	1.223439e-08
1.000000010000000e-01	1.543010e-02
1.000000010449522e-01	1.507669e-02
1.000000011348567e-01	1.440938e-02
1.000000013146656e-01	1.324281e-02
1.000000016742834e-01	1.145214e-02
1.000000017519599e-01	1.114925e-02
1.000000019073128e-01	1.060526e-02
1.000000022180186e-01	9.767924e-03
1.000000028394302e-01	9.477844e-03
1.000000034483100e-01	9.442186e-03
1.000000046660698e-01	9.409508e-03
1.000000071015893e-01	9.379622e-03
1.000000119726284e-01	9.352772e-03
1.000000194128402e-01	9.334020e-03
1.000000302263333e-01	9.321571e-03
1.000000444012531e-01	9.314739e-03
1.000000605095762e-01	9.311376e-03
1.000000787412385e-01	9.309852e-03
1.000001074474886e-01	9.309386e-03
1.000001436898513e-01	9.309385e-03
1.000001907915749e-01	9.309440e-03
1.000002849950220e-01	9.309440e-03
1.000004734019164e-01	9.309440e-03
1.000008502157051e-01	9.309440e-03
1.000016038432825e-01	9.309440e-03
1.000031110984374e-01	9.309440e-03
1.000061256087471e-01	9.309440e-03
1.000121546293665e-01	9.309440e-03
1.000242126706054e-01	9.309440e-03
1.000483287530830e-01	9.309440e-03
1.000965609180384e-01	9.309440e-03
1.001930252479491e-01	9.309440e-03
1.003859539077705e-01	9.309440e-03
1.005812664077705e-01	9.309440e-03
1.007765789077705e-01	9.309440e-03
1.009718914077705e-01	9.309440e-03
1.011672039077705e-01	9.309440e-03
1.013625164077705e-01	9.309440e-03
1.015578289077705e-01	9.309440e-03
1.017531414077705e-01	9.309440e-03
1.019484539077705e-01	9.309440e-03
1.021437664077705e-01	9.309440e-03
1.023390789077705e-01	9.309440e-03
1.025343914077705e-01	9.309440e-03
1.027297039077705e-01	9.309440e-03
1.029250164077705e-01	9.309440e-03
1.031203289077705e-01	9.309440e-03
1.033156414077705e-01	9.309440e-03
1.035109539077705e-01	9.309440e-03
1.037062664077705e-01	9.309440e-03
1.039015789077705e-01	9.309440e-03
1.040968914077705e-01	9.309440e-03
1.042922039077705e-01	9.309440e-03
1.044875164077705e-01	9.309440e-03
1.046828289077705e-01	9.309440e-03
1.048781414077705e-01	9.309440e-03
1.050734539077705e-01	9.309440e-03
1.052687664077705e-01	9.309440e-03
1.054640789077705e-01	9.309440e-03
1.056593914077705e-01	9.309440e-03
1.058547039077705e-01	9.309440e-03
1.060500164077706e-01	9.309440e-03
1.062453289077706e-01	9.309440e-03
1.064406414077706e-01	9.309440e-03
1.066359539077706e-01	9.309440e-03
1.068312664077706e-01	9.309440e-03
1.070265789077706e-01	9.309440e-03
1.072218914077706e-01	9.309440e-03
1.074172039077706e-01	9.309440e-03
1.076125164077706e-01	9.309440e-03
1.078078289077706e-01	9.309440e-03
1.080031414077706e-01	9.309440e-03
1.081984539077706e-01	9.309440e-03
1.083937664077706e-01	9.309440e-03
1.085890789077706e-01	9.309440e-03
1.087843914077706e-01	9.309440e-03
1.089797039077706e-01	9.309440e-03
1.091750164077706e-01	9.309440e-03
1.093703289077706e-01	9.309440e-03
1.095656414077706e-01	9.309440e-03
1.097609539077706e-01	9.309440e-03
1.099562664077706e-01	9.309440e-03
1.101515789077706e-01	9.309440e-03
1.103468914077706e-01	9.309440e-03
1.105422039077706e-01	9.309440e-03
1.107375164077706e-01	9.309440e-03
1.109328289077706e-01	9.309440e-03
1.111281414077706e-01	9.309440e-03
1.113234539077706e-01	9.309440e-03
1.115187664077706e-01	9.309440e-03
1.117140789077706e-01	9.309440e-03
1.119093914077706e-01	9.309440e-03
1.121047039077706e-01	9.309440e-03
1.123000164077706e-01	9.309440e-03
1.124953289077706e-01	9.309440e-03
1.126906414077706e-01	9.309440e-03
1.128859539077706e-01	9.309440e-03
1.130812664077707e-01	9.309440e-03
1.132765789077707e-01	9.309440e-03
1.134718914077707e-01	9.309440e-03
1.136672039077707e-01	9.309440e-03
1.138625164077707e-01	9.309440e-03
1.140578289077707e-01	9.309440e-03
1.142531414077707e-01	9.309440e-03
1.144484539077707e-01	9.309440e-03
1.146437664077707e-01	9.309440e-03
1.148390789077707e-01	9.309440e-03
1.150343914077707e-01	9.309440e-03
1.152297039077707e-01	9.309440e-03
1.154250164077707e-01	9.309440e-03
1.156203289077707e-01	9.309440e-03
1.158156414077707e-01	9.309440e-03
1.160109539077707e-01	9.309440e-03
1.162062664077707e-01	9.309440e-03
1.164015789077707e-01	9.309440e-03
1.165968914077707e-01	9.309440e-03
1.167922039077707e-01	9.309440e-03
1.169875164077707e-01	9.309440e-03
1.171828289077707e-01	9.309440e-03
1.173781414077707e-01	9.309440e-03
1.175734539077707e-01	9.309440e-03
1.177687664077707e-01	9.309440e-03
1.179640789077707e-01	9.309440e-03
1.181593914077707e-01	9.309440e-03
1.183547039077707e-01	9.309440e-03
1.185500164077707e-01	9.309440e-03
1.187453289077707e-01	9.309440e-03
1.189406414077707e-01	9.309440e-03
1.191359539077707e-01	9.309440e-03
1.193312664077707e-01	9.309440e-03
1.195265789077707e-01	9.309440e-03
1.197218914077707e-01	9.309440e-03
1.199172039077707e-01	9.309440e-03
1.201125164077708e-01	9.309440e-03
1.203078289077708e-01	9.309440e-03
1.205031414077708e-01	9.309440e-03
1.206984539077708e-01	9.309440e-03
1.208937664077708e-01	9.309440e-03
1.210890789077708e-01	9.309440e-03
1.212843914077708e-01	9.309440e-03
1.214797039077708e-01	9.309440e-03
1.216750164077708e-01	9.309440e-03
1.218703289077708e-01	9.309440e-03
1.220656414077708e-01	9.309440e-03
1.222609539077708e-01	9.309440e-03
1.224562664077708e-01	9.309440e-03
1.226515789077708e-01	9.309440e-03
1.228468914077708e-01	9.309440e-03
1.230422039077708e-01	9.309440e-03
1.232375164077708e-01	9.309440e-03
1.234328289077708e-01	9.309440e-03
1.236281414077708e-01	9.309440e-03
1.238234539077708e-01	9.309440e-03
1.240187664077708e-01	9.309440e-03
1.242140789077708e-01	9.309440e-03
1.244093914077708e-01	9.309440e-03
1.246047039077708e-01	9.309440e-03
1.248000164077708e-01	9.309440e-03
1.249953289077708e-01	9.309440e-03
1.251906414077708e-01	9.309440e-03
1.253859539077708e-01	9.309440e-03
1.255812664077708e-01	9.309440e-03
1.257765789077708e-01	9.309440e-03
1.259718914077708e-01	9.309440e-03
1.261672039077708e-01	9.309440e-03
1.263625164077707e-01	9.309440e-03
1.265578289077707e-01	9.309440e-03
1.267531414077707e-01	9.309440e-03
1.269484539077707e-01	9.309440e-03
1.271437664077707e-01	9.309440e-03
1.273390789077707e-01	9.309440e-03
1.275343914077707e-01	9.309440e-03
1.277297039077707e-01	9.309440e-03
1.279250164077707e-01	9.309440e-03
1.281203289077706e-01	9.309440e-03
1.283156414077706e-01	9.309440e-03
1.285109539077706e-01	9.309440e-03
1.287062664077706e-01	9.309440e-03
1.289015789077706e-01	9.309440e-03
1.290968914077706e-01	9.309440e-03
1.292922039077706e-01	9.309440e-03
1.294875164077706e-01	9.309440e-03
1.296828289077706e-01	9.309440e-03
1.298781414077705e-01	9.309440e-03
1.300734539077705e-01	9.309440e-03
1.302687664077705e-01	9.309440e-03
1.304640789077705e-01	9.309440e-03
1.306593914077705e-01	9.309440e-03
1.308547039077705e-01	9.309440e-03
1.310500164077705e-01	9.309440e-03
1.312453289077705e-01	9.309440e-03
1.314406414077705e-01	9.309440e-03
1.316359539077704e-01	9.309440e-03
1.318312664077704e-01	9.309440e-03
1.320265789077704e-01	9.309440e-03
1.322218914077704e-01	9.309440e-03
1.324172039077704e-01	9.309440e-03
1.326125164077704e-01	9.309440e-03
1.328078289077704e-01	9.309440e-03
1.330031414077704e-01	9.309440e-03
1.331984539077704e-01	9.309440e-03
1.333937664077703e-01	9.309440e-03
1.335890789077703e-01	9.309440e-03
1.337843914077703e-01	9.309440e-03
1.339797039077703e-01	9.309440e-03
1.341750164077703e-01	9.309440e-03
1.343703289077703e-01	9.309440e-03
1.345656414077703e-01	9.309440e-03
1.347609539077703e-01	9.309440e-03
1.349562664077703e-01	9.309440e-03
1.351515789077702e-01	9.309440e-03
1.353468914077702e-01	9.309440e-03
1.355422039077702e-01	9.309440e-03
1.357375164077702e-01	9.309440e-03
1.359328289077702e-01	9.309440e-03
1.361281414077702e-01	9.309440e-03
1.363234539077702e-01	9.309440e-03
1.365187664077702e-01	9.309440e-03
1.367140789077702e-01	9.309440e-03
1.369093914077701e-01	9.309440e-03
1.371047039077701e-01	9.309440e-03
1.373000164077701e-01	9.309440e-03
1.374953289077701e-01	9.309440e-03
1.376906414077701e-01	9.309440e-03
1.378859539077701e-01	9.309440e-03
1.380812664077701e-01	9.309440e-03
1.382765789077701e-01	9.309440e-03
1.384718914077701e-01	9.309440e-03
1.386672039077700e-01	9.309440e-03
1.388625164077700e-01	9.309440e-03
1.390578289077700e-01	9.309440e-03
1.392531414077700e-01	9.309440e-03
1.394484539077700e-01	9.309440e-03
1.396437664077700e-01	9.309440e-03
1.398390789077700e-01	9.309440e-03
1.400343914077700e-01	9.309440e-03
1.402297039077700e-01	9.309440e-03
1.404250164077699e-01	9.309440e-03
1.406203289077699e-01	9.309440e-03
1.408156414077699e-01	9.309440e-03
1.410109539077699e-01	9.309440e-03
1.412062664077699e-01	9.309440e-03
1.414015789077699e-01	9.309440e-03
1.415968914077699e-01	9.309440e-03
1.417922039077699e-01	9.309440e-03
1.419875164077699e-01	9.309440e-03
1.421828289077698e-01	9.309440e-03
1.423781414077698e-01	9.309440e-03
1.425734539077698e-01	9.309440e-03
1.427687664077698e-01	9.309440e-03
1.429640789077698e-01	9.309440e-03
1.431593914077698e-01	9.309440e-03
1.433547039077698e-01	9.309440e-03
1.435500164077698e-01	9.309440e-03
1.437453289077698e-01	9.309440e-03
1.439406414077697e-01	9.309440e-03
1.441359539077697e-01	9.309440e-03
1.443312664077697e-01	9.309440e-03
1.445265789077697e-01	9.309440e-03
1.447218914077697e-01	9.309440e-03
1.449172039077697e-01	9.309440e-03
1.451125164077697e-01	9.309440e-03
1.453078289077697e-01	9.309440e-03
1.455031414077697e-01	9.309440e-03
1.456984539077696e-01	9.309440e-03
1.458937664077696e-01	9.309440e-03
1.460890789077696e-01	9.309440e-03
1.462843914077696e-01	9.309440e-03
1.464797039077696e-01	9.309440e-03
1.466750164077696e-01	9.309440e-03
1.468703289077696e-01	9.309440e-03
1.470656414077696e-01	9.309440e-03
1.472609539077696e-01	9.309440e-03
1.474562664077695e-01	9.309440e-03
1.476515789077695e-01	9.309440e-03
1.478468914077695e-01	9.309440e-03
1.480422039077695e-01	9.309440e-03
1.482375164077695e-01	9.309440e-03
1.484328289077695e-01	9.309440e-03
1.486281414077695e-01	9.309440e-03
1.488234539077695e-01	9.309440e-03
1.490187664077695e-01	9.309440e-03
1.492140789077694e-01	9.309440e-03
1.494093914077694e-01	9.309440e-03
1.496047039077694e-01	9.309440e-03
1.498000164077694e-01	9.309440e-03
1.499953289077694e-01	9.309440e-03
1.500000010000000e-01	9.309440e-03
1.500000020000000e-01	-1.067684e-02
1.500000180000000e-01	-5.088115e-03
1.500000201058143e-01	-1.291530e-03
1.500000226780122e-01	-1.311576e-04
1.500000241670734e-01	-4.569264e-05
1.500000265419886e-01	-5.838025e-06
1.500000297302224e-01	1.098231e-07
1.500000361066902e-01	-4.189681e-08
1.500000488596257e-01	2.157044e-08
1.500000743654966e-01	-2.145646e-08
1.500001253772386e-01	1.424930e-08
1.500002274007225e-01	-1.832979e-08
1.500004314476903e-01	1.280178e-08
1.500008395416259e-01	-1.763302e-08
1.500016557294971e-01	1.245992e-08
1.500032881052395e-01	-1.746369e-08
1.500065528567243e-01	1.237565e-08
1.500130823596939e-01	-1.742165e-08
1.500261413656330e-01	1.235466e-08
1.500522593775113e-01	-1.741116e-08
1.501044954012679e-01	1.234942e-08
1.502089674487811e-01	-1.740854e-08
1.504042799487811e-01	1.234808e-08
1.505995924487810e-01	-1.740761e-08
1.507949049487810e-01	1.234715e-08
1.509902174487810e-01	-1.740667e-08
1.511855299487810e-01	1.234621e-08
1.513808424487810e-01	-1.740574e-08
1.515761549487810e-01	1.234527e-08
1.517714674487810e-01	-1.740480e-08
1.519667799487810e-01	1.234434e-08
1.521620924487810e-01	-1.740387e-08
1.523574049487809e-01	1.234340e-08
1.525527174487809e-01	-1.740293e-08
1.527480299487809e-01	1.234247e-08
1.529433424487809e-01	-1.740200e-08
1.531386549487809e-01	1.234154e-08
1.533339674487809e-01	-1.740106e-08
1.535292799487809e-01	1.234060e-08
1.537245924487809e-01	-1.740013e-08
1.539199049487809e-01	1.233967e-08
1.541152174487808e-01	-1.739920e-08
1.543105299487808e-01	1.233874e-08
1.545058424487808e-01	-1.739826e-08
1.547011549487808e-01	1.233780e-08
1.548964674487808e-01	-1.739733e-08
1.550917799487808e-01	1.233687e-08
1.552870924487808e-01	-1.739640e-08
1.554824049487808e-01	1.233593e-08
1.556777174487808e-01	-1.739546e-08
1.558730299487807e-01	1.233500e-08
1.560683424487807e-01	-1.739453e-08
1.562636549487807e-01	1.233407e-08
1.564589674487807e-01	-1.739359e-08
1.566542799487807e-01	1.233313e-08
1.568495924487807e-01	-1.739266e-08
1.570449049487807e-01	1.233219e-08
1.572402174487807e-01	-1.739173e-08
1.574355299487807e-01	1.233127e-08
1.576308424487806e-01	-1.739079e-08
1.578261549487806e-01	1.233033e-08
1.580214674487806e-01	-1.738986e-08
1.582167799487806e-01	1.232940e-08
1.584120924487806e-01	-1.738893e-08
1.586074049487806e-01	1.232846e-08
1.588027174487806e-01	-1.738799e-08
1.589980299487806e-01	1.232753e-08
1.591933424487806e-01	-1.738706e-08
1.593886549487805e-01	1.232660e-08
1.595839674487805e-01	-1.738612e-08
1.597792799487805e-01	1.232566e-08
1.599745924487805e-01	-1.738519e-08
1.601699049487805e-01	1.232473e-08
1.603652174487805e-01	-1.738426e-08
1.605605299487805e-01	1.232380e-08
1.607558424487805e-01	-1.738333e-08
1.609511549487805e-01	1.232286e-08
1.611464674487804e-01	-1.738239e-08
1.613417799487804e-01	1.232193e-08
1.615370924487804e-01	-1.738146e-08
1.617324049487804e-01	1.232100e-08
1.619277174487804e-01	-1.738053e-08
1.621230299487804e-01	1.232006e-08
1.623183424487804e-01	-1.737959e-08
1.625136549487804e-01	1.231913e-08
1.627089674487804e-01	-1.737866e-08
1.629042799487803e-01	1.231820e-08
1.630995924487803e-01	-1.737773e-08
1.632949049487803e-01	1.231727e-08
1.634902174487803e-01	-1.737680e-08
1.636855299487803e-01	1.231633e-08
1.638808424487803e-01	-1.737586e-08
1.640761549487803e-01	1.231540e-08
1.642714674487803e-01	-1.737493e-08
1.644667799487803e-01	1.231447e-08
1.646620924487802e-01	-1.737400e-08
1.648574049487802e-01	1.231353e-08
1.650527174487802e-01	-1.737306e-08
1.652480299487802e-01	1.231260e-08
1.654433424487802e-01	-1.737213e-08
1.656386549487802e-01	1.231167e-08
1.658339674487802e-01	-1.737120e-08
1.660292799487802e-01	1.231074e-08
1.662245924487802e-01	-1.737027e-08
1.664199049487801e-01	1.230981e-08
1.666152174487801e-01	-1.736934e-08
1.668105299487801e-01	1.230887e-08
1.670058424487801e-01	-1.736840e-08
1.672011549487801e-01	1.230794e-08
1.673964674487801e-01	-1.736747e-08
1.675917799487801e-01	1.230701e-08
1.677870924487801e-01	-1.736654e-08
1.679824049487801e-01	1.230607e-08
1.681777174487800e-01	-1.736561e-08
1.683730299487800e-01	1.230515e-08
1.685683424487800e-01	-1.736467e-08
1.687636549487800e-01	1.230421e-08
1.689589674487800e-01	-1.736374e-08
1.691542799487800e-01	1.230328e-08
1.693495924487800e-01	-1.736281e-08
1.695449049487800e-01	1.230235e-08
1.697402174487800e-01	-1.736188e-08
1.699355299487799e-01	1.230142e-08
1.701308424487799e-01	-1.736095e-08
1.703261549487799e-01	1.230048e-08
1.705214674487799e-01	-1.736002e-08
1.707167799487799e-01	1.229955e-08
1.709120924487799e-01	-1.735908e-08
1.711074049487799e-01	1.229862e-08
1.713027174487799e-01	-1.735815e-08
1.714980299487799e-01	1.229769e-08
1.716933424487798e-01	-1.735722e-08
1.718886549487798e-01	1.229676e-08
1.720839674487798e-01	-1.735629e-08
1.722792799487798e-01	1.229583e-08
1.724745924487798e-01	-1.735536e-08
1.726699049487798e-01	1.229489e-08
1.728652174487798e-01	-1.735443e-08
1.730605299487798e-01	1.229397e-08
1.732558424487798e-01	-1.735349e-08
1.734511549487797e-01	1.229303e-08
1.736464674487797e-01	-1.735256e-08
1.738417799487797e-01	1.229210e-08
1.740370924487797e-01	-1.735163e-08
1.742324049487797e-01	1.229117e-08
1.744277174487797e-01	-1.735070e-08
1.746230299487797e-01	1.229024e-08
1.748183424487797e-01	-1.734977e-08
1.750136549487797e-01	1.228931e-08
1.752089674487796e-01	-1.734884e-08
1.754042799487796e-01	1.228838e-08
1.755995924487796e-01	-1.734791e-08
1.757949049487796e-01	1.228744e-08
1.759902174487796e-01	-1.734698e-08
1.761855299487796e-01	1.228652e-08
1.763808424487796e-01	-1.734605e-08
1.765761549487796e-01	1.228558e-08
1.767714674487796e-01	-1.734512e-08
1.769667799487795e-01	1.228465e-08
1.771620924487795e-01	-1.734418e-08
1.773574049487795e-01	1.228372e-08
1.775527174487795e-01	-1.734325e-08
1.777480299487795e-01	1.228279e-08
1.779433424487795e-01	-1.734232e-08
1.781386549487795e-01	1.228187e-08
1.783339674487795e-01	-1.734139e-08
1.785292799487795e-01	1.228093e-08
1.787245924487794e-01	-1.734046e-08
1.789199049487794e-01	1.228000e-08
1.791152174487794e-01	-1.733953e-08
1.793105299487794e-01	1.227907e-08
1.795058424487794e-01	-1.733860e-08
1.797011549487794e-01	1.227814e-08
1.798964674487794e-01	-1.733767e-08
1.800917799487794e-01	1.227721e-08
1.802870924487794e-01	-1.733674e-08
1.804824049487793e-01	1.227628e-08
1.806777174487793e-01	-1.733581e-08
1.808730299487793e-01	1.227535e-08
1.810683424487793e-01	-1.733488e-08
1.812636549487793e-01	1.227442e-08
1.814589674487793e-01	-1.733395e-08
1.816542799487793e-01	1.227349e-08
1.818495924487793e-01	-1.733302e-08
1.820449049487793e-01	1.227256e-08
1.822402174487792e-01	-1.733209e-08
1.824355299487792e-01	1.227163e-08
1.826308424487792e-01	-1.733116e-08
1.828261549487792e-01	1.227070e-08
1.830214674487792e-01	-1.733023e-08
1.832167799487792e-01	1.226977e-08
1.834120924487792e-01	-1.732930e-08
1.836074049487792e-01	1.226884e-08
1.838027174487792e-01	-1.732837e-08
1.839980299487791e-01	1.226791e-08
1.841933424487791e-01	-1.732744e-08
1.843886549487791e-01	1.226698e-08
1.845839674487791e-01	-1.732651e-08
1.847792799487791e-01	1.226605e-08
1.849745924487791e-01	-1.732558e-08
1.851699049487791e-01	1.226512e-08
1.853652174487791e-01	-1.732465e-08
1.855605299487791e-01	1.226419e-08
1.857558424487790e-01	-1.732373e-08
1.859511549487790e-01	1.226326e-08
1.861464674487790e-01	-1.732279e-08
1.863417799487790e-01	1.226234e-08
1.865370924487790e-01	-1.732186e-08
1.867324049487790e-01	1.226140e-08
1.869277174487790e-01	-1.732094e-08
1.871230299487790e-01	1.226048e-08
1.873183424487790e-01	-1.732001e-08
1.875136549487789e-01	1.225955e-08
1.877089674487789e-01	-1.731908e-08
1.879042799487789e-01	1.225862e-08
1.880995924487789e-01	-1.731815e-08
1.882949049487789e-01	1.225769e-08
1.884902174487789e-01	-1.731722e-08
1.886855299487789e-01	1.225676e-08
1.888808424487789e-01	-1.731629e-08
1.890761549487789e-01	1.225583e-08
1.892714674487788e-01	-1.731537e-08
1.894667799487788e-01	1.225490e-08
1.896620924487788e-01	-1.731443e-08
1.898574049487788e-01	1.225397e-08
1.900527174487788e-01	-1.731351e-08
1.902480299487788e-01	1.225304e-08
1.904433424487788e-01	-1.731258e-08
1.906386549487788e-01	1.225211e-08
1.908339674487788e-01	-1.731165e-08
1.910292799487787e-01	1.225119e-08
1.912245924487787e-01	-1.731072e-08
1.914199049487787e-01	1.225026e-08
1.916152174487787e-01	-1.730979e-08
1.918105299487787e-01	1.224933e-08
1.920058424487787e-01	-1.730887e-08
1.922011549487787e-01	1.224840e-08
1.923964674487787e-01	-1.730794e-08
1.925917799487787e-01	1.224747e-08
1.927870924487786e-01	-1.730701e-08
1.929824049487786e-01	1.224654e-08
1.931777174487786e-01	-1.730608e-08
1.933730299487786e-01	1.224562e-08
1.935683424487786e-01	-1.730515e-08
1.937636549487786e-01	1.224469e-08
1.939589674487786e-01	-1.730422e-08
1.941542799487786e-01	1.224376e-08
1.943495924487786e-01	-1.730329e-08
1.945449049487785e-01	1.224283e-08
1.947402174487785e-01	-1.730237e-08
1.949355299487785e-01	1.224190e-08
1.951308424487785e-01	-1.730144e-08
1.953261549487785e-01	1.224098e-08
1.955214674487785e-01	-1.730051e-08
1.957167799487785e-01	1.224005e-08
1.959120924487785e-01	-1.729959e-08
1.961074049487785e-01	1.223912e-08
1.963027174487784e-01	-1.729865e-08
1.964980299487784e-01	1.223819e-08
1.966933424487784e-01	-1.729773e-08
1.968886549487784e-01	1.223726e-08
1.970839674487784e-01	-1.729680e-08
1.972792799487784e-01	1.223634e-08
1.974745924487784e-01	-1.729587e-08
1.976699049487784e-01	1.223541e-08
1.978652174487784e-01	-1.729494e-08
1.980605299487783e-01	1.223448e-08
1.982558424487783e-01	-1.729402e-08
1.984511549487783e-01	1.223355e-08
1.986464674487783e-01	-1.729309e-08
1.988417799487783e-01	1.223263e-08
1.990370924487783e-01	-1.729216e-08
1.992324049487783e-01	1.223170e-08
1.994277174487783e-01	-1.729124e-08
1.996230299487783e-01	1.223077e-08
1.998183424487782e-01	-1.729031e-08
2.000000000000000e-01	1.222981e-08
Step Information: F=50  (Step: 2/10)
0.000000000000000e+00	-2.530001e-09
3.906250045648818e-10	6.260309e-03
4.197294430167294e-10	6.722320e-03
4.779383199204247e-10	7.632181e-03
5.943560737278151e-10	9.369417e-03
8.271915813425962e-10	1.257350e-02
1.000000000000000e-09	1.478422e-02
1.345616837314808e-09	1.259336e-02
1.658590250587506e-09	1.117591e-02
2.076624627938787e-09	9.889765e-03
2.651589513074089e-09	9.487400e-03
3.233975403443142e-09	9.447649e-03
4.392081807674143e-09	9.413307e-03
6.708294616136146e-09	9.382351e-03
1.134072023306015e-08	9.354858e-03
2.060557146690816e-08	9.332119e-03
3.076929337178561e-08	9.321450e-03
4.479069423478481e-08	9.314749e-03
6.011892204731736e-08	9.311521e-03
8.059848299428610e-08	9.309790e-03
1.073432377337187e-07	9.309380e-03
1.463313580967895e-07	9.309388e-03
1.917615401842186e-07	9.309439e-03
2.826219043590767e-07	9.309440e-03
4.643426327087929e-07	9.309440e-03
8.277840894082253e-07	9.309440e-03
1.554667002807090e-06	9.309440e-03
3.008432829604820e-06	9.309440e-03
5.915964483200279e-06	9.309440e-03
1.173102779039120e-05	9.309440e-03
2.336115440477303e-05	9.309440e-03
4.662140763353671e-05	9.309440e-03
8.568390763353671e-05	9.309440e-03
1.247464076335367e-04	9.309440e-03
1.638089076335367e-04	9.309440e-03
2.028714076335367e-04	9.309440e-03
2.419339076335367e-04	9.309440e-03
2.809964076335367e-04	9.309440e-03
3.200589076335367e-04	9.309440e-03
3.591214076335367e-04	9.309440e-03
3.981839076335367e-04	9.309440e-03
4.372464076335366e-04	9.309440e-03
4.763089076335366e-04	9.309440e-03
5.153714076335367e-04	9.309440e-03
5.544339076335367e-04	9.309440e-03
5.934964076335367e-04	9.309440e-03
6.325589076335368e-04	9.309440e-03
6.716214076335368e-04	9.309440e-03
7.106839076335368e-04	9.309440e-03
7.497464076335369e-04	9.309440e-03
7.888089076335369e-04	9.309440e-03
8.278714076335369e-04	9.309440e-03
8.669339076335370e-04	9.309440e-03
9.059964076335370e-04	9.309440e-03
9.450589076335370e-04	9.309440e-03
9.841214076335371e-04	9.309440e-03
1.023183907633537e-03	9.309440e-03
1.062246407633537e-03	9.309440e-03
1.101308907633537e-03	9.309440e-03
1.140371407633537e-03	9.309440e-03
1.179433907633537e-03	9.309440e-03
1.218496407633537e-03	9.309440e-03
1.257558907633537e-03	9.309440e-03
1.296621407633537e-03	9.309440e-03
1.335683907633537e-03	9.309440e-03
1.374746407633537e-03	9.309440e-03
1.413808907633537e-03	9.309440e-03
1.452871407633537e-03	9.309440e-03
1.491933907633538e-03	9.309440e-03
1.530996407633538e-03	9.309440e-03
1.570058907633538e-03	9.309440e-03
1.609121407633538e-03	9.309440e-03
1.648183907633538e-03	9.309440e-03
1.687246407633538e-03	9.309440e-03
1.726308907633538e-03	9.309440e-03
1.765371407633538e-03	9.309440e-03
1.804433907633538e-03	9.309440e-03
1.843496407633538e-03	9.309440e-03
1.882558907633538e-03	9.309440e-03
1.921621407633538e-03	9.309440e-03
1.960683907633538e-03	9.309440e-03
1.999746407633538e-03	9.309440e-03
2.038808907633538e-03	9.309440e-03
2.077871407633538e-03	9.309440e-03
2.116933907633538e-03	9.309440e-03
2.155996407633538e-03	9.309440e-03
2.195058907633538e-03	9.309440e-03
2.234121407633538e-03	9.309440e-03
2.273183907633538e-03	9.309440e-03
2.312246407633538e-03	9.309440e-03
2.351308907633538e-03	9.309440e-03
2.390371407633538e-03	9.309440e-03
2.429433907633538e-03	9.309440e-03
2.468496407633538e-03	9.309440e-03
2.507558907633538e-03	9.309440e-03
2.546621407633538e-03	9.309440e-03
2.585683907633538e-03	9.309440e-03
2.624746407633538e-03	9.309440e-03
2.663808907633538e-03	9.309440e-03
2.702871407633538e-03	9.309440e-03
2.741933907633538e-03	9.309440e-03
2.780996407633538e-03	9.309440e-03
2.820058907633538e-03	9.309440e-03
2.859121407633539e-03	9.309440e-03
2.898183907633539e-03	9.309440e-03
2.937246407633539e-03	9.309440e-03
2.976308907633539e-03	9.309440e-03
3.015371407633539e-03	9.309440e-03
3.054433907633539e-03	9.309440e-03
3.093496407633539e-03	9.309440e-03
3.132558907633539e-03	9.309440e-03
3.171621407633539e-03	9.309440e-03
3.210683907633539e-03	9.309440e-03
3.249746407633539e-03	9.309440e-03
3.288808907633539e-03	9.309440e-03
3.327871407633539e-03	9.309440e-03
3.366933907633539e-03	9.309440e-03
3.405996407633539e-03	9.309440e-03
3.445058907633539e-03	9.309440e-03
3.484121407633539e-03	9.309440e-03
3.523183907633539e-03	9.309440e-03
3.562246407633539e-03	9.309440e-03
3.601308907633539e-03	9.309440e-03
3.640371407633539e-03	9.309440e-03
3.679433907633539e-03	9.309440e-03
3.718496407633539e-03	9.309440e-03
3.757558907633539e-03	9.309440e-03
3.796621407633539e-03	9.309440e-03
3.835683907633539e-03	9.309440e-03
3.874746407633539e-03	9.309440e-03
3.913808907633539e-03	9.309440e-03
3.952871407633539e-03	9.309440e-03
3.991933907633539e-03	9.309440e-03
4.030996407633539e-03	9.309440e-03
4.070058907633539e-03	9.309440e-03
4.109121407633539e-03	9.309440e-03
4.148183907633539e-03	9.309440e-03
4.187246407633539e-03	9.309440e-03
4.226308907633539e-03	9.309440e-03
4.265371407633539e-03	9.309440e-03
4.304433907633539e-03	9.309440e-03
4.343496407633539e-03	9.309440e-03
4.382558907633539e-03	9.309440e-03
4.421621407633539e-03	9.309440e-03
4.460683907633540e-03	9.309440e-03
4.499746407633540e-03	9.309440e-03
4.538808907633540e-03	9.309440e-03
4.577871407633540e-03	9.309440e-03
4.616933907633540e-03	9.309440e-03
4.655996407633540e-03	9.309440e-03
4.695058907633540e-03	9.309440e-03
4.734121407633540e-03	9.309440e-03
4.773183907633540e-03	9.309440e-03
4.812246407633540e-03	9.309440e-03
4.851308907633540e-03	9.309440e-03
4.890371407633540e-03	9.309440e-03
4.929433907633540e-03	9.309440e-03
4.968496407633540e-03	9.309440e-03
5.007558907633540e-03	9.309440e-03
5.046621407633540e-03	9.309440e-03
5.085683907633540e-03	9.309440e-03
5.124746407633540e-03	9.309440e-03
5.163808907633540e-03	9.309440e-03
5.202871407633540e-03	9.309440e-03
5.241933907633540e-03	9.309440e-03
5.280996407633540e-03	9.309440e-03
5.320058907633540e-03	9.309440e-03
5.359121407633540e-03	9.309440e-03
5.398183907633540e-03	9.309440e-03
5.437246407633540e-03	9.309440e-03
5.476308907633540e-03	9.309440e-03
5.515371407633540e-03	9.309440e-03
5.554433907633540e-03	9.309440e-03
5.593496407633541e-03	9.309440e-03
5.632558907633541e-03	9.309440e-03
5.671621407633541e-03	9.309440e-03
5.710683907633541e-03	9.309440e-03
5.749746407633541e-03	9.309440e-03
5.788808907633541e-03	9.309440e-03
5.827871407633541e-03	9.309440e-03
5.866933907633541e-03	9.309440e-03
5.905996407633541e-03	9.309440e-03
5.945058907633541e-03	9.309440e-03
5.984121407633541e-03	9.309440e-03
6.023183907633541e-03	9.309440e-03
6.062246407633541e-03	9.309440e-03
6.101308907633541e-03	9.309440e-03
6.140371407633541e-03	9.309440e-03
6.179433907633541e-03	9.309440e-03
6.218496407633541e-03	9.309440e-03
6.257558907633541e-03	9.309440e-03
6.296621407633541e-03	9.309440e-03
6.335683907633541e-03	9.309440e-03
6.374746407633541e-03	9.309440e-03
6.413808907633541e-03	9.309440e-03
6.452871407633541e-03	9.309440e-03
6.491933907633541e-03	9.309440e-03
6.530996407633541e-03	9.309440e-03
6.570058907633541e-03	9.309440e-03
6.609121407633541e-03	9.309440e-03
6.648183907633541e-03	9.309440e-03
6.687246407633541e-03	9.309440e-03
6.726308907633542e-03	9.309440e-03
6.765371407633542e-03	9.309440e-03
6.804433907633542e-03	9.309440e-03
6.843496407633542e-03	9.309440e-03
6.882558907633542e-03	9.309440e-03
6.921621407633542e-03	9.309440e-03
6.960683907633542e-03	9.309440e-03
6.999746407633542e-03	9.309440e-03
7.038808907633542e-03	9.309440e-03
7.077871407633542e-03	9.309440e-03
7.116933907633542e-03	9.309440e-03
7.155996407633542e-03	9.309440e-03
7.195058907633542e-03	9.309440e-03
7.234121407633542e-03	9.309440e-03
7.273183907633542e-03	9.309440e-03
7.312246407633542e-03	9.309440e-03
7.351308907633542e-03	9.309440e-03
7.390371407633542e-03	9.309440e-03
7.429433907633542e-03	9.309440e-03
7.468496407633542e-03	9.309440e-03
7.507558907633542e-03	9.309440e-03
7.546621407633542e-03	9.309440e-03
7.585683907633542e-03	9.309440e-03
7.624746407633542e-03	9.309440e-03
7.663808907633542e-03	9.309440e-03
7.702871407633542e-03	9.309440e-03
7.741933907633542e-03	9.309440e-03
7.780996407633542e-03	9.309440e-03
7.820058907633542e-03	9.309440e-03
7.859121407633542e-03	9.309440e-03
7.898183907633541e-03	9.309440e-03
7.937246407633540e-03	9.309440e-03
7.976308907633539e-03	9.309440e-03
8.015371407633538e-03	9.309440e-03
8.054433907633538e-03	9.309440e-03
8.093496407633537e-03	9.309440e-03
8.132558907633536e-03	9.309440e-03
8.171621407633535e-03	9.309440e-03
8.210683907633534e-03	9.309440e-03
8.249746407633533e-03	9.309440e-03
8.288808907633533e-03	9.309440e-03
8.327871407633532e-03	9.309440e-03
8.366933907633531e-03	9.309440e-03
8.405996407633530e-03	9.309440e-03
8.445058907633529e-03	9.309440e-03
8.484121407633528e-03	9.309440e-03
8.523183907633528e-03	9.309440e-03
8.562246407633527e-03	9.309440e-03
8.601308907633526e-03	9.309440e-03
8.640371407633525e-03	9.309440e-03
8.679433907633524e-03	9.309440e-03
8.718496407633523e-03	9.309440e-03
8.757558907633523e-03	9.309440e-03
8.796621407633522e-03	9.309440e-03
8.835683907633521e-03	9.309440e-03
8.874746407633520e-03	9.309440e-03
8.913808907633519e-03	9.309440e-03
8.952871407633518e-03	9.309440e-03
8.991933907633518e-03	9.309440e-03
9.030996407633517e-03	9.309440e-03
9.070058907633516e-03	9.309440e-03
9.109121407633515e-03	9.309440e-03
9.148183907633514e-03	9.309440e-03
9.187246407633513e-03	9.309440e-03
9.226308907633513e-03	9.309440e-03
9.265371407633512e-03	9.309440e-03
9.304433907633511e-03	9.309440e-03
9.343496407633510e-03	9.309440e-03
9.382558907633509e-03	9.309440e-03
9.421621407633508e-03	9.309440e-03
9.460683907633508e-03	9.309440e-03
9.499746407633507e-03	9.309440e-03
9.538808907633506e-03	9.309440e-03
9.577871407633505e-03	9.309440e-03
9.616933907633504e-03	9.309440e-03
9.655996407633503e-03	9.309440e-03
9.695058907633503e-03	9.309440e-03
9.734121407633502e-03	9.309440e-03
9.773183907633501e-03	9.309440e-03
9.812246407633500e-03	9.309440e-03
9.851308907633499e-03	9.309440e-03
9.890371407633498e-03	9.309440e-03
9.929433907633498e-03	9.309440e-03
9.968496407633497e-03	9.309440e-03
1.000000100000000e-02	9.309440e-03
1.000000200000000e-02	-1.067684e-02
1.000001799999999e-02	-5.088140e-03
1.000002010581210e-02	-1.291541e-03
1.000002267800916e-02	-1.311591e-04
1.000002416706669e-02	-4.569333e-05
1.000002654197883e-02	-5.838142e-06
1.000002973019783e-02	1.098118e-07
1.000003610663582e-02	-4.189260e-08
1.000004885951180e-02	2.156780e-08
1.000007436526377e-02	-2.145437e-08
1.000012537676771e-02	1.424744e-08
1.000022739977558e-02	-1.832803e-08
1.000043144579133e-02	1.280007e-08
1.000083953782283e-02	-1.763133e-08
1.000165572188583e-02	1.245824e-08
1.000328809001183e-02	-1.746202e-08
1.000655282626382e-02	1.237399e-08
1.001308229876780e-02	-1.741999e-08
1.002614124377577e-02	1.235300e-08
1.005225913379171e-02	-1.740950e-08
1.009132163379171e-02	1.234717e-08
1.013038413379170e-02	-1.740483e-08
1.016944663379170e-02	1.234249e-08
1.020850913379170e-02	-1.740016e-08
1.024757163379170e-02	1.233782e-08
1.028663413379170e-02	-1.739549e-08
1.032569663379170e-02	1.233316e-08
1.036475913379170e-02	-1.739081e-08
1.040382163379170e-02	1.232849e-08
1.044288413379170e-02	-1.738615e-08
1.048194663379170e-02	1.232382e-08
1.052100913379170e-02	-1.738149e-08
1.056007163379170e-02	1.231916e-08
1.059913413379169e-02	-1.737682e-08
1.063819663379169e-02	1.231449e-08
1.067725913379169e-02	-1.737216e-08
1.071632163379169e-02	1.230983e-08
1.075538413379169e-02	-1.736750e-08
1.079444663379169e-02	1.230517e-08
1.083350913379169e-02	-1.736283e-08
1.087257163379169e-02	1.230051e-08
1.091163413379169e-02	-1.735818e-08
1.095069663379169e-02	1.229585e-08
1.098975913379169e-02	-1.735352e-08
1.102882163379169e-02	1.229120e-08
1.106788413379168e-02	-1.734886e-08
1.110694663379168e-02	1.228654e-08
1.114600913379168e-02	-1.734421e-08
1.118507163379168e-02	1.228189e-08
1.122413413379168e-02	-1.733956e-08
1.126319663379168e-02	1.227724e-08
1.130225913379168e-02	-1.733491e-08
1.134132163379168e-02	1.227258e-08
1.138038413379168e-02	-1.733026e-08
1.141944663379168e-02	1.226794e-08
1.145850913379168e-02	-1.732561e-08
1.149757163379168e-02	1.226329e-08
1.153663413379167e-02	-1.732096e-08
1.157569663379167e-02	1.225865e-08
1.161475913379167e-02	-1.731632e-08
1.165382163379167e-02	1.225400e-08
1.169288413379167e-02	-1.731168e-08
1.173194663379167e-02	1.224936e-08
1.177100913379167e-02	-1.730703e-08
1.181007163379167e-02	1.224472e-08
1.184913413379167e-02	-1.730239e-08
1.188819663379167e-02	1.224008e-08
1.192725913379167e-02	-1.729775e-08
1.196632163379167e-02	1.223544e-08
1.200538413379166e-02	-1.729311e-08
1.204444663379166e-02	1.223080e-08
1.208350913379166e-02	-1.728848e-08
1.212257163379166e-02	1.222616e-08
1.216163413379166e-02	-1.728384e-08
1.220069663379166e-02	1.222153e-08
1.223975913379166e-02	-1.727921e-08
1.227882163379166e-02	1.221689e-08
1.231788413379166e-02	-1.727458e-08
1.235694663379166e-02	1.221227e-08
1.239600913379166e-02	-1.726995e-08
1.243507163379166e-02	1.220763e-08
1.247413413379165e-02	-1.726532e-08
1.251319663379165e-02	1.220301e-08
1.255225913379165e-02	-1.726069e-08
1.259132163379165e-02	1.219838e-08
1.263038413379165e-02	-1.725607e-08
1.266944663379165e-02	1.219375e-08
1.270850913379165e-02	-1.725144e-08
1.274757163379165e-02	1.218913e-08
1.278663413379165e-02	-1.724681e-08
1.282569663379165e-02	1.218450e-08
1.286475913379165e-02	-1.724220e-08
1.290382163379165e-02	1.217988e-08
1.294288413379164e-02	-1.723758e-08
1.298194663379164e-02	1.217527e-08
1.302100913379164e-02	-1.723295e-08
1.306007163379164e-02	1.217065e-08
1.309913413379164e-02	-1.722833e-08
1.313819663379164e-02	1.216603e-08
1.317725913379164e-02	-1.722372e-08
1.321632163379164e-02	1.216141e-08
1.325538413379164e-02	-1.721911e-08
1.329444663379164e-02	1.215680e-08
1.333350913379164e-02	-1.721449e-08
1.337257163379164e-02	1.215219e-08
1.341163413379163e-02	-1.720988e-08
1.345069663379163e-02	1.214758e-08
1.348975913379163e-02	-1.720527e-08
1.352882163379163e-02	1.214297e-08
1.356788413379163e-02	-1.720066e-08
1.360694663379163e-02	1.213836e-08
1.364600913379163e-02	-1.719606e-08
1.368507163379163e-02	1.213375e-08
1.372413413379163e-02	-1.719145e-08
1.376319663379163e-02	1.212915e-08
1.380225913379163e-02	-1.718684e-08
1.384132163379163e-02	1.212455e-08
1.388038413379162e-02	-1.718224e-08
1.391944663379162e-02	1.211995e-08
1.395850913379162e-02	-1.717764e-08
1.399757163379162e-02	1.211534e-08
1.403663413379162e-02	-1.717304e-08
1.407569663379162e-02	1.211074e-08
1.411475913379162e-02	-1.716844e-08
1.415382163379162e-02	1.210614e-08
1.419288413379162e-02	-1.716385e-08
1.423194663379162e-02	1.210155e-08
1.427100913379162e-02	-1.715925e-08
1.431007163379162e-02	1.209695e-08
1.434913413379161e-02	-1.715465e-08
1.438819663379161e-02	1.209236e-08
1.442725913379161e-02	-1.715006e-08
1.446632163379161e-02	1.208776e-08
1.450538413379161e-02	-1.714547e-08
1.454444663379161e-02	1.208317e-08
1.458350913379161e-02	-1.714088e-08
1.462257163379161e-02	1.207859e-08
1.466163413379161e-02	-1.713629e-08
1.470069663379161e-02	1.207400e-08
1.473975913379161e-02	-1.713170e-08
1.477882163379161e-02	1.206941e-08
1.481788413379160e-02	-1.712712e-08
1.485694663379160e-02	1.206482e-08
1.489600913379160e-02	-1.712253e-08
1.493507163379160e-02	1.206024e-08
1.497413413379160e-02	-1.711795e-08
1.501319663379160e-02	1.205566e-08
1.505225913379160e-02	-1.711336e-08
1.509132163379160e-02	1.205108e-08
1.513038413379160e-02	-1.710879e-08
1.516944663379160e-02	1.204650e-08
1.520850913379160e-02	-1.710421e-08
1.524757163379160e-02	1.204192e-08
1.528663413379159e-02	-1.709963e-08
1.532569663379159e-02	1.203734e-08
1.536475913379159e-02	-1.709505e-08
1.540382163379159e-02	1.203277e-08
1.544288413379159e-02	-1.709048e-08
1.548194663379159e-02	1.202820e-08
1.552100913379159e-02	-1.708591e-08
1.556007163379159e-02	1.202363e-08
1.559913413379159e-02	-1.708134e-08
1.563819663379159e-02	1.201906e-08
1.567725913379159e-02	-1.707676e-08
1.571632163379159e-02	1.201449e-08
1.575538413379159e-02	-1.707220e-08
1.579444663379159e-02	1.200992e-08
1.583350913379158e-02	-1.706763e-08
1.587257163379158e-02	1.200535e-08
1.591163413379158e-02	-1.706307e-08
1.595069663379158e-02	1.200079e-08
1.598975913379158e-02	-1.705850e-08
1.602882163379158e-02	1.199622e-08
1.606788413379158e-02	-1.705394e-08
1.610694663379158e-02	1.199166e-08
1.614600913379158e-02	-1.704938e-08
1.618507163379158e-02	1.198710e-08
1.622413413379158e-02	-1.704482e-08
1.626319663379158e-02	1.198254e-08
1.630225913379157e-02	-1.704026e-08
1.634132163379157e-02	1.197798e-08
1.638038413379157e-02	-1.703570e-08
1.641944663379157e-02	1.197343e-08
1.645850913379157e-02	-1.703115e-08
1.649757163379157e-02	1.196887e-08
1.653663413379157e-02	-1.702659e-08
1.657569663379157e-02	1.196432e-08
1.661475913379157e-02	-1.702204e-08
1.665382163379157e-02	1.195977e-08
1.669288413379157e-02	-1.701749e-08
1.673194663379157e-02	1.195522e-08
1.677100913379156e-02	-1.701294e-08
1.681007163379156e-02	1.195067e-08
1.684913413379156e-02	-1.700839e-08
1.688819663379156e-02	1.194612e-08
1.692725913379156e-02	-1.700384e-08
1.696632163379156e-02	1.194158e-08
1.700538413379156e-02	-1.699929e-08
1.704444663379156e-02	1.193703e-08
1.708350913379156e-02	-1.699475e-08
1.712257163379156e-02	1.193249e-08
1.716163413379156e-02	-1.699021e-08
1.720069663379156e-02	1.192794e-08
1.723975913379155e-02	-1.698567e-08
1.727882163379155e-02	1.192340e-08
1.731788413379155e-02	-1.698113e-08
1.735694663379155e-02	1.191886e-08
1.739600913379155e-02	-1.697659e-08
1.743507163379155e-02	1.191432e-08
1.747413413379155e-02	-1.697206e-08
1.751319663379155e-02	1.190979e-08
1.755225913379155e-02	-1.696752e-08
1.759132163379155e-02	1.190525e-08
1.763038413379155e-02	-1.696298e-08
1.766944663379155e-02	1.190072e-08
1.770850913379154e-02	-1.695845e-08
1.774757163379154e-02	1.189619e-08
1.778663413379154e-02	-1.695392e-08
1.782569663379154e-02	1.189166e-08
1.786475913379154e-02	-1.694939e-08
1.790382163379154e-02	1.188713e-08
1.794288413379154e-02	-1.694486e-08
1.798194663379154e-02	1.188260e-08
1.802100913379154e-02	-1.694033e-08
1.806007163379154e-02	1.187807e-08
1.809913413379154e-02	-1.693581e-08
1.813819663379154e-02	1.187354e-08
1.817725913379153e-02	-1.693128e-08
1.821632163379153e-02	1.186902e-08
1.825538413379153e-02	-1.692676e-08
1.829444663379153e-02	1.186450e-08
1.833350913379153e-02	-1.692224e-08
1.837257163379153e-02	1.185998e-08
1.841163413379153e-02	-1.691772e-08
1.845069663379153e-02	1.185546e-08
1.848975913379153e-02	-1.691320e-08
1.852882163379153e-02	1.185094e-08
1.856788413379153e-02	-1.690868e-08
1.860694663379153e-02	1.184643e-08
1.864600913379152e-02	-1.690417e-08
1.868507163379152e-02	1.184191e-08
1.872413413379152e-02	-1.689965e-08
1.876319663379152e-02	1.183740e-08
1.880225913379152e-02	-1.689514e-08
1.884132163379152e-02	1.183288e-08
1.888038413379152e-02	-1.689063e-08
1.891944663379152e-02	1.182838e-08
1.895850913379152e-02	-1.688612e-08
1.899757163379152e-02	1.182386e-08
1.903663413379152e-02	-1.688161e-08
1.907569663379152e-02	1.181936e-08
1.911475913379151e-02	-1.687710e-08
1.915382163379151e-02	1.181485e-08
1.919288413379151e-02	-1.687260e-08
1.923194663379151e-02	1.181035e-08
1.927100913379151e-02	-1.686809e-08
1.931007163379151e-02	1.180585e-08
1.934913413379151e-02	-1.686359e-08
1.938819663379151e-02	1.180134e-08
1.942725913379151e-02	-1.685909e-08
1.946632163379151e-02	1.179684e-08
1.950538413379151e-02	-1.685459e-08
1.954444663379151e-02	1.179234e-08
1.958350913379150e-02	-1.685008e-08
1.962257163379150e-02	1.178784e-08
1.966163413379150e-02	-1.684559e-08
1.970069663379150e-02	1.178334e-08
1.973975913379150e-02	-1.684110e-08
1.977882163379150e-02	1.177885e-08
1.981788413379150e-02	-1.683660e-08
1.985694663379150e-02	1.177435e-08
1.989600913379150e-02	-1.683211e-08
1.993507163379150e-02	1.176986e-08
1.997413413379150e-02	-1.682762e-08
2.000000000000000e-02	1.176423e-08
2.000000100000000e-02	1.543010e-02
2.000000104495223e-02	1.507669e-02
2.000000113485668e-02	1.440938e-02
2.000000131466558e-02	1.324281e-02
2.000000167428339e-02	1.145214e-02
2.000000175195984e-02	1.114925e-02
2.000000190731276e-02	1.060526e-02
2.000000221801858e-02	9.767924e-03
2.000000283943022e-02	9.477844e-03
2.000000344831015e-02	9.442186e-03
2.000000466607001e-02	9.409508e-03
2.000000710158974e-02	9.379622e-03
2.000001197262918e-02	9.352772e-03
2.000001941284520e-02	9.334020e-03
2.000003022633560e-02	9.321571e-03
2.000004440126242e-02	9.314739e-03
2.000006050958180e-02	9.311376e-03
2.000007874124856e-02	9.309852e-03
2.000010744749598e-02	9.309386e-03
2.000014368987145e-02	9.309385e-03
2.000019079159964e-02	9.309440e-03
2.000028499505600e-02	9.309440e-03
2.000047340196873e-02	9.309440e-03
2.000085021579420e-02	9.309440e-03
2.000160384344512e-02	9.309440e-03
2.000311109874698e-02	9.309440e-03
2.000612560935068e-02	9.309440e-03
2.001215463055810e-02	9.309440e-03
2.002421267297292e-02	9.309440e-03
2.004832875780257e-02	9.309440e-03
2.008739125780257e-02	9.309440e-03
2.012645375780257e-02	9.309440e-03
2.016551625780257e-02	9.309440e-03
2.020457875780257e-02	9.309440e-03
2.024364125780257e-02	9.309440e-03
2.028270375780257e-02	9.309440e-03
2.032176625780257e-02	9.309440e-03
2.036082875780257e-02	9.309440e-03
2.039989125780257e-02	9.309440e-03
2.043895375780257e-02	9.309440e-03
2.047801625780257e-02	9.309440e-03
2.051707875780256e-02	9.309440e-03
2.055614125780256e-02	9.309440e-03
2.059520375780256e-02	9.309440e-03
2.063426625780256e-02	9.309440e-03
2.067332875780256e-02	9.309440e-03
2.071239125780256e-02	9.309440e-03
2.075145375780256e-02	9.309440e-03
2.079051625780256e-02	9.309440e-03
2.082957875780256e-02	9.309440e-03
2.086864125780256e-02	9.309440e-03
2.090770375780256e-02	9.309440e-03
2.094676625780256e-02	9.309440e-03
2.098582875780255e-02	9.309440e-03
2.102489125780255e-02	9.309440e-03
2.106395375780255e-02	9.309440e-03
2.110301625780255e-02	9.309440e-03
2.114207875780255e-02	9.309440e-03
2.118114125780255e-02	9.309440e-03
2.122020375780255e-02	9.309440e-03
2.125926625780255e-02	9.309440e-03
2.129832875780255e-02	9.309440e-03
2.133739125780255e-02	9.309440e-03
2.137645375780255e-02	9.309440e-03
2.141551625780255e-02	9.309440e-03
2.145457875780254e-02	9.309440e-03
2.149364125780254e-02	9.309440e-03
2.153270375780254e-02	9.309440e-03
2.157176625780254e-02	9.309440e-03
2.161082875780254e-02	9.309440e-03
2.164989125780254e-02	9.309440e-03
2.168895375780254e-02	9.309440e-03
2.172801625780254e-02	9.309440e-03
2.176707875780254e-02	9.309440e-03
2.180614125780254e-02	9.309440e-03
2.184520375780254e-02	9.309440e-03
2.188426625780254e-02	9.309440e-03
2.192332875780253e-02	9.309440e-03
2.196239125780253e-02	9.309440e-03
2.200145375780253e-02	9.309440e-03
2.204051625780253e-02	9.309440e-03
2.207957875780253e-02	9.309440e-03
2.211864125780253e-02	9.309440e-03
2.215770375780253e-02	9.309440e-03
2.219676625780253e-02	9.309440e-03
2.223582875780253e-02	9.309440e-03
2.227489125780253e-02	9.309440e-03
2.231395375780253e-02	9.309440e-03
2.235301625780253e-02	9.309440e-03
2.239207875780252e-02	9.309440e-03
2.243114125780252e-02	9.309440e-03
2.247020375780252e-02	9.309440e-03
2.250926625780252e-02	9.309440e-03
2.254832875780252e-02	9.309440e-03
2.258739125780252e-02	9.309440e-03
2.262645375780252e-02	9.309440e-03
2.266551625780252e-02	9.309440e-03
2.270457875780252e-02	9.309440e-03
2.274364125780252e-02	9.309440e-03
2.278270375780252e-02	9.309440e-03
2.282176625780252e-02	9.309440e-03
2.286082875780251e-02	9.309440e-03
2.289989125780251e-02	9.309440e-03
2.293895375780251e-02	9.309440e-03
2.297801625780251e-02	9.309440e-03
2.301707875780251e-02	9.309440e-03
2.305614125780251e-02	9.309440e-03
2.309520375780251e-02	9.309440e-03
2.313426625780251e-02	9.309440e-03
2.317332875780251e-02	9.309440e-03
2.321239125780251e-02	9.309440e-03
2.325145375780251e-02	9.309440e-03
2.329051625780251e-02	9.309440e-03
2.332957875780250e-02	9.309440e-03
2.336864125780250e-02	9.309440e-03
2.340770375780250e-02	9.309440e-03
2.344676625780250e-02	9.309440e-03
2.348582875780250e-02	9.309440e-03
2.352489125780250e-02	9.309440e-03
2.356395375780250e-02	9.309440e-03
2.360301625780250e-02	9.309440e-03
2.364207875780250e-02	9.309440e-03
2.368114125780250e-02	9.309440e-03
2.372020375780250e-02	9.309440e-03
2.375926625780250e-02	9.309440e-03
2.379832875780249e-02	9.309440e-03
2.383739125780249e-02	9.309440e-03
2.387645375780249e-02	9.309440e-03
2.391551625780249e-02	9.309440e-03
2.395457875780249e-02	9.309440e-03
2.399364125780249e-02	9.309440e-03
2.403270375780249e-02	9.309440e-03
2.407176625780249e-02	9.309440e-03
2.411082875780249e-02	9.309440e-03
2.414989125780249e-02	9.309440e-03
2.418895375780249e-02	9.309440e-03
2.422801625780249e-02	9.309440e-03
2.426707875780248e-02	9.309440e-03
2.430614125780248e-02	9.309440e-03
2.434520375780248e-02	9.309440e-03
2.438426625780248e-02	9.309440e-03
2.442332875780248e-02	9.309440e-03
2.446239125780248e-02	9.309440e-03
2.450145375780248e-02	9.309440e-03
2.454051625780248e-02	9.309440e-03
2.457957875780248e-02	9.309440e-03
2.461864125780248e-02	9.309440e-03
2.465770375780248e-02	9.309440e-03
2.469676625780248e-02	9.309440e-03
2.473582875780247e-02	9.309440e-03
2.477489125780247e-02	9.309440e-03
2.481395375780247e-02	9.309440e-03
2.485301625780247e-02	9.309440e-03
2.489207875780247e-02	9.309440e-03
2.493114125780247e-02	9.309440e-03
2.497020375780247e-02	9.309440e-03
2.500926625780247e-02	9.309440e-03
2.504832875780247e-02	9.309440e-03
2.508739125780247e-02	9.309440e-03
2.512645375780247e-02	9.309440e-03
2.516551625780247e-02	9.309440e-03
2.520457875780246e-02	9.309440e-03
2.524364125780246e-02	9.309440e-03
2.528270375780246e-02	9.309440e-03
2.532176625780246e-02	9.309440e-03
2.536082875780246e-02	9.309440e-03
2.539989125780246e-02	9.309440e-03
2.543895375780246e-02	9.309440e-03
2.547801625780246e-02	9.309440e-03
2.551707875780246e-02	9.309440e-03
2.555614125780246e-02	9.309440e-03
2.559520375780246e-02	9.309440e-03
2.563426625780246e-02	9.309440e-03
2.567332875780245e-02	9.309440e-03
2.571239125780245e-02	9.309440e-03
2.575145375780245e-02	9.309440e-03
2.579051625780245e-02	9.309440e-03
2.582957875780245e-02	9.309440e-03
2.586864125780245e-02	9.309440e-03
2.590770375780245e-02	9.309440e-03
2.594676625780245e-02	9.309440e-03
2.598582875780245e-02	9.309440e-03
2.602489125780245e-02	9.309440e-03
2.606395375780245e-02	9.309440e-03
2.610301625780245e-02	9.309440e-03
2.614207875780244e-02	9.309440e-03
2.618114125780244e-02	9.309440e-03
2.622020375780244e-02	9.309440e-03
2.625926625780244e-02	9.309440e-03
2.629832875780244e-02	9.309440e-03
2.633739125780244e-02	9.309440e-03
2.637645375780244e-02	9.309440e-03
2.641551625780244e-02	9.309440e-03
2.645457875780244e-02	9.309440e-03
2.649364125780244e-02	9.309440e-03
2.653270375780244e-02	9.309440e-03
2.657176625780244e-02	9.309440e-03
2.661082875780243e-02	9.309440e-03
2.664989125780243e-02	9.309440e-03
2.668895375780243e-02	9.309440e-03
2.672801625780243e-02	9.309440e-03
2.676707875780243e-02	9.309440e-03
2.680614125780243e-02	9.309440e-03
2.684520375780243e-02	9.309440e-03
2.688426625780243e-02	9.309440e-03
2.692332875780243e-02	9.309440e-03
2.696239125780243e-02	9.309440e-03
2.700145375780243e-02	9.309440e-03
2.704051625780243e-02	9.309440e-03
2.707957875780242e-02	9.309440e-03
2.711864125780242e-02	9.309440e-03
2.715770375780242e-02	9.309440e-03
2.719676625780242e-02	9.309440e-03
2.723582875780242e-02	9.309440e-03
2.727489125780242e-02	9.309440e-03
2.731395375780242e-02	9.309440e-03
2.735301625780242e-02	9.309440e-03
2.739207875780242e-02	9.309440e-03
2.743114125780242e-02	9.309440e-03
2.747020375780242e-02	9.309440e-03
2.750926625780242e-02	9.309440e-03
2.754832875780241e-02	9.309440e-03
2.758739125780241e-02	9.309440e-03
2.762645375780241e-02	9.309440e-03
2.766551625780241e-02	9.309440e-03
2.770457875780241e-02	9.309440e-03
2.774364125780241e-02	9.309440e-03
2.778270375780241e-02	9.309440e-03
2.782176625780241e-02	9.309440e-03
2.786082875780241e-02	9.309440e-03
2.789989125780241e-02	9.309440e-03
2.793895375780241e-02	9.309440e-03
2.797801625780241e-02	9.309440e-03
2.801707875780240e-02	9.309440e-03
2.805614125780240e-02	9.309440e-03
2.809520375780240e-02	9.309440e-03
2.813426625780240e-02	9.309440e-03
2.817332875780240e-02	9.309440e-03
2.821239125780240e-02	9.309440e-03
2.825145375780240e-02	9.309440e-03
2.829051625780240e-02	9.309440e-03
2.832957875780240e-02	9.309440e-03
2.836864125780240e-02	9.309440e-03
2.840770375780240e-02	9.309440e-03
2.844676625780240e-02	9.309440e-03
2.848582875780239e-02	9.309440e-03
2.852489125780239e-02	9.309440e-03
2.856395375780239e-02	9.309440e-03
2.860301625780239e-02	9.309440e-03
2.864207875780239e-02	9.309440e-03
2.868114125780239e-02	9.309440e-03
2.872020375780239e-02	9.309440e-03
2.875926625780239e-02	9.309440e-03
2.879832875780239e-02	9.309440e-03
2.883739125780239e-02	9.309440e-03
2.887645375780239e-02	9.309440e-03
2.891551625780239e-02	9.309440e-03
2.895457875780238e-02	9.309440e-03
2.899364125780238e-02	9.309440e-03
2.903270375780238e-02	9.309440e-03
2.907176625780238e-02	9.309440e-03
2.911082875780238e-02	9.309440e-03
2.914989125780238e-02	9.309440e-03
2.918895375780238e-02	9.309440e-03
2.922801625780238e-02	9.309440e-03
2.926707875780238e-02	9.309440e-03
2.930614125780238e-02	9.309440e-03
2.934520375780238e-02	9.309440e-03
2.938426625780238e-02	9.309440e-03
2.942332875780237e-02	9.309440e-03
2.946239125780237e-02	9.309440e-03
2.950145375780237e-02	9.309440e-03
2.954051625780237e-02	9.309440e-03
2.957957875780237e-02	9.309440e-03
2.961864125780237e-02	9.309440e-03
2.965770375780237e-02	9.309440e-03
2.969676625780237e-02	9.309440e-03
2.973582875780237e-02	9.309440e-03
2.977489125780237e-02	9.309440e-03
2.981395375780237e-02	9.309440e-03
2.985301625780237e-02	9.309440e-03
2.989207875780237e-02	9.309440e-03
2.993114125780236e-02	9.309440e-03
2.997020375780236e-02	9.309440e-03
3.000000100000000e-02	9.309440e-03
3.000000200000000e-02	-1.067684e-02
3.000001799999999e-02	-5.088114e-03
3.000002010581434e-02	-1.291529e-03
3.000002267801230e-02	-1.311575e-04
3.000002416707365e-02	-4.569262e-05
3.000002654198886e-02	-5.838021e-06
3.000002973022317e-02	1.098235e-07
3.000003610669181e-02	-4.189694e-08
3.000004885962907e-02	2.157052e-08
3.000007436550360e-02	-2.145652e-08
3.000012537725266e-02	1.424936e-08
3.000022740075077e-02	-1.832985e-08
3.000043144774700e-02	1.280184e-08
3.000083954173945e-02	-1.763307e-08
3.000165572972436e-02	1.245997e-08
3.000328810569418e-02	-1.746374e-08
3.000655285763381e-02	1.237570e-08
3.001308236151307e-02	-1.742170e-08
3.002614136927160e-02	1.235471e-08
3.005225938478866e-02	-1.741121e-08
3.009132188478866e-02	1.234888e-08
3.013038438478866e-02	-1.740654e-08
3.016944688478865e-02	1.234421e-08
3.020850938478865e-02	-1.740187e-08
3.024757188478865e-02	1.233953e-08
3.028663438478865e-02	-1.739720e-08
3.032569688478865e-02	1.233487e-08
3.036475938478865e-02	-1.739253e-08
3.040382188478865e-02	1.233020e-08
3.044288438478865e-02	-1.738786e-08
3.048194688478865e-02	1.232553e-08
3.052100938478865e-02	-1.738319e-08
3.056007188478865e-02	1.232086e-08
3.059913438478865e-02	-1.737853e-08
3.063819688478864e-02	1.231620e-08
3.067725938478864e-02	-1.737387e-08
3.071632188478864e-02	1.231153e-08
3.075538438478864e-02	-1.736920e-08
3.079444688478864e-02	1.230688e-08
3.083350938478864e-02	-1.736454e-08
3.087257188478864e-02	1.230222e-08
3.091163438478864e-02	-1.735988e-08
3.095069688478864e-02	1.229756e-08
3.098975938478864e-02	-1.735523e-08
3.102882188478864e-02	1.229290e-08
3.106788438478864e-02	-1.735057e-08
3.110694688478863e-02	1.228825e-08
3.114600938478863e-02	-1.734592e-08
3.118507188478863e-02	1.228360e-08
3.122413438478863e-02	-1.734126e-08
3.126319688478863e-02	1.227894e-08
3.130225938478863e-02	-1.733661e-08
3.134132188478863e-02	1.227429e-08
3.138038438478863e-02	-1.733196e-08
3.141944688478863e-02	1.226964e-08
3.145850938478863e-02	-1.732731e-08
3.149757188478863e-02	1.226499e-08
3.153663438478863e-02	-1.732267e-08
3.157569688478862e-02	1.226035e-08
3.161475938478862e-02	-1.731802e-08
3.165382188478862e-02	1.225570e-08
3.169288438478862e-02	-1.731338e-08
3.173194688478862e-02	1.225106e-08
3.177100938478862e-02	-1.730873e-08
3.181007188478862e-02	1.224641e-08
3.184913438478862e-02	-1.730409e-08
3.188819688478862e-02	1.224178e-08
3.192725938478862e-02	-1.729945e-08
3.196632188478862e-02	1.223713e-08
3.200538438478862e-02	-1.729481e-08
3.204444688478861e-02	1.223249e-08
3.208350938478861e-02	-1.729018e-08
3.212257188478861e-02	1.222786e-08
3.216163438478861e-02	-1.728554e-08
3.220069688478861e-02	1.222322e-08
3.223975938478861e-02	-1.728091e-08
3.227882188478861e-02	1.221859e-08
3.231788438478861e-02	-1.727628e-08
3.235694688478861e-02	1.221396e-08
3.239600938478861e-02	-1.727164e-08
3.243507188478861e-02	1.220933e-08
3.247413438478861e-02	-1.726701e-08
3.251319688478860e-02	1.220470e-08
3.255225938478860e-02	-1.726238e-08
3.259132188478860e-02	1.220007e-08
3.263038438478860e-02	-1.725776e-08
3.266944688478860e-02	1.219545e-08
3.270850938478860e-02	-1.725313e-08
3.274757188478860e-02	1.219082e-08
3.278663438478860e-02	-1.724851e-08
3.282569688478860e-02	1.218620e-08
3.286475938478860e-02	-1.724389e-08
3.290382188478860e-02	1.218157e-08
3.294288438478860e-02	-1.723927e-08
3.298194688478859e-02	1.217696e-08
3.302100938478859e-02	-1.723465e-08
3.306007188478859e-02	1.217234e-08
3.309913438478859e-02	-1.723003e-08
3.313819688478859e-02	1.216773e-08
3.317725938478859e-02	-1.722541e-08
3.321632188478859e-02	1.216311e-08
3.325538438478859e-02	-1.722079e-08
3.329444688478859e-02	1.215849e-08
3.333350938478859e-02	-1.721618e-08
3.337257188478859e-02	1.215388e-08
3.341163438478859e-02	-1.721157e-08
3.345069688478858e-02	1.214926e-08
3.348975938478858e-02	-1.720696e-08
3.352882188478858e-02	1.214465e-08
3.356788438478858e-02	-1.720235e-08
3.360694688478858e-02	1.214004e-08
3.364600938478858e-02	-1.719774e-08
3.368507188478858e-02	1.213544e-08
3.372413438478858e-02	-1.719314e-08
3.376319688478858e-02	1.213083e-08
3.380225938478858e-02	-1.718853e-08
3.384132188478858e-02	1.212623e-08
3.388038438478858e-02	-1.718393e-08
3.391944688478857e-02	1.212163e-08
3.395850938478857e-02	-1.717932e-08
3.399757188478857e-02	1.211703e-08
3.403663438478857e-02	-1.717473e-08
3.407569688478857e-02	1.211243e-08
3.411475938478857e-02	-1.717012e-08
3.415382188478857e-02	1.210783e-08
3.419288438478857e-02	-1.716553e-08
3.423194688478857e-02	1.210323e-08
3.427100938478857e-02	-1.716093e-08
3.431007188478857e-02	1.209863e-08
3.434913438478857e-02	-1.715633e-08
3.438819688478856e-02	1.209404e-08
3.442725938478856e-02	-1.715174e-08
3.446632188478856e-02	1.208945e-08
3.450538438478856e-02	-1.714715e-08
3.454444688478856e-02	1.208486e-08
3.458350938478856e-02	-1.714256e-08
3.462257188478856e-02	1.208027e-08
3.466163438478856e-02	-1.713797e-08
3.470069688478856e-02	1.207568e-08
3.473975938478856e-02	-1.713338e-08
3.477882188478856e-02	1.207109e-08
3.481788438478856e-02	-1.712879e-08
3.485694688478855e-02	1.206650e-08
3.489600938478855e-02	-1.712421e-08
3.493507188478855e-02	1.206192e-08
3.497413438478855e-02	-1.711963e-08
3.501319688478855e-02	1.205733e-08
3.505225938478855e-02	-1.711504e-08
3.509132188478855e-02	1.205275e-08
3.513038438478855e-02	-1.711046e-08
3.516944688478855e-02	1.204817e-08
3.520850938478855e-02	-1.710588e-08
3.524757188478855e-02	1.204360e-08
3.528663438478855e-02	-1.710131e-08
3.532569688478854e-02	1.203902e-08
3.536475938478854e-02	-1.709673e-08
3.540382188478854e-02	1.203445e-08
3.544288438478854e-02	-1.709215e-08
3.548194688478854e-02	1.202987e-08
3.552100938478854e-02	-1.708758e-08
3.556007188478854e-02	1.202530e-08
3.559913438478854e-02	-1.708301e-08
3.563819688478854e-02	1.202073e-08
3.567725938478854e-02	-1.707844e-08
3.571632188478854e-02	1.201616e-08
3.575538438478854e-02	-1.707387e-08
3.579444688478853e-02	1.201159e-08
3.583350938478853e-02	-1.706930e-08
3.587257188478853e-02	1.200702e-08
3.591163438478853e-02	-1.706474e-08
3.595069688478853e-02	1.200246e-08
3.598975938478853e-02	-1.706017e-08
3.602882188478853e-02	1.199789e-08
3.606788438478853e-02	-1.705561e-08
3.610694688478853e-02	1.199333e-08
3.614600938478853e-02	-1.705104e-08
3.618507188478853e-02	1.198877e-08
3.622413438478853e-02	-1.704649e-08
3.626319688478852e-02	1.198421e-08
3.630225938478852e-02	-1.704193e-08
3.634132188478852e-02	1.197965e-08
3.638038438478852e-02	-1.703737e-08
3.641944688478852e-02	1.197509e-08
3.645850938478852e-02	-1.703281e-08
3.649757188478852e-02	1.197054e-08
3.653663438478852e-02	-1.702826e-08
3.657569688478852e-02	1.196598e-08
3.661475938478852e-02	-1.702370e-08
3.665382188478852e-02	1.196143e-08
3.669288438478852e-02	-1.701916e-08
3.673194688478851e-02	1.195688e-08
3.677100938478851e-02	-1.701460e-08
3.681007188478851e-02	1.195233e-08
3.684913438478851e-02	-1.701005e-08
3.688819688478851e-02	1.194778e-08
3.692725938478851e-02	-1.700550e-08
3.696632188478851e-02	1.194324e-08
3.700538438478851e-02	-1.700096e-08
3.704444688478851e-02	1.193869e-08
3.708350938478851e-02	-1.699642e-08
3.712257188478851e-02	1.193415e-08
3.716163438478851e-02	-1.699187e-08
3.720069688478850e-02	1.192961e-08
3.723975938478850e-02	-1.698733e-08
3.727882188478850e-02	1.192507e-08
3.731788438478850e-02	-1.698279e-08
3.735694688478850e-02	1.192052e-08
3.739600938478850e-02	-1.697825e-08
3.743507188478850e-02	1.191598e-08
3.747413438478850e-02	-1.697371e-08
3.751319688478850e-02	1.191145e-08
3.755225938478850e-02	-1.696918e-08
3.759132188478850e-02	1.190691e-08
3.763038438478850e-02	-1.696464e-08
3.766944688478849e-02	1.190238e-08
3.770850938478849e-02	-1.696011e-08
3.774757188478849e-02	1.189785e-08
3.778663438478849e-02	-1.695558e-08
3.782569688478849e-02	1.189332e-08
3.786475938478849e-02	-1.695105e-08
3.790382188478849e-02	1.188879e-08
3.794288438478849e-02	-1.694652e-08
3.798194688478849e-02	1.188426e-08
3.802100938478849e-02	-1.694199e-08
3.806007188478849e-02	1.187973e-08
3.809913438478849e-02	-1.693746e-08
3.813819688478848e-02	1.187520e-08
3.817725938478848e-02	-1.693294e-08
3.821632188478848e-02	1.187068e-08
3.825538438478848e-02	-1.692841e-08
3.829444688478848e-02	1.186615e-08
3.833350938478848e-02	-1.692389e-08
3.837257188478848e-02	1.186163e-08
3.841163438478848e-02	-1.691938e-08
3.845069688478848e-02	1.185711e-08
3.848975938478848e-02	-1.691486e-08
3.852882188478848e-02	1.185260e-08
3.856788438478848e-02	-1.691034e-08
3.860694688478847e-02	1.184808e-08
3.864600938478847e-02	-1.690582e-08
3.868507188478847e-02	1.184357e-08
3.872413438478847e-02	-1.690130e-08
3.876319688478847e-02	1.183905e-08
3.880225938478847e-02	-1.689679e-08
3.884132188478847e-02	1.183454e-08
3.888038438478847e-02	-1.689228e-08
3.891944688478847e-02	1.183002e-08
3.895850938478847e-02	-1.688777e-08
3.899757188478847e-02	1.182552e-08
3.903663438478847e-02	-1.688326e-08
3.907569688478846e-02	1.182101e-08
3.911475938478846e-02	-1.687875e-08
3.915382188478846e-02	1.181650e-08
3.919288438478846e-02	-1.687425e-08
3.923194688478846e-02	1.181199e-08
3.927100938478846e-02	-1.686974e-08
3.931007188478846e-02	1.180749e-08
3.934913438478846e-02	-1.686523e-08
3.938819688478846e-02	1.180299e-08
3.942725938478846e-02	-1.686074e-08
3.946632188478846e-02	1.179849e-08
3.950538438478846e-02	-1.685624e-08
3.954444688478845e-02	1.179399e-08
3.958350938478845e-02	-1.685173e-08
3.962257188478845e-02	1.178949e-08
3.966163438478845e-02	-1.684723e-08
3.970069688478845e-02	1.178499e-08
3.973975938478845e-02	-1.684274e-08
3.977882188478845e-02	1.178049e-08
3.981788438478845e-02	-1.683825e-08
3.985694688478845e-02	1.177600e-08
3.989600938478845e-02	-1.683375e-08
3.993507188478845e-02	1.177150e-08
3.997413438478845e-02	-1.682926e-08
4.000000000000000e-02	1.176587e-08
Step Information: F=100  (Step: 3/10)
0.000000000000000e+00	-2.530001e-09
1.953125022824409e-10	3.463031e-03
2.490975814453329e-10	4.387189e-03
3.566677397711169e-10	6.177448e-03
5.718080564226850e-10	9.441441e-03
1.000000000000000e-09	1.506532e-02
1.290787590458323e-09	1.310893e-02
1.611274956921363e-09	1.152308e-02
1.968944327724464e-09	1.027467e-02
2.530691921930896e-09	9.508594e-03
3.094076273366298e-09	9.456456e-03
4.120519644881166e-09	9.419820e-03
5.789335032834930e-09	9.391950e-03
9.126965808742459e-09	9.365299e-03
1.580222736055751e-08	9.341305e-03
2.366206609298729e-08	9.328112e-03
3.697484225564758e-08	9.317716e-03
5.042372369498745e-08	9.312936e-03
6.850823562039471e-08	9.310111e-03
9.200549284790613e-08	9.309339e-03
1.250923756412080e-07	9.309300e-03
1.584548705916417e-07	9.309415e-03
2.251798604925092e-07	9.309446e-03
3.586298402942442e-07	9.309436e-03
6.252027171085280e-07	9.309443e-03
1.158348470737096e-06	9.309438e-03
2.224639977994231e-06	9.309442e-03
4.357222992508501e-06	9.309438e-03
8.622389021537041e-06	9.309442e-03
1.715272107959412e-05	9.309438e-03
3.421338519570828e-05	9.309442e-03
5.374463519570828e-05	9.309438e-03
7.327588519570828e-05	9.309442e-03
9.280713519570829e-05	9.309438e-03
1.123383851957083e-04	9.309442e-03
1.318696351957083e-04	9.309438e-03
1.514008851957083e-04	9.309442e-03
1.709321351957083e-04	9.309438e-03
1.904633851957083e-04	9.309442e-03
2.099946351957083e-04	9.309438e-03
2.295258851957082e-04	9.309442e-03
2.490571351957083e-04	9.309438e-03
2.685883851957083e-04	9.309442e-03
2.881196351957083e-04	9.309438e-03
3.076508851957083e-04	9.309442e-03
3.271821351957083e-04	9.309438e-03
3.467133851957084e-04	9.309442e-03
3.662446351957084e-04	9.309438e-03
3.857758851957084e-04	9.309442e-03
4.053071351957084e-04	9.309438e-03
4.248383851957084e-04	9.309442e-03
4.443696351957084e-04	9.309438e-03
4.639008851957085e-04	9.309442e-03
4.834321351957085e-04	9.309438e-03
5.029633851957085e-04	9.309442e-03
5.224946351957085e-04	9.309438e-03
5.420258851957085e-04	9.309442e-03
5.615571351957085e-04	9.309438e-03
5.810883851957086e-04	9.309442e-03
6.006196351957086e-04	9.309438e-03
6.201508851957086e-04	9.309442e-03
6.396821351957086e-04	9.309438e-03
6.592133851957086e-04	9.309442e-03
6.787446351957086e-04	9.309438e-03
6.982758851957087e-04	9.309442e-03
7.178071351957087e-04	9.309438e-03
7.373383851957087e-04	9.309442e-03
7.568696351957087e-04	9.309438e-03
7.764008851957087e-04	9.309442e-03
7.959321351957087e-04	9.309438e-03
8.154633851957088e-04	9.309442e-03
8.349946351957088e-04	9.309438e-03
8.545258851957088e-04	9.309442e-03
8.740571351957088e-04	9.309438e-03
8.935883851957088e-04	9.309442e-03
9.131196351957089e-04	9.309438e-03
9.326508851957089e-04	9.309442e-03
9.521821351957089e-04	9.309438e-03
9.717133851957089e-04	9.309442e-03
9.912446351957088e-04	9.309438e-03
1.010775885195709e-03	9.309442e-03
1.030307135195709e-03	9.309438e-03
1.049838385195709e-03	9.309442e-03
1.069369635195709e-03	9.309438e-03
1.088900885195709e-03	9.309442e-03
1.108432135195709e-03	9.309439e-03
1.127963385195709e-03	9.309442e-03
1.147494635195709e-03	9.309439e-03
1.167025885195709e-03	9.309442e-03
1.186557135195709e-03	9.309439e-03
1.206088385195709e-03	9.309442e-03
1.225619635195709e-03	9.309439e-03
1.245150885195709e-03	9.309442e-03
1.264682135195709e-03	9.309439e-03
1.284213385195709e-03	9.309442e-03
1.303744635195709e-03	9.309439e-03
1.323275885195709e-03	9.309442e-03
1.342807135195709e-03	9.309439e-03
1.362338385195709e-03	9.309442e-03
1.381869635195709e-03	9.309439e-03
1.401400885195709e-03	9.309442e-03
1.420932135195709e-03	9.309439e-03
1.440463385195709e-03	9.309442e-03
1.459994635195709e-03	9.309439e-03
1.479525885195709e-03	9.309442e-03
1.499057135195709e-03	9.309439e-03
1.518588385195709e-03	9.309442e-03
1.538119635195709e-03	9.309439e-03
1.557650885195709e-03	9.309442e-03
1.577182135195709e-03	9.309439e-03
1.596713385195709e-03	9.309442e-03
1.616244635195709e-03	9.309439e-03
1.635775885195709e-03	9.309442e-03
1.655307135195709e-03	9.309439e-03
1.674838385195709e-03	9.309442e-03
1.694369635195709e-03	9.309439e-03
1.713900885195709e-03	9.309442e-03
1.733432135195709e-03	9.309439e-03
1.752963385195709e-03	9.309442e-03
1.772494635195710e-03	9.309439e-03
1.792025885195710e-03	9.309442e-03
1.811557135195710e-03	9.309439e-03
1.831088385195710e-03	9.309442e-03
1.850619635195710e-03	9.309439e-03
1.870150885195710e-03	9.309442e-03
1.889682135195710e-03	9.309439e-03
1.909213385195710e-03	9.309442e-03
1.928744635195710e-03	9.309439e-03
1.948275885195710e-03	9.309442e-03
1.967807135195709e-03	9.309439e-03
1.987338385195709e-03	9.309442e-03
2.006869635195709e-03	9.309439e-03
2.026400885195710e-03	9.309442e-03
2.045932135195710e-03	9.309439e-03
2.065463385195710e-03	9.309442e-03
2.084994635195710e-03	9.309439e-03
2.104525885195710e-03	9.309441e-03
2.124057135195710e-03	9.309439e-03
2.143588385195710e-03	9.309441e-03
2.163119635195710e-03	9.309439e-03
2.182650885195710e-03	9.309441e-03
2.202182135195710e-03	9.309439e-03
2.221713385195710e-03	9.309441e-03
2.241244635195710e-03	9.309439e-03
2.260775885195710e-03	9.309441e-03
2.280307135195710e-03	9.309439e-03
2.299838385195710e-03	9.309441e-03
2.319369635195710e-03	9.309439e-03
2.338900885195710e-03	9.309441e-03
2.358432135195710e-03	9.309439e-03
2.377963385195710e-03	9.309441e-03
2.397494635195710e-03	9.309439e-03
2.417025885195710e-03	9.309441e-03
2.436557135195710e-03	9.309439e-03
2.456088385195710e-03	9.309441e-03
2.475619635195710e-03	9.309439e-03
2.495150885195710e-03	9.309441e-03
2.514682135195710e-03	9.309439e-03
2.534213385195710e-03	9.309441e-03
2.553744635195710e-03	9.309439e-03
2.573275885195710e-03	9.309441e-03
2.592807135195710e-03	9.309439e-03
2.612338385195710e-03	9.309441e-03
2.631869635195710e-03	9.309439e-03
2.651400885195710e-03	9.309441e-03
2.670932135195710e-03	9.309439e-03
2.690463385195710e-03	9.309441e-03
2.709994635195710e-03	9.309439e-03
2.729525885195710e-03	9.309441e-03
2.749057135195710e-03	9.309439e-03
2.768588385195710e-03	9.309441e-03
2.788119635195710e-03	9.309439e-03
2.807650885195710e-03	9.309441e-03
2.827182135195710e-03	9.309439e-03
2.846713385195710e-03	9.309441e-03
2.866244635195710e-03	9.309439e-03
2.885775885195710e-03	9.309441e-03
2.905307135195710e-03	9.309439e-03
2.924838385195710e-03	9.309441e-03
2.944369635195710e-03	9.309439e-03
2.963900885195710e-03	9.309441e-03
2.983432135195710e-03	9.309439e-03
3.002963385195710e-03	9.309441e-03
3.022494635195710e-03	9.309439e-03
3.042025885195710e-03	9.309441e-03
3.061557135195710e-03	9.309439e-03
3.081088385195710e-03	9.309441e-03
3.100619635195710e-03	9.309439e-03
3.120150885195710e-03	9.309441e-03
3.139682135195711e-03	9.309439e-03
3.159213385195711e-03	9.309441e-03
3.178744635195711e-03	9.309439e-03
3.198275885195711e-03	9.309441e-03
3.217807135195711e-03	9.309439e-03
3.237338385195711e-03	9.309441e-03
3.256869635195711e-03	9.309439e-03
3.276400885195711e-03	9.309441e-03
3.295932135195711e-03	9.309439e-03
3.315463385195711e-03	9.309441e-03
3.334994635195711e-03	9.309439e-03
3.354525885195711e-03	9.309441e-03
3.374057135195711e-03	9.309439e-03
3.393588385195711e-03	9.309441e-03
3.413119635195711e-03	9.309439e-03
3.432650885195711e-03	9.309441e-03
3.452182135195711e-03	9.309439e-03
3.471713385195711e-03	9.309441e-03
3.491244635195711e-03	9.309439e-03
3.510775885195711e-03	9.309441e-03
3.530307135195711e-03	9.309439e-03
3.549838385195711e-03	9.309441e-03
3.569369635195711e-03	9.309439e-03
3.588900885195711e-03	9.309441e-03
3.608432135195711e-03	9.309439e-03
3.627963385195711e-03	9.309441e-03
3.647494635195711e-03	9.309439e-03
3.667025885195711e-03	9.309441e-03
3.686557135195711e-03	9.309439e-03
3.706088385195711e-03	9.309441e-03
3.725619635195711e-03	9.309439e-03
3.745150885195711e-03	9.309441e-03
3.764682135195711e-03	9.309439e-03
3.784213385195711e-03	9.309441e-03
3.803744635195711e-03	9.309439e-03
3.823275885195711e-03	9.309441e-03
3.842807135195711e-03	9.309439e-03
3.862338385195711e-03	9.309441e-03
3.881869635195711e-03	9.309439e-03
3.901400885195711e-03	9.309441e-03
3.920932135195711e-03	9.309439e-03
3.940463385195710e-03	9.309441e-03
3.959994635195710e-03	9.309439e-03
3.979525885195710e-03	9.309441e-03
3.999057135195709e-03	9.309439e-03
4.018588385195709e-03	9.309441e-03
4.038119635195708e-03	9.309439e-03
4.057650885195708e-03	9.309441e-03
4.077182135195707e-03	9.309439e-03
4.096713385195707e-03	9.309441e-03
4.116244635195707e-03	9.309439e-03
4.135775885195706e-03	9.309441e-03
4.155307135195706e-03	9.309439e-03
4.174838385195705e-03	9.309441e-03
4.194369635195705e-03	9.309439e-03
4.213900885195705e-03	9.309441e-03
4.233432135195704e-03	9.309439e-03
4.252963385195704e-03	9.309441e-03
4.272494635195703e-03	9.309439e-03
4.292025885195703e-03	9.309441e-03
4.311557135195702e-03	9.309439e-03
4.331088385195702e-03	9.309441e-03
4.350619635195702e-03	9.309439e-03
4.370150885195701e-03	9.309441e-03
4.389682135195701e-03	9.309439e-03
4.409213385195700e-03	9.309441e-03
4.428744635195700e-03	9.309439e-03
4.448275885195700e-03	9.309441e-03
4.467807135195699e-03	9.309439e-03
4.487338385195699e-03	9.309441e-03
4.506869635195698e-03	9.309439e-03
4.526400885195698e-03	9.309441e-03
4.545932135195697e-03	9.309439e-03
4.565463385195697e-03	9.309441e-03
4.584994635195697e-03	9.309439e-03
4.604525885195696e-03	9.309441e-03
4.624057135195696e-03	9.309439e-03
4.643588385195695e-03	9.309441e-03
4.663119635195695e-03	9.309439e-03
4.682650885195695e-03	9.309441e-03
4.702182135195694e-03	9.309439e-03
4.721713385195694e-03	9.309441e-03
4.741244635195693e-03	9.309439e-03
4.760775885195693e-03	9.309441e-03
4.780307135195692e-03	9.309439e-03
4.799838385195692e-03	9.309441e-03
4.819369635195692e-03	9.309439e-03
4.838900885195691e-03	9.309441e-03
4.858432135195691e-03	9.309439e-03
4.877963385195690e-03	9.309441e-03
4.897494635195690e-03	9.309439e-03
4.917025885195690e-03	9.309441e-03
4.936557135195689e-03	9.309439e-03
4.956088385195689e-03	9.309441e-03
4.975619635195688e-03	9.309439e-03
4.995150885195688e-03	9.309441e-03
5.000001000000000e-03	9.309439e-03
5.000002000000001e-03	-1.067684e-02
5.000018000000006e-03	-5.088277e-03
5.000020105800705e-03	-1.291602e-03
5.000022677993172e-03	-1.311674e-04
5.000024167031188e-03	-4.569696e-05
5.000026541927632e-03	-5.838755e-06
5.000029730068378e-03	1.097520e-07
5.000036106349869e-03	-4.187044e-08
5.000048858912852e-03	2.155393e-08
5.000074364038818e-03	-2.144335e-08
5.000125374290749e-03	1.423763e-08
5.000227394794611e-03	-1.831877e-08
5.000431435802335e-03	1.279107e-08
5.000839517817783e-03	-1.762246e-08
5.001655681848679e-03	1.244944e-08
5.003288009910471e-03	-1.745325e-08
5.006552666034055e-03	1.236524e-08
5.013081978281224e-03	-1.741124e-08
5.026140602775561e-03	1.234425e-08
5.045671852775561e-03	-1.739958e-08
5.065203102775561e-03	1.233491e-08
5.084734352775560e-03	-1.739024e-08
5.104265602775560e-03	1.232558e-08
5.123796852775559e-03	-1.738091e-08
5.143328102775559e-03	1.231625e-08
5.162859352775558e-03	-1.737158e-08
5.182390602775558e-03	1.230693e-08
5.201921852775558e-03	-1.736226e-08
5.221453102775557e-03	1.229761e-08
5.240984352775557e-03	-1.735295e-08
5.260515602775556e-03	1.228830e-08
5.280046852775556e-03	-1.734364e-08
5.299578102775556e-03	1.227899e-08
5.319109352775555e-03	-1.733434e-08
5.338640602775555e-03	1.226969e-08
5.358171852775554e-03	-1.732504e-08
5.377703102775554e-03	1.226039e-08
5.397234352775553e-03	-1.731575e-08
5.416765602775553e-03	1.225111e-08
5.436296852775553e-03	-1.730646e-08
5.455828102775552e-03	1.224182e-08
5.475359352775552e-03	-1.729718e-08
5.494890602775551e-03	1.223254e-08
5.514421852775551e-03	-1.728791e-08
5.533953102775551e-03	1.222327e-08
5.553484352775550e-03	-1.727864e-08
5.573015602775550e-03	1.221401e-08
5.592546852775549e-03	-1.726938e-08
5.612078102775549e-03	1.220475e-08
5.631609352775548e-03	-1.726012e-08
5.651140602775548e-03	1.219549e-08
5.670671852775548e-03	-1.725087e-08
5.690203102775547e-03	1.218625e-08
5.709734352775547e-03	-1.724162e-08
5.729265602775546e-03	1.217701e-08
5.748796852775546e-03	-1.723239e-08
5.768328102775546e-03	1.216777e-08
5.787859352775545e-03	-1.722315e-08
5.807390602775545e-03	1.215854e-08
5.826921852775544e-03	-1.721393e-08
5.846453102775544e-03	1.214932e-08
5.865984352775543e-03	-1.720470e-08
5.885515602775543e-03	1.214010e-08
5.905046852775543e-03	-1.719548e-08
5.924578102775542e-03	1.213088e-08
5.944109352775542e-03	-1.718627e-08
5.963640602775541e-03	1.212167e-08
5.983171852775541e-03	-1.717707e-08
6.002703102775541e-03	1.211247e-08
6.022234352775540e-03	-1.716787e-08
6.041765602775540e-03	1.210328e-08
6.061296852775539e-03	-1.715868e-08
6.080828102775539e-03	1.209409e-08
6.100359352775538e-03	-1.714949e-08
6.119890602775538e-03	1.208491e-08
6.139421852775538e-03	-1.714031e-08
6.158953102775537e-03	1.207572e-08
6.178484352775537e-03	-1.713114e-08
6.198015602775536e-03	1.206655e-08
6.217546852775536e-03	-1.712197e-08
6.237078102775536e-03	1.205738e-08
6.256609352775535e-03	-1.711280e-08
6.276140602775535e-03	1.204823e-08
6.295671852775534e-03	-1.710364e-08
6.315203102775534e-03	1.203907e-08
6.334734352775533e-03	-1.709449e-08
6.354265602775533e-03	1.202992e-08
6.373796852775533e-03	-1.708535e-08
6.393328102775532e-03	1.202078e-08
6.412859352775532e-03	-1.707620e-08
6.432390602775531e-03	1.201163e-08
6.451921852775531e-03	-1.706707e-08
6.471453102775531e-03	1.200251e-08
6.490984352775530e-03	-1.705794e-08
6.510515602775530e-03	1.199338e-08
6.530046852775529e-03	-1.704881e-08
6.549578102775529e-03	1.198426e-08
6.569109352775528e-03	-1.703970e-08
6.588640602775528e-03	1.197514e-08
6.608171852775528e-03	-1.703058e-08
6.627703102775527e-03	1.196603e-08
6.647234352775527e-03	-1.702148e-08
6.666765602775526e-03	1.195693e-08
6.686296852775526e-03	-1.701238e-08
6.705828102775526e-03	1.194783e-08
6.725359352775525e-03	-1.700328e-08
6.744890602775525e-03	1.193873e-08
6.764421852775524e-03	-1.699419e-08
6.783953102775524e-03	1.192965e-08
6.803484352775523e-03	-1.698511e-08
6.823015602775523e-03	1.192057e-08
6.842546852775523e-03	-1.697603e-08
6.862078102775522e-03	1.191149e-08
6.881609352775522e-03	-1.696696e-08
6.901140602775521e-03	1.190243e-08
6.920671852775521e-03	-1.695789e-08
6.940203102775521e-03	1.189336e-08
6.959734352775520e-03	-1.694883e-08
6.979265602775520e-03	1.188430e-08
6.998796852775519e-03	-1.693977e-08
7.018328102775519e-03	1.187525e-08
7.037859352775518e-03	-1.693072e-08
7.057390602775518e-03	1.186620e-08
7.076921852775518e-03	-1.692168e-08
7.096453102775517e-03	1.185716e-08
7.115984352775517e-03	-1.691264e-08
7.135515602775516e-03	1.184813e-08
7.155046852775516e-03	-1.690361e-08
7.174578102775516e-03	1.183910e-08
7.194109352775515e-03	-1.689458e-08
7.213640602775515e-03	1.183007e-08
7.233171852775514e-03	-1.688557e-08
7.252703102775514e-03	1.182106e-08
7.272234352775513e-03	-1.687655e-08
7.291765602775513e-03	1.181204e-08
7.311296852775513e-03	-1.686753e-08
7.330828102775512e-03	1.180303e-08
7.350359352775512e-03	-1.685853e-08
7.369890602775511e-03	1.179403e-08
7.389421852775511e-03	-1.684953e-08
7.408953102775511e-03	1.178504e-08
7.428484352775510e-03	-1.684054e-08
7.448015602775510e-03	1.177605e-08
7.467546852775509e-03	-1.683156e-08
7.487078102775509e-03	1.176706e-08
7.506609352775508e-03	-1.682257e-08
7.526140602775508e-03	1.175808e-08
7.545671852775508e-03	-1.681359e-08
7.565203102775507e-03	1.174911e-08
7.584734352775507e-03	-1.680463e-08
7.604265602775506e-03	1.174015e-08
7.623796852775506e-03	-1.679566e-08
7.643328102775506e-03	1.173118e-08
7.662859352775505e-03	-1.678670e-08
7.682390602775505e-03	1.172223e-08
7.701921852775504e-03	-1.677775e-08
7.721453102775504e-03	1.171327e-08
7.740984352775503e-03	-1.676880e-08
7.760515602775503e-03	1.170433e-08
7.780046852775503e-03	-1.675986e-08
7.799578102775502e-03	1.169539e-08
7.819109352775503e-03	-1.675092e-08
7.838640602775502e-03	1.168646e-08
7.858171852775502e-03	-1.674199e-08
7.877703102775501e-03	1.167753e-08
7.897234352775501e-03	-1.673307e-08
7.916765602775501e-03	1.166861e-08
7.936296852775500e-03	-1.672415e-08
7.955828102775500e-03	1.165969e-08
7.975359352775499e-03	-1.671523e-08
7.994890602775499e-03	1.165077e-08
8.014421852775499e-03	-1.670633e-08
8.033953102775498e-03	1.164187e-08
8.053484352775498e-03	-1.669742e-08
8.073015602775497e-03	1.163297e-08
8.092546852775497e-03	-1.668852e-08
8.112078102775496e-03	1.162408e-08
8.131609352775496e-03	-1.667963e-08
8.151140602775496e-03	1.161519e-08
8.170671852775495e-03	-1.667074e-08
8.190203102775495e-03	1.160631e-08
8.209734352775494e-03	-1.666186e-08
8.229265602775494e-03	1.159743e-08
8.248796852775494e-03	-1.665299e-08
8.268328102775493e-03	1.158855e-08
8.287859352775493e-03	-1.664412e-08
8.307390602775492e-03	1.157969e-08
8.326921852775492e-03	-1.663525e-08
8.346453102775491e-03	1.157083e-08
8.365984352775491e-03	-1.662640e-08
8.385515602775491e-03	1.156197e-08
8.405046852775490e-03	-1.661754e-08
8.424578102775490e-03	1.155312e-08
8.444109352775489e-03	-1.660869e-08
8.463640602775489e-03	1.154428e-08
8.483171852775489e-03	-1.659985e-08
8.502703102775488e-03	1.153544e-08
8.522234352775488e-03	-1.659102e-08
8.541765602775487e-03	1.152661e-08
8.561296852775487e-03	-1.658219e-08
8.580828102775486e-03	1.151778e-08
8.600359352775486e-03	-1.657336e-08
8.619890602775486e-03	1.150895e-08
8.639421852775485e-03	-1.656454e-08
8.658953102775485e-03	1.150014e-08
8.678484352775484e-03	-1.655573e-08
8.698015602775484e-03	1.149133e-08
8.717546852775484e-03	-1.654692e-08
8.737078102775483e-03	1.148252e-08
8.756609352775483e-03	-1.653812e-08
8.776140602775482e-03	1.147372e-08
8.795671852775482e-03	-1.652932e-08
8.815203102775481e-03	1.146493e-08
8.834734352775481e-03	-1.652053e-08
8.854265602775481e-03	1.145613e-08
8.873796852775480e-03	-1.651174e-08
8.893328102775480e-03	1.144735e-08
8.912859352775479e-03	-1.650296e-08
8.932390602775479e-03	1.143858e-08
8.951921852775479e-03	-1.649419e-08
8.971453102775478e-03	1.142980e-08
8.990984352775478e-03	-1.648542e-08
9.010515602775477e-03	1.142103e-08
9.030046852775477e-03	-1.647665e-08
9.049578102775476e-03	1.141227e-08
9.069109352775476e-03	-1.646789e-08
9.088640602775476e-03	1.140352e-08
9.108171852775475e-03	-1.645914e-08
9.127703102775475e-03	1.139477e-08
9.147234352775474e-03	-1.645039e-08
9.166765602775474e-03	1.138603e-08
9.186296852775474e-03	-1.644165e-08
9.205828102775473e-03	1.137728e-08
9.225359352775473e-03	-1.643292e-08
9.244890602775472e-03	1.136855e-08
9.264421852775472e-03	-1.642418e-08
9.283953102775471e-03	1.135982e-08
9.303484352775471e-03	-1.641545e-08
9.323015602775471e-03	1.135110e-08
9.342546852775470e-03	-1.640674e-08
9.362078102775470e-03	1.134238e-08
9.381609352775469e-03	-1.639802e-08
9.401140602775469e-03	1.133367e-08
9.420671852775469e-03	-1.638931e-08
9.440203102775468e-03	1.132496e-08
9.459734352775468e-03	-1.638061e-08
9.479265602775467e-03	1.131626e-08
9.498796852775467e-03	-1.637191e-08
9.518328102775466e-03	1.130756e-08
9.537859352775466e-03	-1.636322e-08
9.557390602775466e-03	1.129887e-08
9.576921852775465e-03	-1.635453e-08
9.596453102775465e-03	1.129019e-08
9.615984352775464e-03	-1.634585e-08
9.635515602775464e-03	1.128151e-08
9.655046852775464e-03	-1.633717e-08
9.674578102775463e-03	1.127284e-08
9.694109352775463e-03	-1.632850e-08
9.713640602775462e-03	1.126417e-08
9.733171852775462e-03	-1.631983e-08
9.752703102775461e-03	1.125551e-08
9.772234352775461e-03	-1.631117e-08
9.791765602775461e-03	1.124684e-08
9.811296852775460e-03	-1.630251e-08
9.830828102775460e-03	1.123819e-08
9.850359352775459e-03	-1.629387e-08
9.869890602775459e-03	1.122955e-08
9.889421852775459e-03	-1.628522e-08
9.908953102775458e-03	1.122091e-08
9.928484352775458e-03	-1.627659e-08
9.948015602775457e-03	1.121227e-08
9.967546852775457e-03	-1.626795e-08
9.987078102775456e-03	1.120364e-08
1.000000000000000e-02	-1.625712e-08
1.000000100000000e-02	1.543009e-02
1.000000104495207e-02	1.507668e-02
1.000000113485620e-02	1.440937e-02
1.000000131466447e-02	1.324280e-02
1.000000167428101e-02	1.145214e-02
1.000000175195787e-02	1.114925e-02
1.000000190731158e-02	1.060526e-02
1.000000221801900e-02	9.767921e-03
1.000000283943385e-02	9.477844e-03
1.000000344831677e-02	9.442185e-03
1.000000466608260e-02	9.409508e-03
1.000000710161428e-02	9.379621e-03
1.000001197267763e-02	9.352771e-03
1.000001941314140e-02	9.334019e-03
1.000003022647371e-02	9.321570e-03
1.000004440181550e-02	9.314739e-03
1.000006050991510e-02	9.311376e-03
1.000007874185011e-02	9.309851e-03
1.000010744793794e-02	9.309386e-03
1.000014369107421e-02	9.309385e-03
1.000019079307623e-02	9.309440e-03
1.000028499708026e-02	9.309440e-03
1.000047340508834e-02	9.309440e-03
1.000085022110449e-02	9.309440e-03
1.000160385313680e-02	9.309440e-03
1.000311111720141e-02	9.309440e-03
1.000612564533062e-02	9.309440e-03
1.001215470158906e-02	9.309440e-03
1.002421281410593e-02	9.309440e-03
1.004374406410593e-02	9.309440e-03
1.006327531410593e-02	9.309440e-03
1.008280656410593e-02	9.309440e-03
1.010233781410593e-02	9.309440e-03
1.012186906410593e-02	9.309440e-03
1.014140031410593e-02	9.309440e-03
1.016093156410593e-02	9.309440e-03
1.018046281410593e-02	9.309440e-03
1.019999406410593e-02	9.309440e-03
1.021952531410593e-02	9.309440e-03
1.023905656410593e-02	9.309440e-03
1.025858781410593e-02	9.309440e-03
1.027811906410593e-02	9.309440e-03
1.029765031410593e-02	9.309440e-03
1.031718156410593e-02	9.309440e-03
1.033671281410593e-02	9.309440e-03
1.035624406410593e-02	9.309440e-03
1.037577531410593e-02	9.309440e-03
1.039530656410593e-02	9.309440e-03
1.041483781410592e-02	9.309440e-03
1.043436906410592e-02	9.309440e-03
1.045390031410592e-02	9.309440e-03
1.047343156410592e-02	9.309440e-03
1.049296281410592e-02	9.309440e-03
1.051249406410592e-02	9.309440e-03
1.053202531410592e-02	9.309440e-03
1.055155656410592e-02	9.309440e-03
1.057108781410592e-02	9.309440e-03
1.059061906410592e-02	9.309440e-03
1.061015031410592e-02	9.309440e-03
1.062968156410592e-02	9.309440e-03
1.064921281410592e-02	9.309440e-03
1.066874406410592e-02	9.309440e-03
1.068827531410592e-02	9.309440e-03
1.070780656410592e-02	9.309440e-03
1.072733781410592e-02	9.309440e-03
1.074686906410592e-02	9.309440e-03
1.076640031410592e-02	9.309440e-03
1.078593156410592e-02	9.309440e-03
1.080546281410592e-02	9.309440e-03
1.082499406410592e-02	9.309440e-03
1.084452531410592e-02	9.309440e-03
1.086405656410592e-02	9.309440e-03
1.088358781410591e-02	9.309440e-03
1.090311906410591e-02	9.309440e-03
1.092265031410591e-02	9.309440e-03
1.094218156410591e-02	9.309440e-03
1.096171281410591e-02	9.309440e-03
1.098124406410591e-02	9.309440e-03
1.100077531410591e-02	9.309440e-03
1.102030656410591e-02	9.309440e-03
1.103983781410591e-02	9.309440e-03
1.105936906410591e-02	9.309440e-03
1.107890031410591e-02	9.309440e-03
1.109843156410591e-02	9.309440e-03
1.111796281410591e-02	9.309440e-03
1.113749406410591e-02	9.309440e-03
1.115702531410591e-02	9.309440e-03
1.117655656410591e-02	9.309440e-03
1.119608781410591e-02	9.309440e-03
1.121561906410591e-02	9.309440e-03
1.123515031410591e-02	9.309440e-03
1.125468156410591e-02	9.309440e-03
1.127421281410591e-02	9.309440e-03
1.129374406410591e-02	9.309440e-03
1.131327531410591e-02	9.309440e-03
1.133280656410591e-02	9.309440e-03
1.135233781410590e-02	9.309440e-03
1.137186906410590e-02	9.309440e-03
1.139140031410590e-02	9.309440e-03
1.141093156410590e-02	9.309440e-03
1.143046281410590e-02	9.309440e-03
1.144999406410590e-02	9.309440e-03
1.146952531410590e-02	9.309440e-03
1.148905656410590e-02	9.309440e-03
1.150858781410590e-02	9.309440e-03
1.152811906410590e-02	9.309440e-03
1.154765031410590e-02	9.309440e-03
1.156718156410590e-02	9.309440e-03
1.158671281410590e-02	9.309440e-03
1.160624406410590e-02	9.309440e-03
1.162577531410590e-02	9.309440e-03
1.164530656410590e-02	9.309440e-03
1.166483781410590e-02	9.309440e-03
1.168436906410590e-02	9.309440e-03
1.170390031410590e-02	9.309440e-03
1.172343156410590e-02	9.309440e-03
1.174296281410590e-02	9.309440e-03
1.176249406410590e-02	9.309440e-03
1.178202531410590e-02	9.309440e-03
1.180155656410590e-02	9.309440e-03
1.182108781410589e-02	9.309440e-03
1.184061906410589e-02	9.309440e-03
1.186015031410589e-02	9.309440e-03
1.187968156410589e-02	9.309440e-03
1.189921281410589e-02	9.309440e-03
1.191874406410589e-02	9.309440e-03
1.193827531410589e-02	9.309440e-03
1.195780656410589e-02	9.309440e-03
1.197733781410589e-02	9.309440e-03
1.199686906410589e-02	9.309440e-03
1.201640031410589e-02	9.309440e-03
1.203593156410589e-02	9.309440e-03
1.205546281410589e-02	9.309440e-03
1.207499406410589e-02	9.309440e-03
1.209452531410589e-02	9.309440e-03
1.211405656410589e-02	9.309440e-03
1.213358781410589e-02	9.309440e-03
1.215311906410589e-02	9.309440e-03
1.217265031410589e-02	9.309440e-03
1.219218156410589e-02	9.309440e-03
1.221171281410589e-02	9.309440e-03
1.223124406410589e-02	9.309440e-03
1.225077531410589e-02	9.309440e-03
1.227030656410589e-02	9.309440e-03
1.228983781410588e-02	9.309440e-03
1.230936906410588e-02	9.309440e-03
1.232890031410588e-02	9.309440e-03
1.234843156410588e-02	9.309440e-03
1.236796281410588e-02	9.309440e-03
1.238749406410588e-02	9.309440e-03
1.240702531410588e-02	9.309440e-03
1.242655656410588e-02	9.309440e-03
1.244608781410588e-02	9.309440e-03
1.246561906410588e-02	9.309440e-03
1.248515031410588e-02	9.309440e-03
1.250468156410588e-02	9.309440e-03
1.252421281410588e-02	9.309440e-03
1.254374406410588e-02	9.309440e-03
1.256327531410588e-02	9.309440e-03
1.258280656410588e-02	9.309440e-03
1.260233781410588e-02	9.309440e-03
1.262186906410588e-02	9.309440e-03
1.264140031410588e-02	9.309440e-03
1.266093156410588e-02	9.309440e-03
1.268046281410588e-02	9.309440e-03
1.269999406410588e-02	9.309440e-03
1.271952531410588e-02	9.309440e-03
1.273905656410588e-02	9.309440e-03
1.275858781410587e-02	9.309440e-03
1.277811906410587e-02	9.309440e-03
1.279765031410587e-02	9.309440e-03
1.281718156410587e-02	9.309440e-03
1.283671281410587e-02	9.309440e-03
1.285624406410587e-02	9.309440e-03
1.287577531410587e-02	9.309440e-03
1.289530656410587e-02	9.309440e-03
1.291483781410587e-02	9.309440e-03
1.293436906410587e-02	9.309440e-03
1.295390031410587e-02	9.309440e-03
1.297343156410587e-02	9.309440e-03
1.299296281410587e-02	9.309440e-03
1.301249406410587e-02	9.309440e-03
1.303202531410587e-02	9.309440e-03
1.305155656410587e-02	9.309440e-03
1.307108781410587e-02	9.309440e-03
1.309061906410587e-02	9.309440e-03
1.311015031410587e-02	9.309440e-03
1.312968156410587e-02	9.309440e-03
1.314921281410587e-02	9.309440e-03
1.316874406410587e-02	9.309440e-03
1.318827531410587e-02	9.309440e-03
1.320780656410587e-02	9.309440e-03
1.322733781410586e-02	9.309440e-03
1.324686906410586e-02	9.309440e-03
1.326640031410586e-02	9.309440e-03
1.328593156410586e-02	9.309440e-03
1.330546281410586e-02	9.309440e-03
1.332499406410586e-02	9.309440e-03
1.334452531410586e-02	9.309440e-03
1.336405656410586e-02	9.309440e-03
1.338358781410586e-02	9.309440e-03
1.340311906410586e-02	9.309440e-03
1.342265031410586e-02	9.309440e-03
1.344218156410586e-02	9.309440e-03
1.346171281410586e-02	9.309440e-03
1.348124406410586e-02	9.309440e-03
1.350077531410586e-02	9.309440e-03
1.352030656410586e-02	9.309440e-03
1.353983781410586e-02	9.309440e-03
1.355936906410586e-02	9.309440e-03
1.357890031410586e-02	9.309440e-03
1.359843156410586e-02	9.309440e-03
1.361796281410586e-02	9.309440e-03
1.363749406410586e-02	9.309440e-03
1.365702531410586e-02	9.309440e-03
1.367655656410586e-02	9.309440e-03
1.369608781410585e-02	9.309440e-03
1.371561906410585e-02	9.309440e-03
1.373515031410585e-02	9.309440e-03
1.375468156410585e-02	9.309440e-03
1.377421281410585e-02	9.309440e-03
1.379374406410585e-02	9.309440e-03
1.381327531410585e-02	9.309440e-03
1.383280656410585e-02	9.309440e-03
1.385233781410585e-02	9.309440e-03
1.387186906410585e-02	9.309440e-03
1.389140031410585e-02	9.309440e-03
1.391093156410585e-02	9.309440e-03
1.393046281410585e-02	9.309440e-03
1.394999406410585e-02	9.309440e-03
1.396952531410585e-02	9.309440e-03
1.398905656410585e-02	9.309440e-03
1.400858781410585e-02	9.309440e-03
1.402811906410585e-02	9.309440e-03
1.404765031410585e-02	9.309440e-03
1.406718156410585e-02	9.309440e-03
1.408671281410585e-02	9.309440e-03
1.410624406410585e-02	9.309440e-03
1.412577531410585e-02	9.309440e-03
1.414530656410585e-02	9.309440e-03
1.416483781410584e-02	9.309440e-03
1.418436906410584e-02	9.309440e-03
1.420390031410584e-02	9.309440e-03
1.422343156410584e-02	9.309440e-03
1.424296281410584e-02	9.309440e-03
1.426249406410584e-02	9.309440e-03
1.428202531410584e-02	9.309440e-03
1.430155656410584e-02	9.309440e-03
1.432108781410584e-02	9.309440e-03
1.434061906410584e-02	9.309440e-03
1.436015031410584e-02	9.309440e-03
1.437968156410584e-02	9.309440e-03
1.439921281410584e-02	9.309440e-03
1.441874406410584e-02	9.309440e-03
1.443827531410584e-02	9.309440e-03
1.445780656410584e-02	9.309440e-03
1.447733781410584e-02	9.309440e-03
1.449686906410584e-02	9.309440e-03
1.451640031410584e-02	9.309440e-03
1.453593156410584e-02	9.309440e-03
1.455546281410584e-02	9.309440e-03
1.457499406410584e-02	9.309440e-03
1.459452531410584e-02	9.309440e-03
1.461405656410584e-02	9.309440e-03
1.463358781410583e-02	9.309440e-03
1.465311906410583e-02	9.309440e-03
1.467265031410583e-02	9.309440e-03
1.469218156410583e-02	9.309440e-03
1.471171281410583e-02	9.309440e-03
1.473124406410583e-02	9.309440e-03
1.475077531410583e-02	9.309440e-03
1.477030656410583e-02	9.309440e-03
1.478983781410583e-02	9.309440e-03
1.480936906410583e-02	9.309440e-03
1.482890031410583e-02	9.309440e-03
1.484843156410583e-02	9.309440e-03
1.486796281410583e-02	9.309440e-03
1.488749406410583e-02	9.309440e-03
1.490702531410583e-02	9.309440e-03
1.492655656410583e-02	9.309440e-03
1.494608781410583e-02	9.309440e-03
1.496561906410583e-02	9.309440e-03
1.498515031410583e-02	9.309440e-03
1.500000100000000e-02	9.309440e-03
1.500000200000000e-02	-1.067684e-02
1.500001799999999e-02	-5.088114e-03
1.500002010581430e-02	-1.291530e-03
1.500002267801225e-02	-1.311575e-04
1.500002416707355e-02	-4.569263e-05
1.500002654198871e-02	-5.838023e-06
1.500002973022281e-02	1.098233e-07
1.500003610669099e-02	-4.189688e-08
1.500004885962736e-02	2.157048e-08
1.500007436550010e-02	-2.145649e-08
1.500012537724557e-02	1.424933e-08
1.500022740073653e-02	-1.832982e-08
1.500043144771843e-02	1.280180e-08
1.500083954168225e-02	-1.763304e-08
1.500165572960987e-02	1.245994e-08
1.500328810546512e-02	-1.746371e-08
1.500655285717563e-02	1.237568e-08
1.501308236059663e-02	-1.742168e-08
1.502614136743863e-02	1.235469e-08
1.504567261743863e-02	-1.741001e-08
1.506520386743863e-02	1.234534e-08
1.508473511743863e-02	-1.740067e-08
1.510426636743863e-02	1.233599e-08
1.512379761743863e-02	-1.739132e-08
1.514332886743863e-02	1.232666e-08
1.516286011743863e-02	-1.738199e-08
1.518239136743863e-02	1.231733e-08
1.520192261743863e-02	-1.737266e-08
1.522145386743863e-02	1.230801e-08
1.524098511743863e-02	-1.736334e-08
1.526051636743863e-02	1.229869e-08
1.528004761743863e-02	-1.735403e-08
1.529957886743863e-02	1.228937e-08
1.531911011743863e-02	-1.734472e-08
1.533864136743863e-02	1.228006e-08
1.535817261743863e-02	-1.733541e-08
1.537770386743863e-02	1.227076e-08
1.539723511743863e-02	-1.732612e-08
1.541676636743862e-02	1.226147e-08
1.543629761743862e-02	-1.731683e-08
1.545582886743862e-02	1.225219e-08
1.547536011743862e-02	-1.730754e-08
1.549489136743862e-02	1.224290e-08
1.551442261743862e-02	-1.729825e-08
1.553395386743862e-02	1.223362e-08
1.555348511743862e-02	-1.728898e-08
1.557301636743862e-02	1.222435e-08
1.559254761743862e-02	-1.727971e-08
1.561207886743862e-02	1.221508e-08
1.563161011743862e-02	-1.727045e-08
1.565114136743862e-02	1.220582e-08
1.567067261743862e-02	-1.726119e-08
1.569020386743862e-02	1.219657e-08
1.570973511743862e-02	-1.725194e-08
1.572926636743862e-02	1.218732e-08
1.574879761743862e-02	-1.724270e-08
1.576832886743862e-02	1.217808e-08
1.578786011743862e-02	-1.723346e-08
1.580739136743862e-02	1.216884e-08
1.582692261743862e-02	-1.722422e-08
1.584645386743862e-02	1.215961e-08
1.586598511743862e-02	-1.721499e-08
1.588551636743862e-02	1.215038e-08
1.590504761743862e-02	-1.720577e-08
1.592457886743862e-02	1.214116e-08
1.594411011743862e-02	-1.719655e-08
1.596364136743861e-02	1.213195e-08
1.598317261743861e-02	-1.718734e-08
1.600270386743861e-02	1.212274e-08
1.602223511743861e-02	-1.717814e-08
1.604176636743861e-02	1.211354e-08
1.606129761743861e-02	-1.716894e-08
1.608082886743861e-02	1.210434e-08
1.610036011743861e-02	-1.715974e-08
1.611989136743861e-02	1.209515e-08
1.613942261743861e-02	-1.715056e-08
1.615895386743861e-02	1.208597e-08
1.617848511743861e-02	-1.714137e-08
1.619801636743861e-02	1.207679e-08
1.621754761743861e-02	-1.713220e-08
1.623707886743861e-02	1.206762e-08
1.625661011743861e-02	-1.712303e-08
1.627614136743861e-02	1.205845e-08
1.629567261743861e-02	-1.711386e-08
1.631520386743861e-02	1.204929e-08
1.633473511743861e-02	-1.710471e-08
1.635426636743861e-02	1.204013e-08
1.637379761743861e-02	-1.709555e-08
1.639332886743861e-02	1.203098e-08
1.641286011743861e-02	-1.708640e-08
1.643239136743860e-02	1.202184e-08
1.645192261743860e-02	-1.707726e-08
1.647145386743860e-02	1.201269e-08
1.649098511743860e-02	-1.706813e-08
1.651051636743860e-02	1.200357e-08
1.653004761743860e-02	-1.705900e-08
1.654957886743860e-02	1.199443e-08
1.656911011743860e-02	-1.704987e-08
1.658864136743860e-02	1.198531e-08
1.660817261743860e-02	-1.704075e-08
1.662770386743860e-02	1.197620e-08
1.664723511743860e-02	-1.703164e-08
1.666676636743860e-02	1.196709e-08
1.668629761743860e-02	-1.702253e-08
1.670582886743860e-02	1.195798e-08
1.672536011743860e-02	-1.701343e-08
1.674489136743860e-02	1.194888e-08
1.676442261743860e-02	-1.700433e-08
1.678395386743860e-02	1.193979e-08
1.680348511743860e-02	-1.699524e-08
1.682301636743860e-02	1.193071e-08
1.684254761743860e-02	-1.698616e-08
1.686207886743860e-02	1.192162e-08
1.688161011743860e-02	-1.697708e-08
1.690114136743859e-02	1.191255e-08
1.692067261743859e-02	-1.696801e-08
1.694020386743859e-02	1.190348e-08
1.695973511743859e-02	-1.695894e-08
1.697926636743859e-02	1.189441e-08
1.699879761743859e-02	-1.694988e-08
1.701832886743859e-02	1.188536e-08
1.703786011743859e-02	-1.694082e-08
1.705739136743859e-02	1.187630e-08
1.707692261743859e-02	-1.693177e-08
1.709645386743859e-02	1.186726e-08
1.711598511743859e-02	-1.692273e-08
1.713551636743859e-02	1.185821e-08
1.715504761743859e-02	-1.691369e-08
1.717457886743859e-02	1.184917e-08
1.719411011743859e-02	-1.690466e-08
1.721364136743859e-02	1.184014e-08
1.723317261743859e-02	-1.689563e-08
1.725270386743859e-02	1.183111e-08
1.727223511743859e-02	-1.688661e-08
1.729176636743859e-02	1.182210e-08
1.731129761743859e-02	-1.687759e-08
1.733082886743859e-02	1.181309e-08
1.735036011743859e-02	-1.686858e-08
1.736989136743858e-02	1.180408e-08
1.738942261743858e-02	-1.685958e-08
1.740895386743858e-02	1.179508e-08
1.742848511743858e-02	-1.685058e-08
1.744801636743858e-02	1.178608e-08
1.746754761743858e-02	-1.684159e-08
1.748707886743858e-02	1.177709e-08
1.750661011743858e-02	-1.683260e-08
1.752614136743858e-02	1.176810e-08
1.754567261743858e-02	-1.682361e-08
1.756520386743858e-02	1.175912e-08
1.758473511743858e-02	-1.681464e-08
1.760426636743858e-02	1.175015e-08
1.762379761743858e-02	-1.680566e-08
1.764332886743858e-02	1.174118e-08
1.766286011743858e-02	-1.679670e-08
1.768239136743858e-02	1.173222e-08
1.770192261743858e-02	-1.678774e-08
1.772145386743858e-02	1.172326e-08
1.774098511743858e-02	-1.677878e-08
1.776051636743858e-02	1.171431e-08
1.778004761743858e-02	-1.676984e-08
1.779957886743858e-02	1.170537e-08
1.781911011743858e-02	-1.676089e-08
1.783864136743857e-02	1.169643e-08
1.785817261743857e-02	-1.675196e-08
1.787770386743857e-02	1.168749e-08
1.789723511743857e-02	-1.674303e-08
1.791676636743857e-02	1.167856e-08
1.793629761743857e-02	-1.673410e-08
1.795582886743857e-02	1.166964e-08
1.797536011743857e-02	-1.672518e-08
1.799489136743857e-02	1.166072e-08
1.801442261743857e-02	-1.671626e-08
1.803395386743857e-02	1.165181e-08
1.805348511743857e-02	-1.670735e-08
1.807301636743857e-02	1.164291e-08
1.809254761743857e-02	-1.669845e-08
1.811207886743857e-02	1.163400e-08
1.813161011743857e-02	-1.668955e-08
1.815114136743857e-02	1.162511e-08
1.817067261743857e-02	-1.668066e-08
1.819020386743857e-02	1.161622e-08
1.820973511743857e-02	-1.667177e-08
1.822926636743857e-02	1.160733e-08
1.824879761743857e-02	-1.666289e-08
1.826832886743857e-02	1.159845e-08
1.828786011743857e-02	-1.665402e-08
1.830739136743856e-02	1.158958e-08
1.832692261743856e-02	-1.664515e-08
1.834645386743856e-02	1.158071e-08
1.836598511743856e-02	-1.663628e-08
1.838551636743856e-02	1.157185e-08
1.840504761743856e-02	-1.662742e-08
1.842457886743856e-02	1.156300e-08
1.844411011743856e-02	-1.661857e-08
1.846364136743856e-02	1.155414e-08
1.848317261743856e-02	-1.660972e-08
1.850270386743856e-02	1.154530e-08
1.852223511743856e-02	-1.660088e-08
1.854176636743856e-02	1.153646e-08
1.856129761743856e-02	-1.659205e-08
1.858082886743856e-02	1.152763e-08
1.860036011743856e-02	-1.658321e-08
1.861989136743856e-02	1.151880e-08
1.863942261743856e-02	-1.657438e-08
1.865895386743856e-02	1.150997e-08
1.867848511743856e-02	-1.656557e-08
1.869801636743856e-02	1.150116e-08
1.871754761743856e-02	-1.655675e-08
1.873707886743856e-02	1.149235e-08
1.875661011743856e-02	-1.654795e-08
1.877614136743855e-02	1.148354e-08
1.879567261743855e-02	-1.653914e-08
1.881520386743855e-02	1.147474e-08
1.883473511743855e-02	-1.653034e-08
1.885426636743855e-02	1.146595e-08
1.887379761743855e-02	-1.652155e-08
1.889332886743855e-02	1.145715e-08
1.891286011743855e-02	-1.651276e-08
1.893239136743855e-02	1.144837e-08
1.895192261743855e-02	-1.650398e-08
1.897145386743855e-02	1.143959e-08
1.899098511743855e-02	-1.649520e-08
1.901051636743855e-02	1.143082e-08
1.903004761743855e-02	-1.648643e-08
1.904957886743855e-02	1.142205e-08
1.906911011743855e-02	-1.647767e-08
1.908864136743855e-02	1.141329e-08
1.910817261743855e-02	-1.646891e-08
1.912770386743855e-02	1.140453e-08
1.914723511743855e-02	-1.646015e-08
1.916676636743855e-02	1.139578e-08
1.918629761743855e-02	-1.645140e-08
1.920582886743855e-02	1.138704e-08
1.922536011743855e-02	-1.644266e-08
1.924489136743854e-02	1.137829e-08
1.926442261743854e-02	-1.643393e-08
1.928395386743854e-02	1.136956e-08
1.930348511743854e-02	-1.642520e-08
1.932301636743854e-02	1.136083e-08
1.934254761743854e-02	-1.641647e-08
1.936207886743854e-02	1.135211e-08
1.938161011743854e-02	-1.640775e-08
1.940114136743854e-02	1.134339e-08
1.942067261743854e-02	-1.639903e-08
1.944020386743854e-02	1.133467e-08
1.945973511743854e-02	-1.639032e-08
1.947926636743854e-02	1.132597e-08
1.949879761743854e-02	-1.638162e-08
1.951832886743854e-02	1.131727e-08
1.953786011743854e-02	-1.637292e-08
1.955739136743854e-02	1.130857e-08
1.957692261743854e-02	-1.636423e-08
1.959645386743854e-02	1.129988e-08
1.961598511743854e-02	-1.635553e-08
1.963551636743854e-02	1.129119e-08
1.965504761743854e-02	-1.634685e-08
1.967457886743854e-02	1.128251e-08
1.969411011743854e-02	-1.633817e-08
1.971364136743853e-02	1.127384e-08
1.973317261743853e-02	-1.632951e-08
1.975270386743853e-02	1.126517e-08
1.977223511743853e-02	-1.632084e-08
1.979176636743853e-02	1.125651e-08
1.981129761743853e-02	-1.631217e-08
1.983082886743853e-02	1.124785e-08
1.985036011743853e-02	-1.630352e-08
1.986989136743853e-02	1.123919e-08
1.988942261743853e-02	-1.629487e-08
1.990895386743853e-02	1.123055e-08
1.992848511743853e-02	-1.628623e-08
1.994801636743853e-02	1.122191e-08
1.996754761743853e-02	-1.627759e-08
1.998707886743853e-02	1.121327e-08
2.000000000000000e-02	-1.626674e-08
Step Information: F=500  (Step: 4/10)
0.000000000000000e+00	-2.530001e-09
3.906249976259879e-11	7.614116e-04
7.812499952519758e-11	1.503961e-03
1.562499990503952e-10	2.952514e-03
3.124999981007903e-10	5.643276e-03
6.249999962015806e-10	1.033592e-02
1.000000000000000e-09	1.515452e-02
1.301934136286484e-09	1.310945e-02
1.637394946193883e-09	1.146028e-02
2.001444938733030e-09	1.021055e-02
2.599242584169158e-09	9.499127e-03
3.177899538357187e-09	9.452400e-03
4.304632994272651e-09	9.415923e-03
6.087231720972246e-09	9.388803e-03
9.652429174371437e-09	9.362607e-03
1.678282408116982e-08	9.339144e-03
2.551146954093695e-08	9.326057e-03
3.870548686300024e-08	9.316945e-03
5.290262026600656e-08	9.312492e-03
7.120537016312789e-08	9.310032e-03
9.570573992689777e-08	9.309353e-03
1.295225788703913e-07	9.309329e-03
1.657502106475655e-07	9.309425e-03
2.382054742019138e-07	9.309444e-03
3.831160013106105e-07	9.309437e-03
6.729370555280038e-07	9.309442e-03
1.252579163962791e-06	9.309438e-03
2.411863380832364e-06	9.309442e-03
4.730431814571510e-06	9.309439e-03
8.636681814571510e-06	9.309442e-03
1.254293181457151e-05	9.309439e-03
1.644918181457151e-05	9.309442e-03
2.035543181457151e-05	9.309439e-03
2.426168181457151e-05	9.309442e-03
2.816793181457151e-05	9.309439e-03
3.207418181457151e-05	9.309442e-03
3.598043181457152e-05	9.309439e-03
3.988668181457152e-05	9.309442e-03
4.379293181457152e-05	9.309439e-03
4.769918181457153e-05	9.309441e-03
5.160543181457153e-05	9.309439e-03
5.551168181457153e-05	9.309441e-03
5.941793181457154e-05	9.309439e-03
6.332418181457154e-05	9.309441e-03
6.723043181457155e-05	9.309439e-03
7.113668181457155e-05	9.309441e-03
7.504293181457155e-05	9.309439e-03
7.894918181457156e-05	9.309441e-03
8.285543181457156e-05	9.309439e-03
8.676168181457156e-05	9.309441e-03
9.066793181457157e-05	9.309439e-03
9.457418181457157e-05	9.309441e-03
9.848043181457157e-05	9.309439e-03
1.023866818145716e-04	9.309441e-03
1.062929318145716e-04	9.309439e-03
1.101991818145716e-04	9.309441e-03
1.141054318145716e-04	9.309439e-03
1.180116818145716e-04	9.309441e-03
1.219179318145716e-04	9.309439e-03
1.258241818145716e-04	9.309441e-03
1.297304318145716e-04	9.309439e-03
1.336366818145716e-04	9.309441e-03
1.375429318145716e-04	9.309439e-03
1.414491818145716e-04	9.309441e-03
1.453554318145716e-04	9.309439e-03
1.492616818145716e-04	9.309441e-03
1.531679318145716e-04	9.309439e-03
1.570741818145716e-04	9.309441e-03
1.609804318145716e-04	9.309439e-03
1.648866818145716e-04	9.309441e-03
1.687929318145716e-04	9.309439e-03
1.726991818145716e-04	9.309441e-03
1.766054318145716e-04	9.309439e-03
1.805116818145716e-04	9.309441e-03
1.844179318145716e-04	9.309440e-03
1.883241818145716e-04	9.309441e-03
1.922304318145716e-04	9.309440e-03
1.961366818145716e-04	9.309441e-03
2.000429318145716e-04	9.309440e-03
2.039491818145717e-04	9.309441e-03
2.078554318145717e-04	9.309440e-03
2.117616818145717e-04	9.309441e-03
2.156679318145717e-04	9.309440e-03
2.195741818145717e-04	9.309441e-03
2.234804318145717e-04	9.309440e-03
2.273866818145717e-04	9.309441e-03
2.312929318145717e-04	9.309440e-03
2.351991818145717e-04	9.309441e-03
2.391054318145717e-04	9.309440e-03
2.430116818145717e-04	9.309441e-03
2.469179318145717e-04	9.309440e-03
2.508241818145717e-04	9.309441e-03
2.547304318145717e-04	9.309440e-03
2.586366818145717e-04	9.309441e-03
2.625429318145717e-04	9.309440e-03
2.664491818145717e-04	9.309441e-03
2.703554318145717e-04	9.309440e-03
2.742616818145717e-04	9.309441e-03
2.781679318145717e-04	9.309440e-03
2.820741818145717e-04	9.309441e-03
2.859804318145717e-04	9.309440e-03
2.898866818145717e-04	9.309441e-03
2.937929318145717e-04	9.309440e-03
2.976991818145717e-04	9.309441e-03
3.016054318145717e-04	9.309440e-03
3.055116818145717e-04	9.309441e-03
3.094179318145717e-04	9.309440e-03
3.133241818145717e-04	9.309440e-03
3.172304318145717e-04	9.309440e-03
3.211366818145717e-04	9.309440e-03
3.250429318145717e-04	9.309440e-03
3.289491818145717e-04	9.309440e-03
3.328554318145717e-04	9.309440e-03
3.367616818145717e-04	9.309440e-03
3.406679318145717e-04	9.309440e-03
3.445741818145718e-04	9.309440e-03
3.484804318145718e-04	9.309440e-03
3.523866818145718e-04	9.309440e-03
3.562929318145718e-04	9.309440e-03
3.601991818145718e-04	9.309440e-03
3.641054318145718e-04	9.309440e-03
3.680116818145718e-04	9.309440e-03
3.719179318145718e-04	9.309440e-03
3.758241818145718e-04	9.309440e-03
3.797304318145718e-04	9.309440e-03
3.836366818145718e-04	9.309440e-03
3.875429318145718e-04	9.309440e-03
3.914491818145718e-04	9.309440e-03
3.953554318145718e-04	9.309440e-03
3.992616818145718e-04	9.309440e-03
4.031679318145718e-04	9.309440e-03
4.070741818145718e-04	9.309440e-03
4.109804318145718e-04	9.309440e-03
4.148866818145718e-04	9.309440e-03
4.187929318145718e-04	9.309440e-03
4.226991818145718e-04	9.309440e-03
4.266054318145718e-04	9.309440e-03
4.305116818145718e-04	9.309440e-03
4.344179318145718e-04	9.309440e-03
4.383241818145718e-04	9.309440e-03
4.422304318145718e-04	9.309440e-03
4.461366818145718e-04	9.309440e-03
4.500429318145718e-04	9.309440e-03
4.539491818145718e-04	9.309440e-03
4.578554318145719e-04	9.309440e-03
4.617616818145719e-04	9.309440e-03
4.656679318145719e-04	9.309440e-03
4.695741818145719e-04	9.309440e-03
4.734804318145719e-04	9.309440e-03
4.773866818145719e-04	9.309440e-03
4.812929318145719e-04	9.309440e-03
4.851991818145719e-04	9.309440e-03
4.891054318145718e-04	9.309440e-03
4.930116818145718e-04	9.309440e-03
4.969179318145718e-04	9.309440e-03
5.008241818145718e-04	9.309440e-03
5.047304318145718e-04	9.309440e-03
5.086366818145718e-04	9.309440e-03
5.125429318145718e-04	9.309440e-03
5.164491818145718e-04	9.309440e-03
5.203554318145719e-04	9.309440e-03
5.242616818145719e-04	9.309440e-03
5.281679318145719e-04	9.309440e-03
5.320741818145719e-04	9.309440e-03
5.359804318145719e-04	9.309440e-03
5.398866818145719e-04	9.309440e-03
5.437929318145719e-04	9.309440e-03
5.476991818145719e-04	9.309440e-03
5.516054318145719e-04	9.309440e-03
5.555116818145719e-04	9.309440e-03
5.594179318145719e-04	9.309440e-03
5.633241818145719e-04	9.309440e-03
5.672304318145719e-04	9.309440e-03
5.711366818145719e-04	9.309440e-03
5.750429318145719e-04	9.309440e-03
5.789491818145719e-04	9.309440e-03
5.828554318145719e-04	9.309440e-03
5.867616818145719e-04	9.309440e-03
5.906679318145719e-04	9.309440e-03
5.945741818145719e-04	9.309440e-03
5.984804318145719e-04	9.309440e-03
6.023866818145719e-04	9.309440e-03
6.062929318145719e-04	9.309440e-03
6.101991818145719e-04	9.309440e-03
6.141054318145719e-04	9.309440e-03
6.180116818145719e-04	9.309440e-03
6.219179318145719e-04	9.309440e-03
6.258241818145719e-04	9.309440e-03
6.297304318145720e-04	9.309440e-03
6.336366818145720e-04	9.309440e-03
6.375429318145720e-04	9.309440e-03
6.414491818145720e-04	9.309440e-03
6.453554318145720e-04	9.309440e-03
6.492616818145720e-04	9.309440e-03
6.531679318145720e-04	9.309440e-03
6.570741818145720e-04	9.309440e-03
6.609804318145720e-04	9.309440e-03
6.648866818145720e-04	9.309440e-03
6.687929318145720e-04	9.309440e-03
6.726991818145720e-04	9.309440e-03
6.766054318145720e-04	9.309440e-03
6.805116818145720e-04	9.309440e-03
6.844179318145720e-04	9.309440e-03
6.883241818145720e-04	9.309440e-03
6.922304318145720e-04	9.309440e-03
6.961366818145720e-04	9.309440e-03
7.000429318145720e-04	9.309440e-03
7.039491818145720e-04	9.309440e-03
7.078554318145720e-04	9.309440e-03
7.117616818145720e-04	9.309440e-03
7.156679318145720e-04	9.309440e-03
7.195741818145720e-04	9.309440e-03
7.234804318145720e-04	9.309440e-03
7.273866818145720e-04	9.309440e-03
7.312929318145720e-04	9.309440e-03
7.351991818145720e-04	9.309440e-03
7.391054318145720e-04	9.309440e-03
7.430116818145721e-04	9.309440e-03
7.469179318145721e-04	9.309440e-03
7.508241818145721e-04	9.309440e-03
7.547304318145721e-04	9.309440e-03
7.586366818145721e-04	9.309440e-03
7.625429318145721e-04	9.309440e-03
7.664491818145721e-04	9.309440e-03
7.703554318145721e-04	9.309440e-03
7.742616818145721e-04	9.309440e-03
7.781679318145721e-04	9.309440e-03
7.820741818145721e-04	9.309440e-03
7.859804318145721e-04	9.309440e-03
7.898866818145721e-04	9.309440e-03
7.937929318145721e-04	9.309440e-03
7.976991818145721e-04	9.309440e-03
8.016054318145721e-04	9.309440e-03
8.055116818145721e-04	9.309440e-03
8.094179318145721e-04	9.309440e-03
8.133241818145721e-04	9.309440e-03
8.172304318145721e-04	9.309440e-03
8.211366818145721e-04	9.309440e-03
8.250429318145721e-04	9.309440e-03
8.289491818145721e-04	9.309440e-03
8.328554318145721e-04	9.309440e-03
8.367616818145721e-04	9.309440e-03
8.406679318145721e-04	9.309440e-03
8.445741818145721e-04	9.309440e-03
8.484804318145721e-04	9.309440e-03
8.523866818145721e-04	9.309440e-03
8.562929318145722e-04	9.309440e-03
8.601991818145722e-04	9.309440e-03
8.641054318145722e-04	9.309440e-03
8.680116818145722e-04	9.309440e-03
8.719179318145722e-04	9.309440e-03
8.758241818145722e-04	9.309440e-03
8.797304318145722e-04	9.309440e-03
8.836366818145722e-04	9.309440e-03
8.875429318145722e-04	9.309440e-03
8.914491818145722e-04	9.309440e-03
8.953554318145722e-04	9.309440e-03
8.992616818145722e-04	9.309440e-03
9.031679318145722e-04	9.309440e-03
9.070741818145722e-04	9.309440e-03
9.109804318145722e-04	9.309440e-03
9.148866818145722e-04	9.309440e-03
9.187929318145722e-04	9.309440e-03
9.226991818145722e-04	9.309440e-03
9.266054318145722e-04	9.309440e-03
9.305116818145722e-04	9.309440e-03
9.344179318145722e-04	9.309440e-03
9.383241818145722e-04	9.309440e-03
9.422304318145722e-04	9.309440e-03
9.461366818145722e-04	9.309440e-03
9.500429318145722e-04	9.309440e-03
9.539491818145722e-04	9.309440e-03
9.578554318145722e-04	9.309440e-03
9.617616818145722e-04	9.309440e-03
9.656679318145722e-04	9.309440e-03
9.695741818145723e-04	9.309440e-03
9.734804318145723e-04	9.309440e-03
9.773866818145723e-04	9.309440e-03
9.812929318145723e-04	9.309440e-03
9.851991818145723e-04	9.309440e-03
9.891054318145723e-04	9.309440e-03
9.930116818145723e-04	9.309440e-03
9.969179318145723e-04	9.309440e-03
1.000001000000000e-03	9.309440e-03
1.000002000000000e-03	-1.067684e-02
1.000017999999998e-03	-5.088112e-03
1.000020105814498e-03	-1.291529e-03
1.000022678012518e-03	-1.311574e-04
1.000024167074135e-03	-4.569257e-05
1.000026541989554e-03	-5.838013e-06
1.000029730224920e-03	1.098243e-07
1.000036106695650e-03	-4.189724e-08
1.000048859637111e-03	2.157070e-08
1.000074365520032e-03	-2.145667e-08
1.000125377285875e-03	1.424949e-08
1.000227400817562e-03	-1.832997e-08
1.000431447880934e-03	1.280195e-08
1.000839542007679e-03	-1.763318e-08
1.001655730261170e-03	1.246009e-08
1.003288106768150e-03	-1.746385e-08
1.006552859782111e-03	1.237582e-08
1.010459109782111e-03	-1.741243e-08
1.014365359782111e-03	1.232907e-08
1.018271609782111e-03	-1.736576e-08
1.022177859782111e-03	1.228248e-08
1.026084109782111e-03	-1.731923e-08
1.029990359782111e-03	1.223602e-08
1.033896609782111e-03	-1.727284e-08
1.037802859782111e-03	1.218971e-08
1.041709109782111e-03	-1.722661e-08
1.045615359782111e-03	1.214354e-08
1.049521609782111e-03	-1.718052e-08
1.053427859782111e-03	1.209753e-08
1.057334109782111e-03	-1.713457e-08
1.061240359782111e-03	1.205166e-08
1.065146609782111e-03	-1.708877e-08
1.069052859782111e-03	1.200592e-08
1.072959109782111e-03	-1.704311e-08
1.076865359782111e-03	1.196034e-08
1.080771609782111e-03	-1.699759e-08
1.084677859782111e-03	1.191489e-08
1.088584109782111e-03	-1.695222e-08
1.092490359782111e-03	1.186959e-08
1.096396609782111e-03	-1.690699e-08
1.100302859782111e-03	1.182443e-08
1.104209109782111e-03	-1.686190e-08
1.108115359782111e-03	1.177941e-08
1.112021609782111e-03	-1.681695e-08
1.115927859782111e-03	1.173454e-08
1.119834109782111e-03	-1.677215e-08
1.123740359782111e-03	1.168980e-08
1.127646609782111e-03	-1.672749e-08
1.131552859782111e-03	1.164521e-08
1.135459109782111e-03	-1.668296e-08
1.139365359782111e-03	1.160075e-08
1.143271609782111e-03	-1.663857e-08
1.147177859782111e-03	1.155643e-08
1.151084109782111e-03	-1.659433e-08
1.154990359782111e-03	1.151226e-08
1.158896609782111e-03	-1.655022e-08
1.162802859782111e-03	1.146822e-08
1.166709109782111e-03	-1.650625e-08
1.170615359782111e-03	1.142432e-08
1.174521609782111e-03	-1.646242e-08
1.178427859782111e-03	1.138056e-08
1.182334109782111e-03	-1.641872e-08
1.186240359782111e-03	1.133693e-08
1.190146609782111e-03	-1.637516e-08
1.194052859782111e-03	1.129344e-08
1.197959109782111e-03	-1.633174e-08
1.201865359782111e-03	1.125009e-08
1.205771609782111e-03	-1.628846e-08
1.209677859782111e-03	1.120688e-08
1.213584109782111e-03	-1.624531e-08
1.217490359782111e-03	1.116379e-08
1.221396609782111e-03	-1.620230e-08
1.225302859782111e-03	1.112085e-08
1.229209109782111e-03	-1.615942e-08
1.233115359782111e-03	1.107804e-08
1.237021609782111e-03	-1.611668e-08
1.240927859782111e-03	1.103536e-08
1.244834109782111e-03	-1.607406e-08
1.248740359782111e-03	1.099282e-08
1.252646609782111e-03	-1.603159e-08
1.256552859782111e-03	1.095041e-08
1.260459109782111e-03	-1.598925e-08
1.264365359782111e-03	1.090813e-08
1.268271609782111e-03	-1.594704e-08
1.272177859782111e-03	1.086598e-08
1.276084109782111e-03	-1.590496e-08
1.279990359782111e-03	1.082397e-08
1.283896609782111e-03	-1.586301e-08
1.287802859782111e-03	1.078209e-08
1.291709109782111e-03	-1.582120e-08
1.295615359782111e-03	1.074034e-08
1.299521609782111e-03	-1.577951e-08
1.303427859782111e-03	1.069873e-08
1.307334109782111e-03	-1.573796e-08
1.311240359782111e-03	1.065723e-08
1.315146609782111e-03	-1.569654e-08
1.319052859782111e-03	1.061588e-08
1.322959109782111e-03	-1.565525e-08
1.326865359782111e-03	1.057466e-08
1.330771609782111e-03	-1.561409e-08
1.334677859782111e-03	1.053355e-08
1.338584109782111e-03	-1.557305e-08
1.342490359782111e-03	1.049259e-08
1.346396609782111e-03	-1.553215e-08
1.350302859782111e-03	1.045174e-08
1.354209109782111e-03	-1.549137e-08
1.358115359782111e-03	1.041103e-08
1.362021609782111e-03	-1.545072e-08
1.365927859782111e-03	1.037045e-08
1.369834109782111e-03	-1.541019e-08
1.373740359782111e-03	1.032999e-08
1.377646609782111e-03	-1.536980e-08
1.381552859782111e-03	1.028966e-08
1.385459109782111e-03	-1.532953e-08
1.389365359782111e-03	1.024945e-08
1.393271609782111e-03	-1.528939e-08
1.397177859782111e-03	1.020937e-08
1.401084109782111e-03	-1.524938e-08
1.404990359782111e-03	1.016942e-08
1.408896609782111e-03	-1.520949e-08
1.412802859782112e-03	1.012960e-08
1.416709109782112e-03	-1.516973e-08
1.420615359782112e-03	1.008989e-08
1.424521609782112e-03	-1.513008e-08
1.428427859782112e-03	1.005032e-08
1.432334109782112e-03	-1.509057e-08
1.436240359782112e-03	1.001086e-08
1.440146609782112e-03	-1.505118e-08
1.444052859782112e-03	9.971532e-09
1.447959109782112e-03	-1.501191e-08
1.451865359782112e-03	9.932324e-09
1.455771609782112e-03	-1.497276e-08
1.459677859782112e-03	9.893241e-09
1.463584109782112e-03	-1.493374e-08
1.467490359782112e-03	9.854277e-09
1.471396609782112e-03	-1.489484e-08
1.475302859782112e-03	9.815441e-09
1.479209109782112e-03	-1.485607e-08
1.483115359782112e-03	9.776724e-09
1.487021609782112e-03	-1.481741e-08
1.490927859782112e-03	9.738126e-09
1.494834109782112e-03	-1.477887e-08
1.498740359782112e-03	9.699653e-09
1.502646609782112e-03	-1.474046e-08
1.506552859782112e-03	9.661298e-09
1.510459109782112e-03	-1.470216e-08
1.514365359782112e-03	9.623063e-09
1.518271609782112e-03	-1.466399e-08
1.522177859782112e-03	9.584952e-09
1.526084109782112e-03	-1.462593e-08
1.529990359782112e-03	9.546954e-09
1.533896609782112e-03	-1.458800e-08
1.537802859782112e-03	9.509082e-09
1.541709109782112e-03	-1.455019e-08
1.545615359782112e-03	9.471329e-09
1.549521609782112e-03	-1.451249e-08
1.553427859782112e-03	9.433687e-09
1.557334109782112e-03	-1.447491e-08
1.561240359782112e-03	9.396167e-09
1.565146609782112e-03	-1.443745e-08
1.569052859782112e-03	9.358767e-09
1.572959109782112e-03	-1.440011e-08
1.576865359782112e-03	9.321480e-09
1.580771609782112e-03	-1.436288e-08
1.584677859782112e-03	9.284308e-09
1.588584109782112e-03	-1.432576e-08
1.592490359782112e-03	9.247254e-09
1.596396609782112e-03	-1.428878e-08
1.600302859782112e-03	9.210320e-09
1.604209109782112e-03	-1.425190e-08
1.608115359782112e-03	9.173507e-09
1.612021609782112e-03	-1.421514e-08
1.615927859782112e-03	9.136801e-09
1.619834109782112e-03	-1.417849e-08
1.623740359782112e-03	9.100210e-09
1.627646609782112e-03	-1.414196e-08
1.631552859782112e-03	9.063739e-09
1.635459109782112e-03	-1.410554e-08
1.639365359782112e-03	9.027374e-09
1.643271609782112e-03	-1.406924e-08
1.647177859782112e-03	8.991131e-09
1.651084109782112e-03	-1.403305e-08
1.654990359782112e-03	8.954997e-09
1.658896609782112e-03	-1.399697e-08
1.662802859782112e-03	8.918978e-09
1.666709109782112e-03	-1.396101e-08
1.670615359782112e-03	8.883073e-09
1.674521609782112e-03	-1.392517e-08
1.678427859782112e-03	8.847283e-09
1.682334109782112e-03	-1.388943e-08
1.686240359782112e-03	8.811602e-09
1.690146609782112e-03	-1.385380e-08
1.694052859782112e-03	8.776035e-09
1.697959109782112e-03	-1.381829e-08
1.701865359782112e-03	8.740574e-09
1.705771609782112e-03	-1.378288e-08
1.709677859782112e-03	8.705228e-09
1.713584109782112e-03	-1.374759e-08
1.717490359782112e-03	8.669991e-09
1.721396609782112e-03	-1.371241e-08
1.725302859782112e-03	8.634867e-09
1.729209109782112e-03	-1.367734e-08
1.733115359782112e-03	8.599853e-09
1.737021609782112e-03	-1.364239e-08
1.740927859782112e-03	8.564949e-09
1.744834109782112e-03	-1.360753e-08
1.748740359782112e-03	8.530153e-09
1.752646609782112e-03	-1.357279e-08
1.756552859782112e-03	8.495470e-09
1.760459109782112e-03	-1.353816e-08
1.764365359782112e-03	8.460891e-09
1.768271609782112e-03	-1.350363e-08
1.772177859782112e-03	8.426420e-09
1.776084109782112e-03	-1.346922e-08
1.779990359782112e-03	8.392060e-09
1.783896609782112e-03	-1.343492e-08
1.787802859782112e-03	8.357806e-09
1.791709109782112e-03	-1.340072e-08
1.795615359782112e-03	8.323661e-09
1.799521609782112e-03	-1.336663e-08
1.803427859782112e-03	8.289620e-09
1.807334109782112e-03	-1.333264e-08
1.811240359782112e-03	8.255690e-09
1.815146609782112e-03	-1.329876e-08
1.819052859782112e-03	8.221861e-09
1.822959109782112e-03	-1.326499e-08
1.826865359782112e-03	8.188145e-09
1.830771609782112e-03	-1.323132e-08
1.834677859782112e-03	8.154532e-09
1.838584109782112e-03	-1.319776e-08
1.842490359782112e-03	8.121019e-09
1.846396609782112e-03	-1.316430e-08
1.850302859782112e-03	8.087619e-09
1.854209109782112e-03	-1.313095e-08
1.858115359782112e-03	8.054321e-09
1.862021609782112e-03	-1.309771e-08
1.865927859782112e-03	8.021127e-09
1.869834109782112e-03	-1.306456e-08
1.873740359782112e-03	7.988039e-09
1.877646609782112e-03	-1.303153e-08
1.881552859782112e-03	7.955052e-09
1.885459109782112e-03	-1.299859e-08
1.889365359782112e-03	7.922167e-09
1.893271609782112e-03	-1.296576e-08
1.897177859782112e-03	7.889389e-09
1.901084109782112e-03	-1.293303e-08
1.904990359782112e-03	7.856714e-09
1.908896609782112e-03	-1.290041e-08
1.912802859782112e-03	7.824132e-09
1.916709109782112e-03	-1.286789e-08
1.920615359782112e-03	7.791664e-09
1.924521609782112e-03	-1.283546e-08
1.928427859782112e-03	7.759295e-09
1.932334109782112e-03	-1.280314e-08
1.936240359782112e-03	7.727027e-09
1.940146609782112e-03	-1.277092e-08
1.944052859782112e-03	7.694862e-09
1.947959109782112e-03	-1.273881e-08
1.951865359782112e-03	7.662794e-09
1.955771609782112e-03	-1.270679e-08
1.959677859782112e-03	7.630822e-09
1.963584109782112e-03	-1.267488e-08
1.967490359782112e-03	7.598957e-09
1.971396609782112e-03	-1.264306e-08
1.975302859782112e-03	7.567190e-09
1.979209109782112e-03	-1.261135e-08
1.983115359782112e-03	7.535524e-09
1.987021609782112e-03	-1.257973e-08
1.990927859782112e-03	7.503957e-09
1.994834109782112e-03	-1.254821e-08
1.998740359782112e-03	7.472486e-09
2.000000000000000e-03	-1.248389e-08
2.000001000000000e-03	1.543009e-02
2.000001044952089e-03	1.507668e-02
2.000001134856267e-03	1.440937e-02
2.000001314664622e-03	1.324280e-02
2.000001674281333e-03	1.145214e-02
2.000001751958135e-03	1.114925e-02
2.000001907311738e-03	1.060526e-02
2.000002218018944e-03	9.767921e-03
2.000002839433357e-03	9.477844e-03
2.000003448315873e-03	9.442185e-03
2.000004666080905e-03	9.409508e-03
2.000007101610969e-03	9.379621e-03
2.000011972671097e-03	9.352771e-03
2.000019413101482e-03	9.334019e-03
2.000030226455089e-03	9.321570e-03
2.000044401740962e-03	9.314739e-03
2.000060509870174e-03	9.311376e-03
2.000078741769033e-03	9.309851e-03
2.000107447878357e-03	9.309386e-03
2.000143690912101e-03	9.309385e-03
2.000190792877198e-03	9.309440e-03
2.000284996807391e-03	9.309440e-03
2.000473404667778e-03	9.309440e-03
2.000850220388552e-03	9.309440e-03
2.001603851830100e-03	9.309440e-03
2.003111114713197e-03	9.309440e-03
2.006125640479389e-03	9.309440e-03
2.010031890479389e-03	9.309440e-03
2.013938140479389e-03	9.309440e-03
2.017844390479389e-03	9.309440e-03
2.021750640479389e-03	9.309440e-03
2.025656890479389e-03	9.309440e-03
2.029563140479389e-03	9.309440e-03
2.033469390479389e-03	9.309440e-03
2.037375640479389e-03	9.309440e-03
2.041281890479389e-03	9.309440e-03
2.045188140479389e-03	9.309440e-03
2.049094390479389e-03	9.309440e-03
2.053000640479389e-03	9.309440e-03
2.056906890479389e-03	9.309440e-03
2.060813140479389e-03	9.309440e-03
2.064719390479389e-03	9.309440e-03
2.068625640479389e-03	9.309440e-03
2.072531890479389e-03	9.309440e-03
2.076438140479389e-03	9.309440e-03
2.080344390479389e-03	9.309440e-03
2.084250640479389e-03	9.309440e-03
2.088156890479389e-03	9.309440e-03
2.092063140479389e-03	9.309440e-03
2.095969390479389e-03	9.309440e-03
2.099875640479389e-03	9.309440e-03
2.103781890479389e-03	9.309440e-03
2.107688140479389e-03	9.309440e-03
2.111594390479389e-03	9.309440e-03
2.115500640479389e-03	9.309440e-03
2.119406890479389e-03	9.309440e-03
2.123313140479389e-03	9.309440e-03
2.127219390479389e-03	9.309440e-03
2.131125640479389e-03	9.309440e-03
2.135031890479389e-03	9.309440e-03
2.138938140479389e-03	9.309440e-03
2.142844390479389e-03	9.309440e-03
2.146750640479389e-03	9.309440e-03
2.150656890479389e-03	9.309440e-03
2.154563140479389e-03	9.309440e-03
2.158469390479389e-03	9.309440e-03
2.162375640479389e-03	9.309440e-03
2.166281890479389e-03	9.309440e-03
2.170188140479389e-03	9.309440e-03
2.174094390479389e-03	9.309440e-03
2.178000640479389e-03	9.309440e-03
2.181906890479389e-03	9.309440e-03
2.185813140479389e-03	9.309440e-03
2.189719390479389e-03	9.309440e-03
2.193625640479389e-03	9.309440e-03
2.197531890479389e-03	9.309440e-03
2.201438140479389e-03	9.309440e-03
2.205344390479389e-03	9.309440e-03
2.209250640479389e-03	9.309440e-03
2.213156890479389e-03	9.309440e-03
2.217063140479389e-03	9.309440e-03
2.220969390479389e-03	9.309440e-03
2.224875640479389e-03	9.309440e-03
2.228781890479389e-03	9.309440e-03
2.232688140479389e-03	9.309440e-03
2.236594390479389e-03	9.309440e-03
2.240500640479389e-03	9.309440e-03
2.244406890479389e-03	9.309440e-03
2.248313140479389e-03	9.309440e-03
2.252219390479389e-03	9.309440e-03
2.256125640479389e-03	9.309440e-03
2.260031890479389e-03	9.309440e-03
2.263938140479389e-03	9.309440e-03
2.267844390479389e-03	9.309440e-03
2.271750640479389e-03	9.309440e-03
2.275656890479389e-03	9.309440e-03
2.279563140479389e-03	9.309440e-03
2.283469390479389e-03	9.309440e-03
2.287375640479389e-03	9.309440e-03
2.291281890479389e-03	9.309440e-03
2.295188140479389e-03	9.309440e-03
2.299094390479389e-03	9.309440e-03
2.303000640479389e-03	9.309440e-03
2.306906890479389e-03	9.309440e-03
2.310813140479389e-03	9.309440e-03
2.314719390479389e-03	9.309440e-03
2.318625640479389e-03	9.309440e-03
2.322531890479389e-03	9.309440e-03
2.326438140479389e-03	9.309440e-03
2.330344390479389e-03	9.309440e-03
2.334250640479389e-03	9.309440e-03
2.338156890479389e-03	9.309440e-03
2.342063140479389e-03	9.309440e-03
2.345969390479389e-03	9.309440e-03
2.349875640479389e-03	9.309440e-03
2.353781890479389e-03	9.309440e-03
2.357688140479389e-03	9.309440e-03
2.361594390479389e-03	9.309440e-03
2.365500640479389e-03	9.309440e-03
2.369406890479389e-03	9.309440e-03
2.373313140479389e-03	9.309440e-03
2.377219390479389e-03	9.309440e-03
2.381125640479389e-03	9.309440e-03
2.385031890479389e-03	9.309440e-03
2.388938140479389e-03	9.309440e-03
2.392844390479389e-03	9.309440e-03
2.396750640479389e-03	9.309440e-03
2.400656890479389e-03	9.309440e-03
2.404563140479389e-03	9.309440e-03
2.408469390479389e-03	9.309440e-03
2.412375640479389e-03	9.309440e-03
2.416281890479389e-03	9.309440e-03
2.420188140479389e-03	9.309440e-03
2.424094390479389e-03	9.309440e-03
2.428000640479389e-03	9.309440e-03
2.431906890479389e-03	9.309440e-03
2.435813140479389e-03	9.309440e-03
2.439719390479389e-03	9.309440e-03
2.443625640479389e-03	9.309440e-03
2.447531890479389e-03	9.309440e-03
2.451438140479389e-03	9.309440e-03
2.455344390479389e-03	9.309440e-03
2.459250640479389e-03	9.309440e-03
2.463156890479389e-03	9.309440e-03
2.467063140479389e-03	9.309440e-03
2.470969390479389e-03	9.309440e-03
2.474875640479389e-03	9.309440e-03
2.478781890479389e-03	9.309440e-03
2.482688140479389e-03	9.309440e-03
2.486594390479389e-03	9.309440e-03
2.490500640479389e-03	9.309440e-03
2.494406890479389e-03	9.309440e-03
2.498313140479389e-03	9.309440e-03
2.502219390479389e-03	9.309440e-03
2.506125640479389e-03	9.309440e-03
2.510031890479389e-03	9.309440e-03
2.513938140479389e-03	9.309440e-03
2.517844390479389e-03	9.309440e-03
2.521750640479389e-03	9.309440e-03
2.525656890479389e-03	9.309440e-03
2.529563140479389e-03	9.309440e-03
2.533469390479389e-03	9.309440e-03
2.537375640479389e-03	9.309440e-03
2.541281890479389e-03	9.309440e-03
2.545188140479389e-03	9.309440e-03
2.549094390479389e-03	9.309440e-03
2.553000640479389e-03	9.309440e-03
2.556906890479389e-03	9.309440e-03
2.560813140479389e-03	9.309440e-03
2.564719390479389e-03	9.309440e-03
2.568625640479389e-03	9.309440e-03
2.572531890479389e-03	9.309440e-03
2.576438140479389e-03	9.309440e-03
2.580344390479389e-03	9.309440e-03
2.584250640479389e-03	9.309440e-03
2.588156890479389e-03	9.309440e-03
2.592063140479389e-03	9.309440e-03
2.595969390479389e-03	9.309440e-03
2.599875640479389e-03	9.309440e-03
2.603781890479389e-03	9.309440e-03
2.607688140479389e-03	9.309440e-03
2.611594390479389e-03	9.309440e-03
2.615500640479389e-03	9.309440e-03
2.619406890479389e-03	9.309440e-03
2.623313140479389e-03	9.309440e-03
2.627219390479389e-03	9.309440e-03
2.631125640479389e-03	9.309440e-03
2.635031890479389e-03	9.309440e-03
2.638938140479389e-03	9.309440e-03
2.642844390479389e-03	9.309440e-03
2.646750640479389e-03	9.309440e-03
2.650656890479389e-03	9.309440e-03
2.654563140479389e-03	9.309440e-03
2.658469390479389e-03	9.309440e-03
2.662375640479389e-03	9.309440e-03
2.666281890479389e-03	9.309440e-03
2.670188140479389e-03	9.309440e-03
2.674094390479389e-03	9.309440e-03
2.678000640479389e-03	9.309440e-03
2.681906890479389e-03	9.309440e-03
2.685813140479389e-03	9.309440e-03
2.689719390479389e-03	9.309440e-03
2.693625640479389e-03	9.309440e-03
2.697531890479389e-03	9.309440e-03
2.701438140479389e-03	9.309440e-03
2.705344390479389e-03	9.309440e-03
2.709250640479389e-03	9.309440e-03
2.713156890479389e-03	9.309440e-03
2.717063140479389e-03	9.309440e-03
2.720969390479389e-03	9.309440e-03
2.724875640479389e-03	9.309440e-03
2.728781890479389e-03	9.309440e-03
2.732688140479389e-03	9.309440e-03
2.736594390479389e-03	9.309440e-03
2.740500640479389e-03	9.309440e-03
2.744406890479389e-03	9.309440e-03
2.748313140479389e-03	9.309440e-03
2.752219390479389e-03	9.309440e-03
2.756125640479389e-03	9.309440e-03
2.760031890479389e-03	9.309440e-03
2.763938140479389e-03	9.309440e-03
2.767844390479389e-03	9.309440e-03
2.771750640479389e-03	9.309440e-03
2.775656890479389e-03	9.309440e-03
2.779563140479389e-03	9.309440e-03
2.783469390479389e-03	9.309440e-03
2.787375640479389e-03	9.309440e-03
2.791281890479390e-03	9.309440e-03
2.795188140479390e-03	9.309440e-03
2.799094390479390e-03	9.309440e-03
2.803000640479390e-03	9.309440e-03
2.806906890479390e-03	9.309440e-03
2.810813140479390e-03	9.309440e-03
2.814719390479390e-03	9.309440e-03
2.818625640479390e-03	9.309440e-03
2.822531890479390e-03	9.309440e-03
2.826438140479390e-03	9.309440e-03
2.830344390479390e-03	9.309440e-03
2.834250640479390e-03	9.309440e-03
2.838156890479390e-03	9.309440e-03
2.842063140479390e-03	9.309440e-03
2.845969390479390e-03	9.309440e-03
2.849875640479390e-03	9.309440e-03
2.853781890479390e-03	9.309440e-03
2.857688140479390e-03	9.309440e-03
2.861594390479390e-03	9.309440e-03
2.865500640479390e-03	9.309440e-03
2.869406890479390e-03	9.309440e-03
2.873313140479390e-03	9.309440e-03
2.877219390479390e-03	9.309440e-03
2.881125640479390e-03	9.309440e-03
2.885031890479390e-03	9.309440e-03
2.888938140479390e-03	9.309440e-03
2.892844390479390e-03	9.309440e-03
2.896750640479390e-03	9.309440e-03
2.900656890479390e-03	9.309440e-03
2.904563140479390e-03	9.309440e-03
2.908469390479390e-03	9.309440e-03
2.912375640479390e-03	9.309440e-03
2.916281890479390e-03	9.309440e-03
2.920188140479390e-03	9.309440e-03
2.924094390479390e-03	9.309440e-03
2.928000640479390e-03	9.309440e-03
2.931906890479390e-03	9.309440e-03
2.935813140479390e-03	9.309440e-03
2.939719390479390e-03	9.309440e-03
2.943625640479390e-03	9.309440e-03
2.947531890479390e-03	9.309440e-03
2.951438140479390e-03	9.309440e-03
2.955344390479390e-03	9.309440e-03
2.959250640479390e-03	9.309440e-03
2.963156890479390e-03	9.309440e-03
2.967063140479390e-03	9.309440e-03
2.970969390479390e-03	9.309440e-03
2.974875640479390e-03	9.309440e-03
2.978781890479390e-03	9.309440e-03
2.982688140479390e-03	9.309440e-03
2.986594390479390e-03	9.309440e-03
2.990500640479390e-03	9.309440e-03
2.994406890479390e-03	9.309440e-03
2.998313140479390e-03	9.309440e-03
3.000001000000000e-03	9.309440e-03
3.000002000000000e-03	-1.067684e-02
3.000017999999998e-03	-5.088114e-03
3.000020105814328e-03	-1.291530e-03
3.000022678012279e-03	-1.311575e-04
3.000024167073605e-03	-4.569262e-05
3.000026541988791e-03	-5.838022e-06
3.000029730222990e-03	1.098234e-07
3.000036106691387e-03	-4.189691e-08
3.000048859628182e-03	2.157049e-08
3.000074365501773e-03	-2.145650e-08
3.000125377248953e-03	1.424934e-08
3.000227400743314e-03	-1.832983e-08
3.000431447732036e-03	1.280182e-08
3.000839541709480e-03	-1.763305e-08
3.001655729664367e-03	1.245995e-08
3.003288105574141e-03	-1.746373e-08
3.006552857393690e-03	1.237569e-08
3.010459107393690e-03	-1.741230e-08
3.014365357393690e-03	1.232894e-08
3.018271607393690e-03	-1.736562e-08
3.022177857393690e-03	1.228235e-08
3.026084107393690e-03	-1.731910e-08
3.029990357393690e-03	1.223589e-08
3.033896607393690e-03	-1.727271e-08
3.037802857393690e-03	1.218958e-08
3.041709107393690e-03	-1.722648e-08
3.045615357393690e-03	1.214342e-08
3.049521607393690e-03	-1.718039e-08
3.053427857393690e-03	1.209740e-08
3.057334107393690e-03	-1.713444e-08
3.061240357393690e-03	1.205153e-08
3.065146607393690e-03	-1.708864e-08
3.069052857393690e-03	1.200580e-08
3.072959107393690e-03	-1.704298e-08
3.076865357393690e-03	1.196021e-08
3.080771607393690e-03	-1.699746e-08
3.084677857393690e-03	1.191477e-08
3.088584107393690e-03	-1.695209e-08
3.092490357393690e-03	1.186946e-08
3.096396607393690e-03	-1.690686e-08
3.100302857393690e-03	1.182431e-08
3.104209107393690e-03	-1.686178e-08
3.108115357393690e-03	1.177929e-08
3.112021607393690e-03	-1.681683e-08
3.115927857393690e-03	1.173441e-08
3.119834107393690e-03	-1.677203e-08
3.123740357393690e-03	1.168968e-08
3.127646607393690e-03	-1.672736e-08
3.131552857393690e-03	1.164509e-08
3.135459107393690e-03	-1.668283e-08
3.139365357393690e-03	1.160063e-08
3.143271607393690e-03	-1.663845e-08
3.147177857393690e-03	1.155631e-08
3.151084107393690e-03	-1.659420e-08
3.154990357393690e-03	1.151213e-08
3.158896607393690e-03	-1.655009e-08
3.162802857393690e-03	1.146809e-08
3.166709107393690e-03	-1.650613e-08
3.170615357393690e-03	1.142420e-08
3.174521607393690e-03	-1.646230e-08
3.178427857393690e-03	1.138043e-08
3.182334107393690e-03	-1.641860e-08
3.186240357393690e-03	1.133681e-08
3.190146607393690e-03	-1.637505e-08
3.194052857393690e-03	1.129332e-08
3.197959107393690e-03	-1.633162e-08
3.201865357393690e-03	1.124997e-08
3.205771607393690e-03	-1.628834e-08
3.209677857393690e-03	1.120675e-08
3.213584107393690e-03	-1.624519e-08
3.217490357393690e-03	1.116367e-08
3.221396607393690e-03	-1.620218e-08
3.225302857393690e-03	1.112073e-08
3.229209107393690e-03	-1.615930e-08
3.233115357393690e-03	1.107791e-08
3.237021607393690e-03	-1.611656e-08
3.240927857393690e-03	1.103524e-08
3.244834107393690e-03	-1.607394e-08
3.248740357393690e-03	1.099269e-08
3.252646607393690e-03	-1.603147e-08
3.256552857393690e-03	1.095029e-08
3.260459107393690e-03	-1.598913e-08
3.264365357393690e-03	1.090801e-08
3.268271607393690e-03	-1.594692e-08
3.272177857393690e-03	1.086587e-08
3.276084107393690e-03	-1.590485e-08
3.279990357393690e-03	1.082385e-08
3.283896607393690e-03	-1.586289e-08
3.287802857393690e-03	1.078197e-08
3.291709107393690e-03	-1.582108e-08
3.295615357393690e-03	1.074023e-08
3.299521607393690e-03	-1.577940e-08
3.303427857393690e-03	1.069861e-08
3.307334107393690e-03	-1.573785e-08
3.311240357393690e-03	1.065712e-08
3.315146607393690e-03	-1.569643e-08
3.319052857393690e-03	1.061577e-08
3.322959107393690e-03	-1.565513e-08
3.326865357393690e-03	1.057454e-08
3.330771607393690e-03	-1.561397e-08
3.334677857393690e-03	1.053344e-08
3.338584107393690e-03	-1.557293e-08
3.342490357393690e-03	1.049247e-08
3.346396607393690e-03	-1.553203e-08
3.350302857393690e-03	1.045163e-08
3.354209107393690e-03	-1.549125e-08
3.358115357393690e-03	1.041092e-08
3.362021607393690e-03	-1.545060e-08
3.365927857393690e-03	1.037033e-08
3.369834107393690e-03	-1.541008e-08
3.373740357393690e-03	1.032988e-08
3.377646607393690e-03	-1.536969e-08
3.381552857393690e-03	1.028955e-08
3.385459107393690e-03	-1.532942e-08
3.389365357393690e-03	1.024934e-08
3.393271607393690e-03	-1.528928e-08
3.397177857393690e-03	1.020926e-08
3.401084107393690e-03	-1.524927e-08
3.404990357393690e-03	1.016931e-08
3.408896607393690e-03	-1.520938e-08
3.412802857393690e-03	1.012948e-08
3.416709107393690e-03	-1.516962e-08
3.420615357393690e-03	1.008978e-08
3.424521607393690e-03	-1.512997e-08
3.428427857393690e-03	1.005021e-08
3.432334107393690e-03	-1.509046e-08
3.436240357393690e-03	1.001075e-08
3.440146607393690e-03	-1.505107e-08
3.444052857393690e-03	9.971419e-09
3.447959107393690e-03	-1.501180e-08
3.451865357393690e-03	9.932215e-09
3.455771607393690e-03	-1.497266e-08
3.459677857393690e-03	9.893132e-09
3.463584107393690e-03	-1.493363e-08
3.467490357393690e-03	9.854167e-09
3.471396607393690e-03	-1.489473e-08
3.475302857393690e-03	9.815332e-09
3.479209107393690e-03	-1.485595e-08
3.483115357393690e-03	9.776618e-09
3.487021607393690e-03	-1.481730e-08
3.490927857393690e-03	9.738019e-09
3.494834107393690e-03	-1.477876e-08
3.498740357393690e-03	9.699546e-09
3.502646607393690e-03	-1.474035e-08
3.506552857393690e-03	9.661192e-09
3.510459107393690e-03	-1.470205e-08
3.514365357393690e-03	9.622957e-09
3.518271607393690e-03	-1.466388e-08
3.522177857393690e-03	9.584846e-09
3.526084107393690e-03	-1.462583e-08
3.529990357393690e-03	9.546849e-09
3.533896607393690e-03	-1.458790e-08
3.537802857393690e-03	9.508976e-09
3.541709107393690e-03	-1.455008e-08
3.545615357393690e-03	9.471222e-09
3.549521607393690e-03	-1.451238e-08
3.553427857393690e-03	9.433587e-09
3.557334107393690e-03	-1.447480e-08
3.561240357393690e-03	9.396062e-09
3.565146607393690e-03	-1.443735e-08
3.569052857393690e-03	9.358661e-09
3.572959107393690e-03	-1.440000e-08
3.576865357393690e-03	9.321373e-09
3.580771607393690e-03	-1.436277e-08
3.584677857393690e-03	9.284205e-09
3.588584107393690e-03	-1.432566e-08
3.592490357393690e-03	9.247151e-09
3.596396607393690e-03	-1.428868e-08
3.600302857393690e-03	9.210217e-09
3.604209107393690e-03	-1.425180e-08
3.608115357393690e-03	9.173404e-09
3.612021607393690e-03	-1.421504e-08
3.615927857393690e-03	9.136698e-09
3.619834107393690e-03	-1.417839e-08
3.623740357393690e-03	9.100107e-09
3.627646607393690e-03	-1.414186e-08
3.631552857393690e-03	9.063635e-09
3.635459107393690e-03	-1.410544e-08
3.639365357393690e-03	9.027277e-09
3.643271607393690e-03	-1.406913e-08
3.647177857393690e-03	8.991030e-09
3.651084107393690e-03	-1.403295e-08
3.654990357393690e-03	8.954896e-09
3.658896607393690e-03	-1.399688e-08
3.662802857393690e-03	8.918878e-09
3.666709107393690e-03	-1.396091e-08
3.670615357393690e-03	8.882976e-09
3.674521607393691e-03	-1.392506e-08
3.678427857393691e-03	8.847183e-09
3.682334107393691e-03	-1.388933e-08
3.686240357393691e-03	8.811503e-09
3.690146607393691e-03	-1.385370e-08
3.694052857393691e-03	8.775935e-09
3.697959107393691e-03	-1.381819e-08
3.701865357393691e-03	8.740476e-09
3.705771607393691e-03	-1.378279e-08
3.709677857393691e-03	8.705131e-09
3.713584107393691e-03	-1.374749e-08
3.717490357393691e-03	8.669894e-09
3.721396607393691e-03	-1.371231e-08
3.725302857393691e-03	8.634770e-09
3.729209107393691e-03	-1.367725e-08
3.733115357393691e-03	8.599759e-09
3.737021607393691e-03	-1.364229e-08
3.740927857393691e-03	8.564851e-09
3.744834107393691e-03	-1.360744e-08
3.748740357393691e-03	8.530056e-09
3.752646607393691e-03	-1.357269e-08
3.756552857393691e-03	8.495371e-09
3.760459107393691e-03	-1.353807e-08
3.764365357393691e-03	8.460794e-09
3.768271607393691e-03	-1.350354e-08
3.772177857393691e-03	8.426324e-09
3.776084107393691e-03	-1.346913e-08
3.779990357393691e-03	8.391966e-09
3.783896607393691e-03	-1.343482e-08
3.787802857393691e-03	8.357709e-09
3.791709107393691e-03	-1.340062e-08
3.795615357393691e-03	8.323568e-09
3.799521607393691e-03	-1.336653e-08
3.803427857393691e-03	8.289523e-09
3.807334107393691e-03	-1.333254e-08
3.811240357393691e-03	8.255596e-09
3.815146607393691e-03	-1.329866e-08
3.819052857393691e-03	8.221767e-09
3.822959107393691e-03	-1.326489e-08
3.826865357393691e-03	8.188051e-09
3.830771607393691e-03	-1.323123e-08
3.834677857393691e-03	8.154434e-09
3.838584107393691e-03	-1.319767e-08
3.842490357393691e-03	8.120928e-09
3.846396607393691e-03	-1.316421e-08
3.850302857393691e-03	8.087524e-09
3.854209107393691e-03	-1.313086e-08
3.858115357393691e-03	8.054228e-09
3.862021607393691e-03	-1.309762e-08
3.865927857393691e-03	8.021033e-09
3.869834107393691e-03	-1.306447e-08
3.873740357393691e-03	7.987945e-09
3.877646607393691e-03	-1.303144e-08
3.881552857393691e-03	7.954958e-09
3.885459107393691e-03	-1.299850e-08
3.889365357393691e-03	7.922076e-09
3.893271607393691e-03	-1.296567e-08
3.897177857393691e-03	7.889295e-09
3.901084107393691e-03	-1.293294e-08
3.904990357393691e-03	7.856623e-09
3.908896607393690e-03	-1.290032e-08
3.912802857393690e-03	7.824045e-09
3.916709107393689e-03	-1.286779e-08
3.920615357393689e-03	7.791576e-09
3.924521607393689e-03	-1.283538e-08
3.928427857393688e-03	7.759202e-09
3.932334107393688e-03	-1.280305e-08
3.936240357393687e-03	7.726940e-09
3.940146607393687e-03	-1.277084e-08
3.944052857393686e-03	7.694768e-09
3.947959107393686e-03	-1.273872e-08
3.951865357393686e-03	7.662706e-09
3.955771607393685e-03	-1.270670e-08
3.959677857393685e-03	7.630732e-09
3.963584107393684e-03	-1.267479e-08
3.967490357393684e-03	7.598866e-09
3.971396607393683e-03	-1.264297e-08
3.975302857393683e-03	7.567102e-09
3.979209107393683e-03	-1.261126e-08
3.983115357393682e-03	7.535437e-09
3.987021607393682e-03	-1.257964e-08
3.990927857393681e-03	7.503870e-09
3.994834107393681e-03	-1.254812e-08
3.998740357393680e-03	7.472399e-09
4.000000000000000e-03	-1.248380e-08
Step Information: F=1K  (Step: 5/10)
0.000000000000000e+00	-2.530001e-09
1.953124988129940e-11	3.854917e-04
3.906249976259879e-11	7.661415e-04
7.812499952519758e-11	1.517891e-03
1.562499990503952e-10	2.965671e-03
3.124999981007903e-10	5.654923e-03
6.249999962015806e-10	1.034493e-02
1.000000000000000e-09	1.516086e-02
1.302101829758102e-09	1.311313e-02
1.637801197155056e-09	1.146190e-02
2.002051893797322e-09	1.021103e-02
2.599660477605644e-09	9.499173e-03
3.178492037168532e-09	9.452407e-03
4.304960624951981e-09	9.415931e-03
6.085592987622155e-09	9.388828e-03
9.646857712962502e-09	9.362640e-03
1.676938716364320e-08	9.339175e-03
2.549136281156046e-08	9.326078e-03
3.868283669425256e-08	9.316955e-03
5.287478278377542e-08	9.312497e-03
7.117020815692596e-08	9.310034e-03
9.566279357946606e-08	9.309353e-03
1.294622724796751e-07	9.309329e-03
1.656577355508275e-07	9.309425e-03
2.380486616931325e-07	9.309444e-03
3.828305139777424e-07	9.309437e-03
6.723942185469622e-07	9.309442e-03
1.251521627685402e-06	9.309438e-03
2.409776445962281e-06	9.309442e-03
4.362901445962280e-06	9.309439e-03
6.316026445962281e-06	9.309442e-03
8.269151445962281e-06	9.309439e-03
1.022227644596228e-05	9.309442e-03
1.217540144596228e-05	9.309439e-03
1.412852644596228e-05	9.309441e-03
1.608165144596228e-05	9.309439e-03
1.803477644596228e-05	9.309441e-03
1.998790144596229e-05	9.309439e-03
2.194102644596229e-05	9.309441e-03
2.389415144596229e-05	9.309439e-03
2.584727644596229e-05	9.309441e-03
2.780040144596229e-05	9.309439e-03
2.975352644596229e-05	9.309441e-03
3.170665144596230e-05	9.309439e-03
3.365977644596230e-05	9.309441e-03
3.561290144596230e-05	9.309439e-03
3.756602644596230e-05	9.309441e-03
3.951915144596230e-05	9.309439e-03
4.147227644596230e-05	9.309441e-03
4.342540144596231e-05	9.309439e-03
4.537852644596231e-05	9.309441e-03
4.733165144596231e-05	9.309439e-03
4.928477644596231e-05	9.309441e-03
5.123790144596231e-05	9.309440e-03
5.319102644596232e-05	9.309441e-03
5.514415144596232e-05	9.309440e-03
5.709727644596232e-05	9.309441e-03
5.905040144596232e-05	9.309440e-03
6.100352644596232e-05	9.309441e-03
6.295665144596232e-05	9.309440e-03
6.490977644596232e-05	9.309441e-03
6.686290144596232e-05	9.309440e-03
6.881602644596232e-05	9.309441e-03
7.076915144596232e-05	9.309440e-03
7.272227644596233e-05	9.309441e-03
7.467540144596233e-05	9.309440e-03
7.662852644596233e-05	9.309441e-03
7.858165144596233e-05	9.309440e-03
8.053477644596233e-05	9.309440e-03
8.248790144596233e-05	9.309440e-03
8.444102644596234e-05	9.309440e-03
8.639415144596234e-05	9.309440e-03
8.834727644596234e-05	9.309440e-03
9.030040144596234e-05	9.309440e-03
9.225352644596234e-05	9.309440e-03
9.420665144596235e-05	9.309440e-03
9.615977644596235e-05	9.309440e-03
9.811290144596235e-05	9.309440e-03
1.000660264459624e-04	9.309440e-03
1.020191514459624e-04	9.309440e-03
1.039722764459624e-04	9.309440e-03
1.059254014459624e-04	9.309440e-03
1.078785264459624e-04	9.309440e-03
1.098316514459624e-04	9.309440e-03
1.117847764459624e-04	9.309440e-03
1.137379014459624e-04	9.309440e-03
1.156910264459624e-04	9.309440e-03
1.176441514459624e-04	9.309440e-03
1.195972764459624e-04	9.309440e-03
1.215504014459624e-04	9.309440e-03
1.235035264459624e-04	9.309440e-03
1.254566514459624e-04	9.309440e-03
1.274097764459624e-04	9.309440e-03
1.293629014459624e-04	9.309440e-03
1.313160264459624e-04	9.309440e-03
1.332691514459624e-04	9.309440e-03
1.352222764459624e-04	9.309440e-03
1.371754014459624e-04	9.309440e-03
1.391285264459624e-04	9.309440e-03
1.410816514459624e-04	9.309440e-03
1.430347764459624e-04	9.309440e-03
1.449879014459624e-04	9.309440e-03
1.469410264459624e-04	9.309440e-03
1.488941514459624e-04	9.309440e-03
1.508472764459624e-04	9.309440e-03
1.528004014459624e-04	9.309440e-03
1.547535264459624e-04	9.309440e-03
1.567066514459624e-04	9.309440e-03
1.586597764459624e-04	9.309440e-03
1.606129014459624e-04	9.309440e-03
1.625660264459624e-04	9.309440e-03
1.645191514459624e-04	9.309440e-03
1.664722764459624e-04	9.309440e-03
1.684254014459624e-04	9.309440e-03
1.703785264459624e-04	9.309440e-03
1.723316514459624e-04	9.309440e-03
1.742847764459624e-04	9.309440e-03
1.762379014459624e-04	9.309440e-03
1.781910264459624e-04	9.309440e-03
1.801441514459624e-04	9.309440e-03
1.820972764459624e-04	9.309440e-03
1.840504014459624e-04	9.309440e-03
1.860035264459624e-04	9.309440e-03
1.879566514459624e-04	9.309440e-03
1.899097764459624e-04	9.309440e-03
1.918629014459624e-04	9.309440e-03
1.938160264459624e-04	9.309440e-03
1.957691514459624e-04	9.309440e-03
1.977222764459624e-04	9.309440e-03
1.996754014459624e-04	9.309440e-03
2.016285264459624e-04	9.309440e-03
2.035816514459624e-04	9.309440e-03
2.055347764459624e-04	9.309440e-03
2.074879014459624e-04	9.309440e-03
2.094410264459624e-04	9.309440e-03
2.113941514459624e-04	9.309440e-03
2.133472764459624e-04	9.309440e-03
2.153004014459624e-04	9.309440e-03
2.172535264459624e-04	9.309440e-03
2.192066514459624e-04	9.309440e-03
2.211597764459624e-04	9.309440e-03
2.231129014459624e-04	9.309440e-03
2.250660264459624e-04	9.309440e-03
2.270191514459624e-04	9.309440e-03
2.289722764459625e-04	9.309440e-03
2.309254014459625e-04	9.309440e-03
2.328785264459625e-04	9.309440e-03
2.348316514459625e-04	9.309440e-03
2.367847764459625e-04	9.309440e-03
2.387379014459625e-04	9.309440e-03
2.406910264459625e-04	9.309440e-03
2.426441514459625e-04	9.309440e-03
2.445972764459625e-04	9.309440e-03
2.465504014459625e-04	9.309440e-03
2.485035264459625e-04	9.309440e-03
2.504566514459625e-04	9.309440e-03
2.524097764459625e-04	9.309440e-03
2.543629014459625e-04	9.309440e-03
2.563160264459625e-04	9.309440e-03
2.582691514459625e-04	9.309440e-03
2.602222764459625e-04	9.309440e-03
2.621754014459625e-04	9.309440e-03
2.641285264459625e-04	9.309440e-03
2.660816514459625e-04	9.309440e-03
2.680347764459625e-04	9.309440e-03
2.699879014459625e-04	9.309440e-03
2.719410264459625e-04	9.309440e-03
2.738941514459625e-04	9.309440e-03
2.758472764459625e-04	9.309440e-03
2.778004014459625e-04	9.309440e-03
2.797535264459625e-04	9.309440e-03
2.817066514459625e-04	9.309440e-03
2.836597764459625e-04	9.309440e-03
2.856129014459625e-04	9.309440e-03
2.875660264459625e-04	9.309440e-03
2.895191514459625e-04	9.309440e-03
2.914722764459625e-04	9.309440e-03
2.934254014459625e-04	9.309440e-03
2.953785264459625e-04	9.309440e-03
2.973316514459625e-04	9.309440e-03
2.992847764459625e-04	9.309440e-03
3.012379014459625e-04	9.309440e-03
3.031910264459625e-04	9.309440e-03
3.051441514459625e-04	9.309440e-03
3.070972764459625e-04	9.309440e-03
3.090504014459625e-04	9.309440e-03
3.110035264459625e-04	9.309440e-03
3.129566514459625e-04	9.309440e-03
3.149097764459625e-04	9.309440e-03
3.168629014459625e-04	9.309440e-03
3.188160264459625e-04	9.309440e-03
3.207691514459625e-04	9.309440e-03
3.227222764459625e-04	9.309440e-03
3.246754014459625e-04	9.309440e-03
3.266285264459625e-04	9.309440e-03
3.285816514459625e-04	9.309440e-03
3.305347764459625e-04	9.309440e-03
3.324879014459625e-04	9.309440e-03
3.344410264459625e-04	9.309440e-03
3.363941514459625e-04	9.309440e-03
3.383472764459625e-04	9.309440e-03
3.403004014459626e-04	9.309440e-03
3.422535264459626e-04	9.309440e-03
3.442066514459626e-04	9.309440e-03
3.461597764459626e-04	9.309440e-03
3.481129014459626e-04	9.309440e-03
3.500660264459626e-04	9.309440e-03
3.520191514459626e-04	9.309440e-03
3.539722764459626e-04	9.309440e-03
3.559254014459626e-04	9.309440e-03
3.578785264459626e-04	9.309440e-03
3.598316514459626e-04	9.309440e-03
3.617847764459626e-04	9.309440e-03
3.637379014459626e-04	9.309440e-03
3.656910264459626e-04	9.309440e-03
3.676441514459626e-04	9.309440e-03
3.695972764459626e-04	9.309440e-03
3.715504014459626e-04	9.309440e-03
3.735035264459626e-04	9.309440e-03
3.754566514459626e-04	9.309440e-03
3.774097764459626e-04	9.309440e-03
3.793629014459626e-04	9.309440e-03
3.813160264459626e-04	9.309440e-03
3.832691514459626e-04	9.309440e-03
3.852222764459626e-04	9.309440e-03
3.871754014459626e-04	9.309440e-03
3.891285264459626e-04	9.309440e-03
3.910816514459626e-04	9.309440e-03
3.930347764459626e-04	9.309440e-03
3.949879014459626e-04	9.309440e-03
3.969410264459626e-04	9.309440e-03
3.988941514459626e-04	9.309440e-03
4.008472764459626e-04	9.309440e-03
4.028004014459626e-04	9.309440e-03
4.047535264459626e-04	9.309440e-03
4.067066514459626e-04	9.309440e-03
4.086597764459626e-04	9.309440e-03
4.106129014459626e-04	9.309440e-03
4.125660264459626e-04	9.309440e-03
4.145191514459626e-04	9.309440e-03
4.164722764459626e-04	9.309440e-03
4.184254014459626e-04	9.309440e-03
4.203785264459626e-04	9.309440e-03
4.223316514459626e-04	9.309440e-03
4.242847764459626e-04	9.309440e-03
4.262379014459626e-04	9.309440e-03
4.281910264459626e-04	9.309440e-03
4.301441514459626e-04	9.309440e-03
4.320972764459626e-04	9.309440e-03
4.340504014459626e-04	9.309440e-03
4.360035264459626e-04	9.309440e-03
4.379566514459626e-04	9.309440e-03
4.399097764459626e-04	9.309440e-03
4.418629014459626e-04	9.309440e-03
4.438160264459626e-04	9.309440e-03
4.457691514459626e-04	9.309440e-03
4.477222764459626e-04	9.309440e-03
4.496754014459626e-04	9.309440e-03
4.516285264459626e-04	9.309440e-03
4.535816514459627e-04	9.309440e-03
4.555347764459627e-04	9.309440e-03
4.574879014459627e-04	9.309440e-03
4.594410264459627e-04	9.309440e-03
4.613941514459627e-04	9.309440e-03
4.633472764459627e-04	9.309440e-03
4.653004014459627e-04	9.309440e-03
4.672535264459627e-04	9.309440e-03
4.692066514459627e-04	9.309440e-03
4.711597764459627e-04	9.309440e-03
4.731129014459627e-04	9.309440e-03
4.750660264459627e-04	9.309440e-03
4.770191514459627e-04	9.309440e-03
4.789722764459627e-04	9.309440e-03
4.809254014459627e-04	9.309440e-03
4.828785264459627e-04	9.309440e-03
4.848316514459627e-04	9.309440e-03
4.867847764459627e-04	9.309440e-03
4.887379014459626e-04	9.309440e-03
4.906910264459626e-04	9.309440e-03
4.926441514459626e-04	9.309440e-03
4.945972764459626e-04	9.309440e-03
4.965504014459626e-04	9.309440e-03
4.985035264459626e-04	9.309440e-03
5.000010000000000e-04	9.309440e-03
5.000020000000000e-04	-1.067684e-02
5.000180000000003e-04	-5.088114e-03
5.000201058143297e-04	-1.291530e-03
5.000226780122809e-04	-1.311575e-04
5.000241670736058e-04	-4.569262e-05
5.000265419887906e-04	-5.838022e-06
5.000297302229855e-04	1.098234e-07
5.000361066913753e-04	-4.189690e-08
5.000488596281548e-04	2.157050e-08
5.000743655017138e-04	-2.145650e-08
5.001253772488318e-04	1.424934e-08
5.002274007430679e-04	-1.832983e-08
5.004314477315400e-04	1.280182e-08
5.008395417084841e-04	-1.763305e-08
5.016557296623722e-04	1.245996e-08
5.032881055701487e-04	-1.746373e-08
5.052412305701487e-04	1.235689e-08
5.071943555701487e-04	-1.737020e-08
5.091474805701487e-04	1.226366e-08
5.111006055701487e-04	-1.727727e-08
5.130537305701487e-04	1.217102e-08
5.150068555701487e-04	-1.718491e-08
5.169599805701487e-04	1.207895e-08
5.189131055701487e-04	-1.709313e-08
5.208662305701487e-04	1.198747e-08
5.228193555701487e-04	-1.700193e-08
5.247724805701487e-04	1.189655e-08
5.267256055701487e-04	-1.691131e-08
5.286787305701487e-04	1.180620e-08
5.306318555701487e-04	-1.682124e-08
5.325849805701487e-04	1.171642e-08
5.345381055701487e-04	-1.673174e-08
5.364912305701487e-04	1.162720e-08
5.384443555701487e-04	-1.664281e-08
5.403974805701487e-04	1.153854e-08
5.423506055701488e-04	-1.655442e-08
5.443037305701488e-04	1.145044e-08
5.462568555701488e-04	-1.646660e-08
5.482099805701488e-04	1.136289e-08
5.501631055701488e-04	-1.637931e-08
5.521162305701488e-04	1.127589e-08
5.540693555701488e-04	-1.629259e-08
5.560224805701488e-04	1.118943e-08
5.579756055701488e-04	-1.620639e-08
5.599287305701488e-04	1.110351e-08
5.618818555701488e-04	-1.612075e-08
5.638349805701488e-04	1.101813e-08
5.657881055701488e-04	-1.603564e-08
5.677412305701488e-04	1.093328e-08
5.696943555701488e-04	-1.595106e-08
5.716474805701488e-04	1.084897e-08
5.736006055701488e-04	-1.586701e-08
5.755537305701488e-04	1.076519e-08
5.775068555701488e-04	-1.578349e-08
5.794599805701488e-04	1.068192e-08
5.814131055701488e-04	-1.570049e-08
5.833662305701488e-04	1.059919e-08
5.853193555701488e-04	-1.561800e-08
5.872724805701488e-04	1.051696e-08
5.892256055701488e-04	-1.553605e-08
5.911787305701488e-04	1.043526e-08
5.931318555701488e-04	-1.545459e-08
5.950849805701488e-04	1.035407e-08
5.970381055701488e-04	-1.537365e-08
5.989912305701488e-04	1.027338e-08
6.009443555701488e-04	-1.529322e-08
6.028974805701488e-04	1.019320e-08
6.048506055701488e-04	-1.521329e-08
6.068037305701488e-04	1.011352e-08
6.087568555701488e-04	-1.513387e-08
6.107099805701488e-04	1.003434e-08
6.126631055701488e-04	-1.505493e-08
6.146162305701488e-04	9.955651e-09
6.165693555701488e-04	-1.497649e-08
6.185224805701488e-04	9.877461e-09
6.204756055701488e-04	-1.489855e-08
6.224287305701488e-04	9.799760e-09
6.243818555701488e-04	-1.482109e-08
6.263349805701488e-04	9.722548e-09
6.282881055701488e-04	-1.474412e-08
6.302412305701488e-04	9.645817e-09
6.321943555701488e-04	-1.466763e-08
6.341474805701488e-04	9.569563e-09
6.361006055701488e-04	-1.459162e-08
6.380537305701488e-04	9.493789e-09
6.400068555701488e-04	-1.451608e-08
6.419599805701488e-04	9.418491e-09
6.439131055701488e-04	-1.444101e-08
6.458662305701488e-04	9.343665e-09
6.478193555701488e-04	-1.436642e-08
6.497724805701488e-04	9.269305e-09
6.517256055701488e-04	-1.429230e-08
6.536787305701488e-04	9.195414e-09
6.556318555701489e-04	-1.421864e-08
6.575849805701489e-04	9.121987e-09
6.595381055701489e-04	-1.414544e-08
6.614912305701489e-04	9.049009e-09
6.634443555701489e-04	-1.407270e-08
6.653974805701489e-04	8.976497e-09
6.673506055701489e-04	-1.400041e-08
6.693037305701489e-04	8.904436e-09
6.712568555701489e-04	-1.392858e-08
6.732099805701489e-04	8.832834e-09
6.751631055701489e-04	-1.385719e-08
6.771162305701489e-04	8.761677e-09
6.790693555701489e-04	-1.378626e-08
6.810224805701489e-04	8.690960e-09
6.829756055701489e-04	-1.371576e-08
6.849287305701489e-04	8.620685e-09
6.868818555701489e-04	-1.364572e-08
6.888349805701489e-04	8.550856e-09
6.907881055701489e-04	-1.357610e-08
6.927412305701489e-04	8.481460e-09
6.946943555701489e-04	-1.350692e-08
6.966474805701489e-04	8.412507e-09
6.986006055701489e-04	-1.343818e-08
7.005537305701489e-04	8.343976e-09
7.025068555701489e-04	-1.336987e-08
7.044599805701489e-04	8.275874e-09
7.064131055701489e-04	-1.330199e-08
7.083662305701489e-04	8.208207e-09
7.103193555701489e-04	-1.323453e-08
7.122724805701489e-04	8.140959e-09
7.142256055701489e-04	-1.316749e-08
7.161787305701489e-04	8.074132e-09
7.181318555701489e-04	-1.310087e-08
7.200849805701489e-04	8.007726e-09
7.220381055701489e-04	-1.303467e-08
7.239912305701489e-04	7.941729e-09
7.259443555701489e-04	-1.296888e-08
7.278974805701489e-04	7.876154e-09
7.298506055701489e-04	-1.290351e-08
7.318037305701489e-04	7.810982e-09
7.337568555701489e-04	-1.283855e-08
7.357099805701489e-04	7.746226e-09
7.376631055701489e-04	-1.277399e-08
7.396162305701489e-04	7.681868e-09
7.415693555701489e-04	-1.270984e-08
7.435224805701489e-04	7.617919e-09
7.454756055701489e-04	-1.264609e-08
7.474287305701489e-04	7.554364e-09
7.493818555701489e-04	-1.258274e-08
7.513349805701489e-04	7.491213e-09
7.532881055701489e-04	-1.251978e-08
7.552412305701489e-04	7.428458e-09
7.571943555701489e-04	-1.245722e-08
7.591474805701489e-04	7.366089e-09
7.611006055701489e-04	-1.239506e-08
7.630537305701489e-04	7.304116e-09
7.650068555701489e-04	-1.233327e-08
7.669599805701490e-04	7.242529e-09
7.689131055701490e-04	-1.227188e-08
7.708662305701490e-04	7.181329e-09
7.728193555701490e-04	-1.221087e-08
7.747724805701490e-04	7.120514e-09
7.767256055701490e-04	-1.215025e-08
7.786787305701490e-04	7.060077e-09
7.806318555701490e-04	-1.209000e-08
7.825849805701490e-04	7.000022e-09
7.845381055701490e-04	-1.203013e-08
7.864912305701490e-04	6.940339e-09
7.884443555701490e-04	-1.197064e-08
7.903974805701490e-04	6.881031e-09
7.923506055701490e-04	-1.191152e-08
7.943037305701490e-04	6.822095e-09
7.962568555701490e-04	-1.185276e-08
7.982099805701490e-04	6.763532e-09
8.001631055701490e-04	-1.179438e-08
8.021162305701490e-04	6.705328e-09
8.040693555701490e-04	-1.173636e-08
8.060224805701490e-04	6.647493e-09
8.079756055701490e-04	-1.167871e-08
8.099287305701490e-04	6.590015e-09
8.118818555701490e-04	-1.162141e-08
8.138349805701490e-04	6.532906e-09
8.157881055701490e-04	-1.156448e-08
8.177412305701490e-04	6.476147e-09
8.196943555701490e-04	-1.150790e-08
8.216474805701490e-04	6.419744e-09
8.236006055701490e-04	-1.145168e-08
8.255537305701490e-04	6.363702e-09
8.275068555701490e-04	-1.139580e-08
8.294599805701490e-04	6.308006e-09
8.314131055701490e-04	-1.134028e-08
8.333662305701490e-04	6.252654e-09
8.353193555701490e-04	-1.128511e-08
8.372724805701490e-04	6.197653e-09
8.392256055701490e-04	-1.123028e-08
8.411787305701490e-04	6.142999e-09
8.431318555701490e-04	-1.117579e-08
8.450849805701490e-04	6.088682e-09
8.470381055701490e-04	-1.112165e-08
8.489912305701490e-04	6.034710e-09
8.509443555701490e-04	-1.106784e-08
8.528974805701490e-04	5.981065e-09
8.548506055701490e-04	-1.101438e-08
8.568037305701490e-04	5.927772e-09
8.587568555701490e-04	-1.096124e-08
8.607099805701490e-04	5.874806e-09
8.626631055701490e-04	-1.090844e-08
8.646162305701490e-04	5.822169e-09
8.665693555701490e-04	-1.085597e-08
8.685224805701490e-04	5.769863e-09
8.704756055701490e-04	-1.080383e-08
8.724287305701490e-04	5.717880e-09
8.743818555701490e-04	-1.075202e-08
8.763349805701490e-04	5.666234e-09
8.782881055701490e-04	-1.070053e-08
8.802412305701491e-04	5.614905e-09
8.821943555701491e-04	-1.064936e-08
8.841474805701491e-04	5.563900e-09
8.861006055701491e-04	-1.059851e-08
8.880537305701491e-04	5.513208e-09
8.900068555701491e-04	-1.054798e-08
8.919599805701491e-04	5.462838e-09
8.939131055701491e-04	-1.049777e-08
8.958662305701491e-04	5.412781e-09
8.978193555701491e-04	-1.044787e-08
8.997724805701491e-04	5.363037e-09
9.017256055701491e-04	-1.039829e-08
9.036787305701491e-04	5.313612e-09
9.056318555701491e-04	-1.034901e-08
9.075849805701491e-04	5.264490e-09
9.095381055701491e-04	-1.030005e-08
9.114912305701491e-04	5.215681e-09
9.134443555701491e-04	-1.025138e-08
9.153974805701491e-04	5.167169e-09
9.173506055701491e-04	-1.020303e-08
9.193037305701491e-04	5.118966e-09
9.212568555701491e-04	-1.015498e-08
9.232099805701491e-04	5.071067e-09
9.251631055701491e-04	-1.010723e-08
9.271162305701491e-04	5.023465e-09
9.290693555701491e-04	-1.005977e-08
9.310224805701491e-04	4.976163e-09
9.329756055701491e-04	-1.001262e-08
9.349287305701491e-04	4.929153e-09
9.368818555701491e-04	-9.965759e-09
9.388349805701491e-04	4.882445e-09
9.407881055701491e-04	-9.919193e-09
9.427412305701491e-04	4.836022e-09
9.446943555701491e-04	-9.872919e-09
9.466474805701491e-04	4.789893e-09
9.486006055701491e-04	-9.826928e-09
9.505537305701491e-04	4.744052e-09
9.525068555701491e-04	-9.781237e-09
9.544599805701491e-04	4.698498e-09
9.564131055701491e-04	-9.735824e-09
9.583662305701491e-04	4.653229e-09
9.603193555701491e-04	-9.690699e-09
9.622724805701491e-04	4.608245e-09
9.642256055701491e-04	-9.645858e-09
9.661787305701491e-04	4.563542e-09
9.681318555701491e-04	-9.601290e-09
9.700849805701491e-04	4.519121e-09
9.720381055701491e-04	-9.557006e-09
9.739912305701491e-04	4.474971e-09
9.759443555701491e-04	-9.513001e-09
9.778974805701491e-04	4.431107e-09
9.798506055701491e-04	-9.469273e-09
9.818037305701491e-04	4.387514e-09
9.837568555701491e-04	-9.425816e-09
9.857099805701491e-04	4.344193e-09
9.876631055701491e-04	-9.382626e-09
9.896162305701491e-04	4.301142e-09
9.915693555701491e-04	-9.339712e-09
9.935224805701492e-04	4.258362e-09
9.954756055701492e-04	-9.297067e-09
9.974287305701492e-04	4.215852e-09
9.993818555701492e-04	-9.254691e-09
1.000000000000000e-03	4.128281e-09
1.000001000000000e-03	1.543010e-02
1.000001044952183e-03	1.507668e-02
1.000001134856548e-03	1.440938e-02
1.000001314665279e-03	1.324280e-02
1.000001674282741e-03	1.145214e-02
1.000001751959306e-03	1.114925e-02
1.000001907312434e-03	1.060526e-02
1.000002218018692e-03	9.767924e-03
1.000002839431208e-03	9.477844e-03
1.000003448311952e-03	9.442186e-03
1.000004666073441e-03	9.409508e-03
1.000007101596418e-03	9.379622e-03
1.000011972642374e-03	9.352771e-03
1.000019412925879e-03	9.334019e-03
1.000030226373207e-03	9.321571e-03
1.000044401413072e-03	9.314739e-03
1.000060509672572e-03	9.311376e-03
1.000078741412401e-03	9.309852e-03
1.000107447616341e-03	9.309386e-03
1.000143690199048e-03	9.309385e-03
1.000190792001797e-03	9.309440e-03
1.000284995607296e-03	9.309440e-03
1.000473402818292e-03	9.309440e-03
1.000850217240285e-03	9.309440e-03
1.001603846084271e-03	9.309440e-03
1.003111103772243e-03	9.309440e-03
1.005064228772243e-03	9.309440e-03
1.007017353772243e-03	9.309440e-03
1.008970478772243e-03	9.309440e-03
1.010923603772243e-03	9.309440e-03
1.012876728772243e-03	9.309440e-03
1.014829853772243e-03	9.309440e-03
1.016782978772243e-03	9.309440e-03
1.018736103772243e-03	9.309440e-03
1.020689228772243e-03	9.309440e-03
1.022642353772243e-03	9.309440e-03
1.024595478772243e-03	9.309440e-03
1.026548603772243e-03	9.309440e-03
1.028501728772243e-03	9.309440e-03
1.030454853772243e-03	9.309440e-03
1.032407978772243e-03	9.309440e-03
1.034361103772243e-03	9.309440e-03
1.036314228772243e-03	9.309440e-03
1.038267353772243e-03	9.309440e-03
1.040220478772243e-03	9.309440e-03
1.042173603772243e-03	9.309440e-03
1.044126728772243e-03	9.309440e-03
1.046079853772243e-03	9.309440e-03
1.048032978772243e-03	9.309440e-03
1.049986103772243e-03	9.309440e-03
1.051939228772243e-03	9.309440e-03
1.053892353772243e-03	9.309440e-03
1.055845478772243e-03	9.309440e-03
1.057798603772243e-03	9.309440e-03
1.059751728772243e-03	9.309440e-03
1.061704853772243e-03	9.309440e-03
1.063657978772243e-03	9.309440e-03
1.065611103772243e-03	9.309440e-03
1.067564228772243e-03	9.309440e-03
1.069517353772243e-03	9.309440e-03
1.071470478772243e-03	9.309440e-03
1.073423603772243e-03	9.309440e-03
1.075376728772243e-03	9.309440e-03
1.077329853772243e-03	9.309440e-03
1.079282978772243e-03	9.309440e-03
1.081236103772243e-03	9.309440e-03
1.083189228772243e-03	9.309440e-03
1.085142353772243e-03	9.309440e-03
1.087095478772243e-03	9.309440e-03
1.089048603772243e-03	9.309440e-03
1.091001728772243e-03	9.309440e-03
1.092954853772243e-03	9.309440e-03
1.094907978772243e-03	9.309440e-03
1.096861103772243e-03	9.309440e-03
1.098814228772243e-03	9.309440e-03
1.100767353772243e-03	9.309440e-03
1.102720478772243e-03	9.309440e-03
1.104673603772243e-03	9.309440e-03
1.106626728772243e-03	9.309440e-03
1.108579853772243e-03	9.309440e-03
1.110532978772243e-03	9.309440e-03
1.112486103772243e-03	9.309440e-03
1.114439228772243e-03	9.309440e-03
1.116392353772243e-03	9.309440e-03
1.118345478772243e-03	9.309440e-03
1.120298603772243e-03	9.309440e-03
1.122251728772243e-03	9.309440e-03
1.124204853772243e-03	9.309440e-03
1.126157978772243e-03	9.309440e-03
1.128111103772243e-03	9.309440e-03
1.130064228772243e-03	9.309440e-03
1.132017353772243e-03	9.309440e-03
1.133970478772243e-03	9.309440e-03
1.135923603772243e-03	9.309440e-03
1.137876728772243e-03	9.309440e-03
1.139829853772243e-03	9.309440e-03
1.141782978772243e-03	9.309440e-03
1.143736103772243e-03	9.309440e-03
1.145689228772243e-03	9.309440e-03
1.147642353772243e-03	9.309440e-03
1.149595478772243e-03	9.309440e-03
1.151548603772243e-03	9.309440e-03
1.153501728772243e-03	9.309440e-03
1.155454853772243e-03	9.309440e-03
1.157407978772243e-03	9.309440e-03
1.159361103772243e-03	9.309440e-03
1.161314228772243e-03	9.309440e-03
1.163267353772243e-03	9.309440e-03
1.165220478772243e-03	9.309440e-03
1.167173603772243e-03	9.309440e-03
1.169126728772243e-03	9.309440e-03
1.171079853772243e-03	9.309440e-03
1.173032978772243e-03	9.309440e-03
1.174986103772243e-03	9.309440e-03
1.176939228772243e-03	9.309440e-03
1.178892353772243e-03	9.309440e-03
1.180845478772243e-03	9.309440e-03
1.182798603772243e-03	9.309440e-03
1.184751728772243e-03	9.309440e-03
1.186704853772243e-03	9.309440e-03
1.188657978772243e-03	9.309440e-03
1.190611103772243e-03	9.309440e-03
1.192564228772243e-03	9.309440e-03
1.194517353772243e-03	9.309440e-03
1.196470478772243e-03	9.309440e-03
1.198423603772243e-03	9.309440e-03
1.200376728772243e-03	9.309440e-03
1.202329853772243e-03	9.309440e-03
1.204282978772243e-03	9.309440e-03
1.206236103772243e-03	9.309440e-03
1.208189228772243e-03	9.309440e-03
1.210142353772243e-03	9.309440e-03
1.212095478772243e-03	9.309440e-03
1.214048603772243e-03	9.309440e-03
1.216001728772243e-03	9.309440e-03
1.217954853772243e-03	9.309440e-03
1.219907978772243e-03	9.309440e-03
1.221861103772243e-03	9.309440e-03
1.223814228772243e-03	9.309440e-03
1.225767353772243e-03	9.309440e-03
1.227720478772243e-03	9.309440e-03
1.229673603772243e-03	9.309440e-03
1.231626728772243e-03	9.309440e-03
1.233579853772243e-03	9.309440e-03
1.235532978772243e-03	9.309440e-03
1.237486103772243e-03	9.309440e-03
1.239439228772243e-03	9.309440e-03
1.241392353772243e-03	9.309440e-03
1.243345478772243e-03	9.309440e-03
1.245298603772243e-03	9.309440e-03
1.247251728772243e-03	9.309440e-03
1.249204853772243e-03	9.309440e-03
1.251157978772243e-03	9.309440e-03
1.253111103772243e-03	9.309440e-03
1.255064228772243e-03	9.309440e-03
1.257017353772243e-03	9.309440e-03
1.258970478772243e-03	9.309440e-03
1.260923603772243e-03	9.309440e-03
1.262876728772243e-03	9.309440e-03
1.264829853772243e-03	9.309440e-03
1.266782978772243e-03	9.309440e-03
1.268736103772243e-03	9.309440e-03
1.270689228772243e-03	9.309440e-03
1.272642353772243e-03	9.309440e-03
1.274595478772243e-03	9.309440e-03
1.276548603772243e-03	9.309440e-03
1.278501728772243e-03	9.309440e-03
1.280454853772243e-03	9.309440e-03
1.282407978772243e-03	9.309440e-03
1.284361103772243e-03	9.309440e-03
1.286314228772243e-03	9.309440e-03
1.288267353772243e-03	9.309440e-03
1.290220478772243e-03	9.309440e-03
1.292173603772243e-03	9.309440e-03
1.294126728772243e-03	9.309440e-03
1.296079853772243e-03	9.309440e-03
1.298032978772243e-03	9.309440e-03
1.299986103772243e-03	9.309440e-03
1.301939228772243e-03	9.309440e-03
1.303892353772243e-03	9.309440e-03
1.305845478772243e-03	9.309440e-03
1.307798603772243e-03	9.309440e-03
1.309751728772243e-03	9.309440e-03
1.311704853772243e-03	9.309440e-03
1.313657978772243e-03	9.309440e-03
1.315611103772243e-03	9.309440e-03
1.317564228772243e-03	9.309440e-03
1.319517353772243e-03	9.309440e-03
1.321470478772243e-03	9.309440e-03
1.323423603772243e-03	9.309440e-03
1.325376728772243e-03	9.309440e-03
1.327329853772243e-03	9.309440e-03
1.329282978772243e-03	9.309440e-03
1.331236103772243e-03	9.309440e-03
1.333189228772243e-03	9.309440e-03
1.335142353772243e-03	9.309440e-03
1.337095478772243e-03	9.309440e-03
1.339048603772243e-03	9.309440e-03
1.341001728772243e-03	9.309440e-03
1.342954853772243e-03	9.309440e-03
1.344907978772243e-03	9.309440e-03
1.346861103772243e-03	9.309440e-03
1.348814228772243e-03	9.309440e-03
1.350767353772243e-03	9.309440e-03
1.352720478772243e-03	9.309440e-03
1.354673603772243e-03	9.309440e-03
1.356626728772243e-03	9.309440e-03
1.358579853772243e-03	9.309440e-03
1.360532978772243e-03	9.309440e-03
1.362486103772243e-03	9.309440e-03
1.364439228772243e-03	9.309440e-03
1.366392353772243e-03	9.309440e-03
1.368345478772243e-03	9.309440e-03
1.370298603772243e-03	9.309440e-03
1.372251728772243e-03	9.309440e-03
1.374204853772243e-03	9.309440e-03
1.376157978772243e-03	9.309440e-03
1.378111103772243e-03	9.309440e-03
1.380064228772243e-03	9.309440e-03
1.382017353772243e-03	9.309440e-03
1.383970478772243e-03	9.309440e-03
1.385923603772243e-03	9.309440e-03
1.387876728772243e-03	9.309440e-03
1.389829853772243e-03	9.309440e-03
1.391782978772243e-03	9.309440e-03
1.393736103772243e-03	9.309440e-03
1.395689228772243e-03	9.309440e-03
1.397642353772243e-03	9.309440e-03
1.399595478772243e-03	9.309440e-03
1.401548603772243e-03	9.309440e-03
1.403501728772243e-03	9.309440e-03
1.405454853772243e-03	9.309440e-03
1.407407978772243e-03	9.309440e-03
1.409361103772243e-03	9.309440e-03
1.411314228772243e-03	9.309440e-03
1.413267353772243e-03	9.309440e-03
1.415220478772243e-03	9.309440e-03
1.417173603772243e-03	9.309440e-03
1.419126728772243e-03	9.309440e-03
1.421079853772243e-03	9.309440e-03
1.423032978772243e-03	9.309440e-03
1.424986103772243e-03	9.309440e-03
1.426939228772243e-03	9.309440e-03
1.428892353772243e-03	9.309440e-03
1.430845478772243e-03	9.309440e-03
1.432798603772243e-03	9.309440e-03
1.434751728772243e-03	9.309440e-03
1.436704853772243e-03	9.309440e-03
1.438657978772243e-03	9.309440e-03
1.440611103772243e-03	9.309440e-03
1.442564228772243e-03	9.309440e-03
1.444517353772243e-03	9.309440e-03
1.446470478772243e-03	9.309440e-03
1.448423603772243e-03	9.309440e-03
1.450376728772243e-03	9.309440e-03
1.452329853772243e-03	9.309440e-03
1.454282978772243e-03	9.309440e-03
1.456236103772243e-03	9.309440e-03
1.458189228772243e-03	9.309440e-03
1.460142353772243e-03	9.309440e-03
1.462095478772243e-03	9.309440e-03
1.464048603772243e-03	9.309440e-03
1.466001728772243e-03	9.309440e-03
1.467954853772243e-03	9.309440e-03
1.469907978772243e-03	9.309440e-03
1.471861103772243e-03	9.309440e-03
1.473814228772243e-03	9.309440e-03
1.475767353772243e-03	9.309440e-03
1.477720478772243e-03	9.309440e-03
1.479673603772243e-03	9.309440e-03
1.481626728772244e-03	9.309440e-03
1.483579853772244e-03	9.309440e-03
1.485532978772244e-03	9.309440e-03
1.487486103772244e-03	9.309440e-03
1.489439228772244e-03	9.309440e-03
1.491392353772244e-03	9.309440e-03
1.493345478772244e-03	9.309440e-03
1.495298603772244e-03	9.309440e-03
1.497251728772244e-03	9.309440e-03
1.499204853772244e-03	9.309440e-03
1.500001000000000e-03	9.309440e-03
1.500002000000000e-03	-1.067684e-02
1.500017999999998e-03	-5.088114e-03
1.500020105814328e-03	-1.291530e-03
1.500022678012280e-03	-1.311575e-04
1.500024167073606e-03	-4.569262e-05
1.500026541988791e-03	-5.838022e-06
1.500029730222990e-03	1.098234e-07
1.500036106691387e-03	-4.189690e-08
1.500048859628180e-03	2.157049e-08
1.500074365501768e-03	-2.145650e-08
1.500125377248944e-03	1.424935e-08
1.500227400743295e-03	-1.832983e-08
1.500431447731997e-03	1.280182e-08
1.500839541709402e-03	-1.763305e-08
1.501655729664212e-03	1.245995e-08
1.503288105573831e-03	-1.746372e-08
1.505241230573831e-03	1.235689e-08
1.507194355573831e-03	-1.737020e-08
1.509147480573831e-03	1.226366e-08
1.511100605573831e-03	-1.727727e-08
1.513053730573831e-03	1.217102e-08
1.515006855573831e-03	-1.718491e-08
1.516959980573831e-03	1.207895e-08
1.518913105573831e-03	-1.709313e-08
1.520866230573831e-03	1.198747e-08
1.522819355573831e-03	-1.700193e-08
1.524772480573831e-03	1.189655e-08
1.526725605573831e-03	-1.691131e-08
1.528678730573831e-03	1.180620e-08
1.530631855573831e-03	-1.682124e-08
1.532584980573831e-03	1.171642e-08
1.534538105573831e-03	-1.673174e-08
1.536491230573831e-03	1.162720e-08
1.538444355573831e-03	-1.664281e-08
1.540397480573831e-03	1.153855e-08
1.542350605573831e-03	-1.655442e-08
1.544303730573831e-03	1.145044e-08
1.546256855573831e-03	-1.646660e-08
1.548209980573831e-03	1.136289e-08
1.550163105573831e-03	-1.637931e-08
1.552116230573831e-03	1.127589e-08
1.554069355573831e-03	-1.629259e-08
1.556022480573831e-03	1.118943e-08
1.557975605573831e-03	-1.620640e-08
1.559928730573831e-03	1.110351e-08
1.561881855573831e-03	-1.612075e-08
1.563834980573831e-03	1.101813e-08
1.565788105573831e-03	-1.603564e-08
1.567741230573831e-03	1.093328e-08
1.569694355573831e-03	-1.595106e-08
1.571647480573831e-03	1.084897e-08
1.573600605573831e-03	-1.586701e-08
1.575553730573831e-03	1.076519e-08
1.577506855573831e-03	-1.578349e-08
1.579459980573831e-03	1.068192e-08
1.581413105573831e-03	-1.570049e-08
1.583366230573831e-03	1.059919e-08
1.585319355573831e-03	-1.561800e-08
1.587272480573831e-03	1.051696e-08
1.589225605573831e-03	-1.553605e-08
1.591178730573831e-03	1.043526e-08
1.593131855573831e-03	-1.545459e-08
1.595084980573831e-03	1.035407e-08
1.597038105573831e-03	-1.537366e-08
1.598991230573831e-03	1.027338e-08
1.600944355573831e-03	-1.529322e-08
1.602897480573831e-03	1.019320e-08
1.604850605573831e-03	-1.521329e-08
1.606803730573831e-03	1.011352e-08
1.608756855573831e-03	-1.513387e-08
1.610709980573831e-03	1.003434e-08
1.612663105573831e-03	-1.505493e-08
1.614616230573831e-03	9.955654e-09
1.616569355573831e-03	-1.497649e-08
1.618522480573831e-03	9.877461e-09
1.620475605573831e-03	-1.489855e-08
1.622428730573831e-03	9.799760e-09
1.624381855573831e-03	-1.482109e-08
1.626334980573831e-03	9.722548e-09
1.628288105573831e-03	-1.474412e-08
1.630241230573831e-03	9.645817e-09
1.632194355573831e-03	-1.466763e-08
1.634147480573831e-03	9.569563e-09
1.636100605573831e-03	-1.459162e-08
1.638053730573831e-03	9.493789e-09
1.640006855573831e-03	-1.451608e-08
1.641959980573831e-03	9.418491e-09
1.643913105573831e-03	-1.444102e-08
1.645866230573831e-03	9.343665e-09
1.647819355573831e-03	-1.436643e-08
1.649772480573831e-03	9.269305e-09
1.651725605573831e-03	-1.429230e-08
1.653678730573831e-03	9.195414e-09
1.655631855573831e-03	-1.421864e-08
1.657584980573831e-03	9.121987e-09
1.659538105573831e-03	-1.414544e-08
1.661491230573831e-03	9.049009e-09
1.663444355573831e-03	-1.407270e-08
1.665397480573831e-03	8.976497e-09
1.667350605573831e-03	-1.400041e-08
1.669303730573831e-03	8.904436e-09
1.671256855573831e-03	-1.392858e-08
1.673209980573831e-03	8.832834e-09
1.675163105573831e-03	-1.385719e-08
1.677116230573831e-03	8.761677e-09
1.679069355573831e-03	-1.378626e-08
1.681022480573831e-03	8.690960e-09
1.682975605573831e-03	-1.371577e-08
1.684928730573831e-03	8.620685e-09
1.686881855573831e-03	-1.364572e-08
1.688834980573831e-03	8.550856e-09
1.690788105573831e-03	-1.357610e-08
1.692741230573831e-03	8.481460e-09
1.694694355573831e-03	-1.350692e-08
1.696647480573831e-03	8.412507e-09
1.698600605573831e-03	-1.343818e-08
1.700553730573831e-03	8.343976e-09
1.702506855573831e-03	-1.336987e-08
1.704459980573831e-03	8.275874e-09
1.706413105573831e-03	-1.330199e-08
1.708366230573831e-03	8.208207e-09
1.710319355573831e-03	-1.323453e-08
1.712272480573831e-03	8.140959e-09
1.714225605573831e-03	-1.316749e-08
1.716178730573831e-03	8.074140e-09
1.718131855573831e-03	-1.310087e-08
1.720084980573831e-03	8.007726e-09
1.722038105573831e-03	-1.303467e-08
1.723991230573831e-03	7.941729e-09
1.725944355573831e-03	-1.296889e-08
1.727897480573831e-03	7.876154e-09
1.729850605573831e-03	-1.290351e-08
1.731803730573831e-03	7.810982e-09
1.733756855573831e-03	-1.283855e-08
1.735709980573831e-03	7.746226e-09
1.737663105573831e-03	-1.277399e-08
1.739616230573831e-03	7.681868e-09
1.741569355573831e-03	-1.270984e-08
1.743522480573831e-03	7.617919e-09
1.745475605573831e-03	-1.264609e-08
1.747428730573831e-03	7.554364e-09
1.749381855573831e-03	-1.258274e-08
1.751334980573831e-03	7.491216e-09
1.753288105573831e-03	-1.251978e-08
1.755241230573831e-03	7.428458e-09
1.757194355573831e-03	-1.245722e-08
1.759147480573831e-03	7.366089e-09
1.761100605573831e-03	-1.239506e-08
1.763053730573831e-03	7.304116e-09
1.765006855573831e-03	-1.233327e-08
1.766959980573831e-03	7.242529e-09
1.768913105573831e-03	-1.227188e-08
1.770866230573831e-03	7.181329e-09
1.772819355573831e-03	-1.221087e-08
1.774772480573831e-03	7.120514e-09
1.776725605573831e-03	-1.215025e-08
1.778678730573831e-03	7.060077e-09
1.780631855573831e-03	-1.209000e-08
1.782584980573831e-03	7.000022e-09
1.784538105573831e-03	-1.203013e-08
1.786491230573831e-03	6.940339e-09
1.788444355573831e-03	-1.197064e-08
1.790397480573831e-03	6.881031e-09
1.792350605573831e-03	-1.191152e-08
1.794303730573831e-03	6.822095e-09
1.796256855573831e-03	-1.185276e-08
1.798209980573831e-03	6.763532e-09
1.800163105573831e-03	-1.179438e-08
1.802116230573831e-03	6.705328e-09
1.804069355573831e-03	-1.173636e-08
1.806022480573831e-03	6.647493e-09
1.807975605573831e-03	-1.167871e-08
1.809928730573831e-03	6.590015e-09
1.811881855573831e-03	-1.162141e-08
1.813834980573831e-03	6.532906e-09
1.815788105573831e-03	-1.156448e-08
1.817741230573831e-03	6.476147e-09
1.819694355573831e-03	-1.150790e-08
1.821647480573831e-03	6.419747e-09
1.823600605573831e-03	-1.145168e-08
1.825553730573831e-03	6.363702e-09
1.827506855573831e-03	-1.139580e-08
1.829459980573831e-03	6.308006e-09
1.831413105573831e-03	-1.134028e-08
1.833366230573831e-03	6.252657e-09
1.835319355573831e-03	-1.128511e-08
1.837272480573831e-03	6.197653e-09
1.839225605573831e-03	-1.123028e-08
1.841178730573831e-03	6.142999e-09
1.843131855573831e-03	-1.117579e-08
1.845084980573831e-03	6.088685e-09
1.847038105573831e-03	-1.112165e-08
1.848991230573831e-03	6.034710e-09
1.850944355573831e-03	-1.106784e-08
1.852897480573831e-03	5.981065e-09
1.854850605573831e-03	-1.101438e-08
1.856803730573831e-03	5.927772e-09
1.858756855573831e-03	-1.096124e-08
1.860709980573831e-03	5.874806e-09
1.862663105573831e-03	-1.090844e-08
1.864616230573831e-03	5.822169e-09
1.866569355573831e-03	-1.085597e-08
1.868522480573831e-03	5.769863e-09
1.870475605573831e-03	-1.080383e-08
1.872428730573831e-03	5.717880e-09
1.874381855573831e-03	-1.075202e-08
1.876334980573831e-03	5.666234e-09
1.878288105573831e-03	-1.070053e-08
1.880241230573831e-03	5.614905e-09
1.882194355573831e-03	-1.064936e-08
1.884147480573831e-03	5.563900e-09
1.886100605573831e-03	-1.059851e-08
1.888053730573831e-03	5.513211e-09
1.890006855573831e-03	-1.054798e-08
1.891959980573831e-03	5.462838e-09
1.893913105573831e-03	-1.049777e-08
1.895866230573831e-03	5.412781e-09
1.897819355573831e-03	-1.044787e-08
1.899772480573831e-03	5.363037e-09
1.901725605573831e-03	-1.039829e-08
1.903678730573831e-03	5.313612e-09
1.905631855573831e-03	-1.034901e-08
1.907584980573831e-03	5.264490e-09
1.909538105573831e-03	-1.030005e-08
1.911491230573831e-03	5.215681e-09
1.913444355573831e-03	-1.025138e-08
1.915397480573831e-03	5.167169e-09
1.917350605573831e-03	-1.020303e-08
1.919303730573831e-03	5.118966e-09
1.921256855573831e-03	-1.015498e-08
1.923209980573831e-03	5.071067e-09
1.925163105573831e-03	-1.010723e-08
1.927116230573831e-03	5.023465e-09
1.929069355573831e-03	-1.005977e-08
1.931022480573831e-03	4.976163e-09
1.932975605573831e-03	-1.001262e-08
1.934928730573831e-03	4.929153e-09
1.936881855573831e-03	-9.965759e-09
1.938834980573831e-03	4.882445e-09
1.940788105573831e-03	-9.919195e-09
1.942741230573831e-03	4.836022e-09
1.944694355573831e-03	-9.872923e-09
1.946647480573831e-03	4.789893e-09
1.948600605573831e-03	-9.826928e-09
1.950553730573831e-03	4.744052e-09
1.952506855573831e-03	-9.781237e-09
1.954459980573831e-03	4.698498e-09
1.956413105573831e-03	-9.735824e-09
1.958366230573830e-03	4.653229e-09
1.960319355573830e-03	-9.690699e-09
1.962272480573830e-03	4.608245e-09
1.964225605573830e-03	-9.645858e-09
1.966178730573830e-03	4.563542e-09
1.968131855573829e-03	-9.601290e-09
1.970084980573829e-03	4.519121e-09
1.972038105573829e-03	-9.557006e-09
1.973991230573829e-03	4.474971e-09
1.975944355573829e-03	-9.513001e-09
1.977897480573828e-03	4.431107e-09
1.979850605573828e-03	-9.469273e-09
1.981803730573828e-03	4.387514e-09
1.983756855573828e-03	-9.425816e-09
1.985709980573827e-03	4.344193e-09
1.987663105573827e-03	-9.382626e-09
1.989616230573827e-03	4.301142e-09
1.991569355573827e-03	-9.339712e-09
1.993522480573827e-03	4.258362e-09
1.995475605573826e-03	-9.297067e-09
1.997428730573826e-03	4.215852e-09
1.999381855573826e-03	-9.254691e-09
2.000000000000000e-03	4.128281e-09
Step Information: F=5K  (Step: 6/10)
0.000000000000000e+00	-2.530001e-09
3.906249889523705e-12	7.787976e-05
7.812499779047410e-12	1.555642e-04
1.562499955809482e-11	3.105384e-04
3.124999911618964e-11	6.181311e-04
6.249999823237928e-11	1.224018e-03
1.249999964647586e-10	2.399617e-03
2.499999929295171e-10	4.614500e-03
4.999999858590343e-10	8.568468e-03
9.999999717180685e-10	1.518123e-02
1.315434786732245e-09	1.305114e-02
1.636164354107687e-09	1.148033e-02
2.000661427353201e-09	1.022479e-02
2.602107185204242e-09	9.499483e-03
3.174613077866775e-09	9.452837e-03
4.284898580898691e-09	9.416481e-03
6.110447912292790e-09	9.388619e-03
9.761546575080988e-09	9.362082e-03
1.706374390065738e-08	9.338557e-03
2.589372325415907e-08	9.325668e-03
3.915102869755312e-08	9.316759e-03
5.342082556712534e-08	9.312412e-03
7.188307036695763e-08	9.310013e-03
9.649776732946678e-08	9.309358e-03
1.306808564696569e-07	9.309336e-03
1.674803910940517e-07	9.309427e-03
2.410794603428414e-07	9.309444e-03
3.882775988404209e-07	9.309438e-03
6.826738758355796e-07	9.309442e-03
1.073298875835580e-06	9.309439e-03
1.463923875835580e-06	9.309441e-03
1.854548875835580e-06	9.309439e-03
2.245173875835580e-06	9.309441e-03
2.635798875835580e-06	9.309439e-03
3.026423875835580e-06	9.309441e-03
3.417048875835580e-06	9.309440e-03
3.807673875835580e-06	9.309441e-03
4.198298875835581e-06	9.309440e-03
4.588923875835581e-06	9.309440e-03
4.979548875835581e-06	9.309440e-03
5.370173875835581e-06	9.309440e-03
5.760798875835581e-06	9.309440e-03
6.151423875835581e-06	9.309440e-03
6.542048875835582e-06	9.309440e-03
6.932673875835582e-06	9.309440e-03
7.323298875835582e-06	9.309440e-03
7.713923875835581e-06	9.309440e-03
8.104548875835581e-06	9.309440e-03
8.495173875835580e-06	9.309440e-03
8.885798875835579e-06	9.309440e-03
9.276423875835579e-06	9.309440e-03
9.667048875835578e-06	9.309440e-03
1.005767387583558e-05	9.309440e-03
1.044829887583558e-05	9.309440e-03
1.083892387583558e-05	9.309440e-03
1.122954887583558e-05	9.309440e-03
1.162017387583557e-05	9.309440e-03
1.201079887583557e-05	9.309440e-03
1.240142387583557e-05	9.309440e-03
1.279204887583557e-05	9.309440e-03
1.318267387583557e-05	9.309440e-03
1.357329887583557e-05	9.309440e-03
1.396392387583557e-05	9.309440e-03
1.435454887583557e-05	9.309440e-03
1.474517387583557e-05	9.309440e-03
1.513579887583557e-05	9.309440e-03
1.552642387583557e-05	9.309440e-03
1.591704887583557e-05	9.309440e-03
1.630767387583557e-05	9.309440e-03
1.669829887583557e-05	9.309440e-03
1.708892387583557e-05	9.309440e-03
1.747954887583557e-05	9.309440e-03
1.787017387583557e-05	9.309440e-03
1.826079887583558e-05	9.309440e-03
1.865142387583558e-05	9.309440e-03
1.904204887583558e-05	9.309440e-03
1.943267387583558e-05	9.309440e-03
1.982329887583558e-05	9.309440e-03
2.021392387583558e-05	9.309440e-03
2.060454887583558e-05	9.309440e-03
2.099517387583558e-05	9.309440e-03
2.138579887583558e-05	9.309440e-03
2.177642387583558e-05	9.309440e-03
2.216704887583559e-05	9.309440e-03
2.255767387583559e-05	9.309440e-03
2.294829887583559e-05	9.309440e-03
2.333892387583559e-05	9.309440e-03
2.372954887583559e-05	9.309440e-03
2.412017387583559e-05	9.309440e-03
2.451079887583559e-05	9.309440e-03
2.490142387583559e-05	9.309440e-03
2.529204887583559e-05	9.309440e-03
2.568267387583559e-05	9.309440e-03
2.607329887583560e-05	9.309440e-03
2.646392387583560e-05	9.309440e-03
2.685454887583560e-05	9.309440e-03
2.724517387583560e-05	9.309440e-03
2.763579887583560e-05	9.309440e-03
2.802642387583560e-05	9.309440e-03
2.841704887583560e-05	9.309440e-03
2.880767387583560e-05	9.309440e-03
2.919829887583560e-05	9.309440e-03
2.958892387583560e-05	9.309440e-03
2.997954887583561e-05	9.309440e-03
3.037017387583561e-05	9.309440e-03
3.076079887583560e-05	9.309440e-03
3.115142387583560e-05	9.309440e-03
3.154204887583560e-05	9.309440e-03
3.193267387583560e-05	9.309440e-03
3.232329887583560e-05	9.309440e-03
3.271392387583559e-05	9.309440e-03
3.310454887583559e-05	9.309440e-03
3.349517387583559e-05	9.309440e-03
3.388579887583559e-05	9.309440e-03
3.427642387583558e-05	9.309440e-03
3.466704887583558e-05	9.309440e-03
3.505767387583558e-05	9.309440e-03
3.544829887583558e-05	9.309440e-03
3.583892387583557e-05	9.309440e-03
3.622954887583557e-05	9.309440e-03
3.662017387583557e-05	9.309440e-03
3.701079887583557e-05	9.309440e-03
3.740142387583556e-05	9.309440e-03
3.779204887583556e-05	9.309440e-03
3.818267387583556e-05	9.309440e-03
3.857329887583556e-05	9.309440e-03
3.896392387583555e-05	9.309440e-03
3.935454887583555e-05	9.309440e-03
3.974517387583555e-05	9.309440e-03
4.013579887583555e-05	9.309440e-03
4.052642387583555e-05	9.309440e-03
4.091704887583554e-05	9.309440e-03
4.130767387583554e-05	9.309440e-03
4.169829887583554e-05	9.309440e-03
4.208892387583554e-05	9.309440e-03
4.247954887583553e-05	9.309440e-03
4.287017387583553e-05	9.309440e-03
4.326079887583553e-05	9.309440e-03
4.365142387583553e-05	9.309440e-03
4.404204887583552e-05	9.309440e-03
4.443267387583552e-05	9.309440e-03
4.482329887583552e-05	9.309440e-03
4.521392387583552e-05	9.309440e-03
4.560454887583551e-05	9.309440e-03
4.599517387583551e-05	9.309440e-03
4.638579887583551e-05	9.309440e-03
4.677642387583551e-05	9.309440e-03
4.716704887583551e-05	9.309440e-03
4.755767387583550e-05	9.309440e-03
4.794829887583550e-05	9.309440e-03
4.833892387583550e-05	9.309440e-03
4.872954887583550e-05	9.309440e-03
4.912017387583549e-05	9.309440e-03
4.951079887583549e-05	9.309440e-03
4.990142387583549e-05	9.309440e-03
5.029204887583549e-05	9.309440e-03
5.068267387583548e-05	9.309440e-03
5.107329887583548e-05	9.309440e-03
5.146392387583548e-05	9.309440e-03
5.185454887583548e-05	9.309440e-03
5.224517387583547e-05	9.309440e-03
5.263579887583547e-05	9.309440e-03
5.302642387583547e-05	9.309440e-03
5.341704887583547e-05	9.309440e-03
5.380767387583547e-05	9.309440e-03
5.419829887583546e-05	9.309440e-03
5.458892387583546e-05	9.309440e-03
5.497954887583546e-05	9.309440e-03
5.537017387583546e-05	9.309440e-03
5.576079887583545e-05	9.309440e-03
5.615142387583545e-05	9.309440e-03
5.654204887583545e-05	9.309440e-03
5.693267387583545e-05	9.309440e-03
5.732329887583544e-05	9.309440e-03
5.771392387583544e-05	9.309440e-03
5.810454887583544e-05	9.309440e-03
5.849517387583544e-05	9.309440e-03
5.888579887583543e-05	9.309440e-03
5.927642387583543e-05	9.309440e-03
5.966704887583543e-05	9.309440e-03
6.005767387583543e-05	9.309440e-03
6.044829887583542e-05	9.309440e-03
6.083892387583542e-05	9.309440e-03
6.122954887583543e-05	9.309440e-03
6.162017387583542e-05	9.309440e-03
6.201079887583542e-05	9.309440e-03
6.240142387583542e-05	9.309440e-03
6.279204887583542e-05	9.309440e-03
6.318267387583542e-05	9.309440e-03
6.357329887583541e-05	9.309440e-03
6.396392387583541e-05	9.309440e-03
6.435454887583541e-05	9.309440e-03
6.474517387583541e-05	9.309440e-03
6.513579887583540e-05	9.309440e-03
6.552642387583540e-05	9.309440e-03
6.591704887583540e-05	9.309440e-03
6.630767387583540e-05	9.309440e-03
6.669829887583539e-05	9.309440e-03
6.708892387583539e-05	9.309440e-03
6.747954887583539e-05	9.309440e-03
6.787017387583539e-05	9.309440e-03
6.826079887583538e-05	9.309440e-03
6.865142387583538e-05	9.309440e-03
6.904204887583538e-05	9.309440e-03
6.943267387583538e-05	9.309440e-03
6.982329887583537e-05	9.309440e-03
7.021392387583537e-05	9.309440e-03
7.060454887583537e-05	9.309440e-03
7.099517387583537e-05	9.309440e-03
7.138579887583537e-05	9.309440e-03
7.177642387583536e-05	9.309440e-03
7.216704887583536e-05	9.309440e-03
7.255767387583536e-05	9.309440e-03
7.294829887583536e-05	9.309440e-03
7.333892387583535e-05	9.309440e-03
7.372954887583535e-05	9.309440e-03
7.412017387583535e-05	9.309440e-03
7.451079887583535e-05	9.309440e-03
7.490142387583534e-05	9.309440e-03
7.529204887583534e-05	9.309440e-03
7.568267387583534e-05	9.309440e-03
7.607329887583534e-05	9.309440e-03
7.646392387583533e-05	9.309440e-03
7.685454887583533e-05	9.309440e-03
7.724517387583533e-05	9.309440e-03
7.763579887583533e-05	9.309440e-03
7.802642387583533e-05	9.309440e-03
7.841704887583532e-05	9.309440e-03
7.880767387583532e-05	9.309440e-03
7.919829887583532e-05	9.309440e-03
7.958892387583532e-05	9.309440e-03
7.997954887583531e-05	9.309440e-03
8.037017387583531e-05	9.309440e-03
8.076079887583531e-05	9.309440e-03
8.115142387583531e-05	9.309440e-03
8.154204887583530e-05	9.309440e-03
8.193267387583530e-05	9.309440e-03
8.232329887583530e-05	9.309440e-03
8.271392387583530e-05	9.309440e-03
8.310454887583529e-05	9.309440e-03
8.349517387583529e-05	9.309440e-03
8.388579887583529e-05	9.309440e-03
8.427642387583529e-05	9.309440e-03
8.466704887583529e-05	9.309440e-03
8.505767387583528e-05	9.309440e-03
8.544829887583528e-05	9.309440e-03
8.583892387583528e-05	9.309440e-03
8.622954887583528e-05	9.309440e-03
8.662017387583527e-05	9.309440e-03
8.701079887583527e-05	9.309440e-03
8.740142387583527e-05	9.309440e-03
8.779204887583527e-05	9.309440e-03
8.818267387583526e-05	9.309440e-03
8.857329887583526e-05	9.309440e-03
8.896392387583526e-05	9.309440e-03
8.935454887583526e-05	9.309440e-03
8.974517387583525e-05	9.309440e-03
9.013579887583525e-05	9.309440e-03
9.052642387583525e-05	9.309440e-03
9.091704887583525e-05	9.309440e-03
9.130767387583524e-05	9.309440e-03
9.169829887583524e-05	9.309440e-03
9.208892387583524e-05	9.309440e-03
9.247954887583524e-05	9.309440e-03
9.287017387583524e-05	9.309440e-03
9.326079887583523e-05	9.309440e-03
9.365142387583523e-05	9.309440e-03
9.404204887583523e-05	9.309440e-03
9.443267387583523e-05	9.309440e-03
9.482329887583522e-05	9.309440e-03
9.521392387583522e-05	9.309440e-03
9.560454887583522e-05	9.309440e-03
9.599517387583522e-05	9.309440e-03
9.638579887583521e-05	9.309440e-03
9.677642387583521e-05	9.309440e-03
9.716704887583521e-05	9.309440e-03
9.755767387583521e-05	9.309440e-03
9.794829887583520e-05	9.309440e-03
9.833892387583520e-05	9.309440e-03
9.872954887583520e-05	9.309440e-03
9.912017387583520e-05	9.309440e-03
9.951079887583520e-05	9.309440e-03
9.990142387583519e-05	9.309440e-03
1.000010000000000e-04	9.309440e-03
1.000020000000000e-04	-1.067684e-02
1.000180000000000e-04	-5.088114e-03
1.000201156483641e-04	-1.279781e-03
1.000226836556210e-04	-1.308479e-04
1.000241736662025e-04	-4.554780e-05
1.000265468950203e-04	-5.835368e-06
1.000297499167116e-04	1.232630e-07
1.000361559600941e-04	-4.686106e-08
1.000489680468593e-04	2.467354e-08
1.000745922203896e-04	-2.391753e-08
1.001258405674501e-04	1.644173e-08
1.002283372615712e-04	-2.039920e-08
1.004333306498134e-04	1.481230e-08
1.008239556498134e-04	-1.960205e-08
1.012145806498134e-04	1.427601e-08
1.016052056498134e-04	-1.907413e-08
1.019958306498134e-04	1.375632e-08
1.023864556498134e-04	-1.856253e-08
1.027770806498134e-04	1.325269e-08
1.031677056498134e-04	-1.806675e-08
1.035583306498134e-04	1.276464e-08
1.039489556498134e-04	-1.758630e-08
1.043395806498134e-04	1.229168e-08
1.047302056498134e-04	-1.712072e-08
1.051208306498134e-04	1.183335e-08
1.055114556498134e-04	-1.666952e-08
1.059020806498134e-04	1.138919e-08
1.062927056498134e-04	-1.623228e-08
1.066833306498134e-04	1.095876e-08
1.070739556498134e-04	-1.580857e-08
1.074645806498134e-04	1.054164e-08
1.078552056498134e-04	-1.539795e-08
1.082458306498134e-04	1.013743e-08
1.086364556498134e-04	-1.500003e-08
1.090270806498134e-04	9.745706e-09
1.094177056498133e-04	-1.461441e-08
1.098083306498133e-04	9.366107e-09
1.101989556498133e-04	-1.424072e-08
1.105895806498133e-04	8.998236e-09
1.109802056498133e-04	-1.387859e-08
1.113708306498133e-04	8.641748e-09
1.117614556498133e-04	-1.352765e-08
1.121520806498133e-04	8.296277e-09
1.125427056498133e-04	-1.318757e-08
1.129333306498133e-04	7.961497e-09
1.133239556498133e-04	-1.285801e-08
1.137145806498133e-04	7.637062e-09
1.141052056498133e-04	-1.253862e-08
1.144958306498133e-04	7.322668e-09
1.148864556498133e-04	-1.222913e-08
1.152770806498133e-04	7.017986e-09
1.156677056498133e-04	-1.192920e-08
1.160583306498133e-04	6.722735e-09
1.164489556498133e-04	-1.163855e-08
1.168395806498133e-04	6.436607e-09
1.172302056498133e-04	-1.135688e-08
1.176208306498133e-04	6.159336e-09
1.180114556498133e-04	-1.108392e-08
1.184020806498133e-04	5.890628e-09
1.187927056498133e-04	-1.081941e-08
1.191833306498133e-04	5.630235e-09
1.195739556498133e-04	-1.056307e-08
1.199645806498133e-04	5.377892e-09
1.203552056498133e-04	-1.031466e-08
1.207458306498133e-04	5.133359e-09
1.211364556498133e-04	-1.007394e-08
1.215270806498133e-04	4.896381e-09
1.219177056498133e-04	-9.840648e-09
1.223083306498133e-04	4.666730e-09
1.226989556498133e-04	-9.614585e-09
1.230895806498133e-04	4.444192e-09
1.234802056498133e-04	-9.395507e-09
1.238708306498133e-04	4.228524e-09
1.242614556498133e-04	-9.183202e-09
1.246520806498134e-04	4.019526e-09
1.250427056498134e-04	-8.977461e-09
1.254333306498134e-04	3.816994e-09
1.258239556498134e-04	-8.778086e-09
1.262145806498134e-04	3.620722e-09
1.266052056498134e-04	-8.584876e-09
1.269958306498134e-04	3.430527e-09
1.273864556498134e-04	-8.397639e-09
1.277770806498134e-04	3.246205e-09
1.281677056498135e-04	-8.216191e-09
1.285583306498135e-04	3.067587e-09
1.289489556498135e-04	-8.040354e-09
1.293395806498135e-04	2.894489e-09
1.297302056498135e-04	-7.869958e-09
1.301208306498135e-04	2.726745e-09
1.305114556498135e-04	-7.704829e-09
1.309020806498135e-04	2.564190e-09
1.312927056498135e-04	-7.544810e-09
1.316833306498136e-04	2.406660e-09
1.320739556498136e-04	-7.389732e-09
1.324645806498136e-04	2.254006e-09
1.328552056498136e-04	-7.239455e-09
1.332458306498136e-04	2.106065e-09
1.336364556498136e-04	-7.093822e-09
1.340270806498136e-04	1.962705e-09
1.344177056498136e-04	-6.952689e-09
1.348083306498136e-04	1.823774e-09
1.351989556498137e-04	-6.815931e-09
1.355895806498137e-04	1.689140e-09
1.359802056498137e-04	-6.683393e-09
1.363708306498137e-04	1.558672e-09
1.367614556498137e-04	-6.554957e-09
1.371520806498137e-04	1.432241e-09
1.375427056498137e-04	-6.430496e-09
1.379333306498137e-04	1.309713e-09
1.383239556498137e-04	-6.309882e-09
1.387145806498138e-04	1.190972e-09
1.391052056498138e-04	-6.192990e-09
1.394958306498138e-04	1.075912e-09
1.398864556498138e-04	-6.079719e-09
1.402770806498138e-04	9.644054e-10
1.406677056498138e-04	-5.969951e-09
1.410583306498138e-04	8.563510e-10
1.414489556498138e-04	-5.863573e-09
1.418395806498138e-04	7.516304e-10
1.422302056498139e-04	-5.760491e-09
1.426208306498139e-04	6.501497e-10
1.430114556498139e-04	-5.660589e-09
1.434020806498139e-04	5.518090e-10
1.437927056498139e-04	-5.563784e-09
1.441833306498139e-04	4.565143e-10
1.445739556498139e-04	-5.469966e-09
1.449645806498139e-04	3.641594e-10
1.453552056498139e-04	-5.379059e-09
1.457458306498140e-04	2.746629e-10
1.461364556498140e-04	-5.290954e-09
1.465270806498140e-04	1.879342e-10
1.469177056498140e-04	-5.205580e-09
1.473083306498140e-04	1.038887e-10
1.476989556498140e-04	-5.122835e-09
1.480895806498140e-04	2.243901e-11
1.484802056498140e-04	-5.042661e-09
1.488708306498140e-04	-5.649002e-11
1.492614556498141e-04	-4.964958e-09
1.496520806498141e-04	-1.329797e-10
1.500427056498141e-04	-4.889666e-09
1.504333306498141e-04	-2.071082e-10
1.508239556498141e-04	-4.816691e-09
1.512145806498141e-04	-2.789349e-10
1.516052056498141e-04	-4.745981e-09
1.519958306498141e-04	-3.485475e-10
1.523864556498141e-04	-4.677454e-09
1.527770806498142e-04	-4.160053e-10
1.531677056498142e-04	-4.611050e-09
1.535583306498142e-04	-4.813770e-10
1.539489556498142e-04	-4.546698e-09
1.543395806498142e-04	-5.447286e-10
1.547302056498142e-04	-4.484335e-09
1.551208306498142e-04	-6.061161e-10
1.555114556498142e-04	-4.423898e-09
1.559020806498142e-04	-6.656084e-10
1.562927056498143e-04	-4.365334e-09
1.566833306498143e-04	-7.232649e-10
1.570739556498143e-04	-4.308578e-09
1.574645806498143e-04	-7.791326e-10
1.578552056498143e-04	-4.253577e-09
1.582458306498143e-04	-8.332771e-10
1.586364556498143e-04	-4.200283e-09
1.590270806498143e-04	-8.857422e-10
1.594177056498143e-04	-4.148634e-09
1.598083306498144e-04	-9.365904e-10
1.601989556498144e-04	-4.098577e-09
1.605895806498144e-04	-9.858655e-10
1.609802056498144e-04	-4.050069e-09
1.613708306498144e-04	-1.033611e-09
1.617614556498144e-04	-4.003064e-09
1.621520806498144e-04	-1.079884e-09
1.625427056498144e-04	-3.957517e-09
1.629333306498144e-04	-1.124725e-09
1.633239556498145e-04	-3.913374e-09
1.637145806498145e-04	-1.168183e-09
1.641052056498145e-04	-3.870594e-09
1.644958306498145e-04	-1.210293e-09
1.648864556498145e-04	-3.829141e-09
1.652770806498145e-04	-1.251106e-09
1.656677056498145e-04	-3.788966e-09
1.660583306498145e-04	-1.290655e-09
1.664489556498145e-04	-3.750030e-09
1.668395806498146e-04	-1.328978e-09
1.672302056498146e-04	-3.712301e-09
1.676208306498146e-04	-1.366112e-09
1.680114556498146e-04	-3.675748e-09
1.684020806498146e-04	-1.402108e-09
1.687927056498146e-04	-3.640312e-09
1.691833306498146e-04	-1.436988e-09
1.695739556498146e-04	-3.605979e-09
1.699645806498146e-04	-1.470786e-09
1.703552056498147e-04	-3.572704e-09
1.707458306498147e-04	-1.503539e-09
1.711364556498147e-04	-3.540464e-09
1.715270806498147e-04	-1.535282e-09
1.719177056498147e-04	-3.509215e-09
1.723083306498147e-04	-1.566043e-09
1.726989556498147e-04	-3.478935e-09
1.730895806498147e-04	-1.595847e-09
1.734802056498147e-04	-3.449591e-09
1.738708306498148e-04	-1.624738e-09
1.742614556498148e-04	-3.421154e-09
1.746520806498148e-04	-1.652731e-09
1.750427056498148e-04	-3.393598e-09
1.754333306498148e-04	-1.679861e-09
1.758239556498148e-04	-3.366894e-09
1.762145806498148e-04	-1.706147e-09
1.766052056498148e-04	-3.341011e-09
1.769958306498148e-04	-1.731626e-09
1.773864556498149e-04	-3.315930e-09
1.777770806498149e-04	-1.756310e-09
1.781677056498149e-04	-3.291630e-09
1.785583306498149e-04	-1.780238e-09
1.789489556498149e-04	-3.268081e-09
1.793395806498149e-04	-1.803418e-09
1.797302056498149e-04	-3.245254e-09
1.801208306498149e-04	-1.825892e-09
1.805114556498150e-04	-3.223137e-09
1.809020806498150e-04	-1.847668e-09
1.812927056498150e-04	-3.201705e-09
1.816833306498150e-04	-1.868762e-09
1.820739556498150e-04	-3.180933e-09
1.824645806498150e-04	-1.889205e-09
1.828552056498150e-04	-3.160802e-09
1.832458306498150e-04	-1.909024e-09
1.836364556498150e-04	-3.141299e-09
1.840270806498151e-04	-1.928229e-09
1.844177056498151e-04	-3.122391e-09
1.848083306498151e-04	-1.946837e-09
1.851989556498151e-04	-3.104071e-09
1.855895806498151e-04	-1.964866e-09
1.859802056498151e-04	-3.086320e-09
1.863708306498151e-04	-1.982349e-09
1.867614556498151e-04	-3.069119e-09
1.871520806498151e-04	-1.999280e-09
1.875427056498152e-04	-3.052444e-09
1.879333306498152e-04	-2.015693e-09
1.883239556498152e-04	-3.036291e-09
1.887145806498152e-04	-2.031599e-09
1.891052056498152e-04	-3.020635e-09
1.894958306498152e-04	-2.047010e-09
1.898864556498152e-04	-3.005464e-09
1.902770806498152e-04	-2.061947e-09
1.906677056498152e-04	-2.990759e-09
1.910583306498153e-04	-2.076417e-09
1.914489556498153e-04	-2.976514e-09
1.918395806498153e-04	-2.090447e-09
1.922302056498153e-04	-2.962704e-09
1.926208306498153e-04	-2.104035e-09
1.930114556498153e-04	-2.949325e-09
1.934020806498153e-04	-2.117211e-09
1.937927056498153e-04	-2.936352e-09
1.941833306498153e-04	-2.129971e-09
1.945739556498154e-04	-2.923786e-09
1.949645806498154e-04	-2.142346e-09
1.953552056498154e-04	-2.911611e-09
1.957458306498154e-04	-2.154336e-09
1.961364556498154e-04	-2.899809e-09
1.965270806498154e-04	-2.165945e-09
1.969177056498154e-04	-2.888375e-09
1.973083306498154e-04	-2.177207e-09
1.976989556498154e-04	-2.877295e-09
1.980895806498155e-04	-2.188118e-09
1.984802056498155e-04	-2.866555e-09
1.988708306498155e-04	-2.198686e-09
1.992614556498155e-04	-2.856147e-09
1.996520806498155e-04	-2.208934e-09
2.000000000000000e-04	-2.845452e-09
2.000010000000000e-04	1.543010e-02
2.000010449521433e-04	1.507668e-02
2.000011348564300e-04	1.440938e-02
2.000013146650033e-04	1.324280e-02
2.000016742821500e-04	1.145214e-02
2.000017519588140e-04	1.114925e-02
2.000019073121420e-04	1.060526e-02
2.000022180187979e-04	9.767923e-03
2.000028394321099e-04	9.477844e-03
2.000034483135979e-04	9.442186e-03
2.000046660765738e-04	9.409508e-03
2.000071016025257e-04	9.379621e-03
2.000119726544296e-04	9.352771e-03
2.000194129995905e-04	9.334019e-03
2.000302264075759e-04	9.321571e-03
2.000444015507069e-04	9.314739e-03
2.000605097555150e-04	9.311376e-03
2.000787415620990e-04	9.309851e-03
2.001074477263185e-04	9.309386e-03
2.001436904983548e-04	9.309385e-03
2.001907923692447e-04	9.309440e-03
2.002849961110244e-04	9.309440e-03
2.004734035945838e-04	9.309440e-03
2.008502185617027e-04	9.309440e-03
2.012408435617027e-04	9.309440e-03
2.016314685617027e-04	9.309440e-03
2.020220935617027e-04	9.309440e-03
2.024127185617027e-04	9.309440e-03
2.028033435617027e-04	9.309440e-03
2.031939685617027e-04	9.309440e-03
2.035845935617028e-04	9.309440e-03
2.039752185617028e-04	9.309440e-03
2.043658435617028e-04	9.309440e-03
2.047564685617028e-04	9.309440e-03
2.051470935617028e-04	9.309440e-03
2.055377185617028e-04	9.309440e-03
2.059283435617028e-04	9.309440e-03
2.063189685617028e-04	9.309440e-03
2.067095935617028e-04	9.309440e-03
2.071002185617029e-04	9.309440e-03
2.074908435617029e-04	9.309440e-03
2.078814685617029e-04	9.309440e-03
2.082720935617029e-04	9.309440e-03
2.086627185617029e-04	9.309440e-03
2.090533435617029e-04	9.309440e-03
2.094439685617029e-04	9.309440e-03
2.098345935617029e-04	9.309440e-03
2.102252185617029e-04	9.309440e-03
2.106158435617030e-04	9.309440e-03
2.110064685617030e-04	9.309440e-03
2.113970935617030e-04	9.309440e-03
2.117877185617030e-04	9.309440e-03
2.121783435617030e-04	9.309440e-03
2.125689685617030e-04	9.309440e-03
2.129595935617030e-04	9.309440e-03
2.133502185617030e-04	9.309440e-03
2.137408435617030e-04	9.309440e-03
2.141314685617031e-04	9.309440e-03
2.145220935617031e-04	9.309440e-03
2.149127185617031e-04	9.309440e-03
2.153033435617031e-04	9.309440e-03
2.156939685617031e-04	9.309440e-03
2.160845935617031e-04	9.309440e-03
2.164752185617031e-04	9.309440e-03
2.168658435617031e-04	9.309440e-03
2.172564685617031e-04	9.309440e-03
2.176470935617032e-04	9.309440e-03
2.180377185617032e-04	9.309440e-03
2.184283435617032e-04	9.309440e-03
2.188189685617032e-04	9.309440e-03
2.192095935617032e-04	9.309440e-03
2.196002185617032e-04	9.309440e-03
2.199908435617032e-04	9.309440e-03
2.203814685617032e-04	9.309440e-03
2.207720935617032e-04	9.309440e-03
2.211627185617033e-04	9.309440e-03
2.215533435617033e-04	9.309440e-03
2.219439685617033e-04	9.309440e-03
2.223345935617033e-04	9.309440e-03
2.227252185617033e-04	9.309440e-03
2.231158435617033e-04	9.309440e-03
2.235064685617033e-04	9.309440e-03
2.238970935617033e-04	9.309440e-03
2.242877185617033e-04	9.309440e-03
2.246783435617034e-04	9.309440e-03
2.250689685617034e-04	9.309440e-03
2.254595935617034e-04	9.309440e-03
2.258502185617034e-04	9.309440e-03
2.262408435617034e-04	9.309440e-03
2.266314685617034e-04	9.309440e-03
2.270220935617034e-04	9.309440e-03
2.274127185617034e-04	9.309440e-03
2.278033435617034e-04	9.309440e-03
2.281939685617035e-04	9.309440e-03
2.285845935617035e-04	9.309440e-03
2.289752185617035e-04	9.309440e-03
2.293658435617035e-04	9.309440e-03
2.297564685617035e-04	9.309440e-03
2.301470935617035e-04	9.309440e-03
2.305377185617035e-04	9.309440e-03
2.309283435617035e-04	9.309440e-03
2.313189685617035e-04	9.309440e-03
2.317095935617036e-04	9.309440e-03
2.321002185617036e-04	9.309440e-03
2.324908435617036e-04	9.309440e-03
2.328814685617036e-04	9.309440e-03
2.332720935617036e-04	9.309440e-03
2.336627185617036e-04	9.309440e-03
2.340533435617036e-04	9.309440e-03
2.344439685617036e-04	9.309440e-03
2.348345935617036e-04	9.309440e-03
2.352252185617037e-04	9.309440e-03
2.356158435617037e-04	9.309440e-03
2.360064685617037e-04	9.309440e-03
2.363970935617037e-04	9.309440e-03
2.367877185617037e-04	9.309440e-03
2.371783435617037e-04	9.309440e-03
2.375689685617037e-04	9.309440e-03
2.379595935617037e-04	9.309440e-03
2.383502185617037e-04	9.309440e-03
2.387408435617038e-04	9.309440e-03
2.391314685617038e-04	9.309440e-03
2.395220935617038e-04	9.309440e-03
2.399127185617038e-04	9.309440e-03
2.403033435617038e-04	9.309440e-03
2.406939685617038e-04	9.309440e-03
2.410845935617038e-04	9.309440e-03
2.414752185617038e-04	9.309440e-03
2.418658435617038e-04	9.309440e-03
2.422564685617039e-04	9.309440e-03
2.426470935617039e-04	9.309440e-03
2.430377185617039e-04	9.309440e-03
2.434283435617039e-04	9.309440e-03
2.438189685617039e-04	9.309440e-03
2.442095935617039e-04	9.309440e-03
2.446002185617039e-04	9.309440e-03
2.449908435617039e-04	9.309440e-03
2.453814685617040e-04	9.309440e-03
2.457720935617040e-04	9.309440e-03
2.461627185617040e-04	9.309440e-03
2.465533435617040e-04	9.309440e-03
2.469439685617040e-04	9.309440e-03
2.473345935617040e-04	9.309440e-03
2.477252185617040e-04	9.309440e-03
2.481158435617040e-04	9.309440e-03
2.485064685617040e-04	9.309440e-03
2.488970935617041e-04	9.309440e-03
2.492877185617041e-04	9.309440e-03
2.496783435617041e-04	9.309440e-03
2.500689685617041e-04	9.309440e-03
2.504595935617041e-04	9.309440e-03
2.508502185617041e-04	9.309440e-03
2.512408435617041e-04	9.309440e-03
2.516314685617041e-04	9.309440e-03
2.520220935617041e-04	9.309440e-03
2.524127185617042e-04	9.309440e-03
2.528033435617042e-04	9.309440e-03
2.531939685617042e-04	9.309440e-03
2.535845935617042e-04	9.309440e-03
2.539752185617042e-04	9.309440e-03
2.543658435617042e-04	9.309440e-03
2.547564685617042e-04	9.309440e-03
2.551470935617042e-04	9.309440e-03
2.555377185617042e-04	9.309440e-03
2.559283435617043e-04	9.309440e-03
2.563189685617043e-04	9.309440e-03
2.567095935617043e-04	9.309440e-03
2.571002185617043e-04	9.309440e-03
2.574908435617043e-04	9.309440e-03
2.578814685617043e-04	9.309440e-03
2.582720935617043e-04	9.309440e-03
2.586627185617043e-04	9.309440e-03
2.590533435617043e-04	9.309440e-03
2.594439685617044e-04	9.309440e-03
2.598345935617044e-04	9.309440e-03
2.602252185617044e-04	9.309440e-03
2.606158435617044e-04	9.309440e-03
2.610064685617044e-04	9.309440e-03
2.613970935617044e-04	9.309440e-03
2.617877185617044e-04	9.309440e-03
2.621783435617044e-04	9.309440e-03
2.625689685617044e-04	9.309440e-03
2.629595935617045e-04	9.309440e-03
2.633502185617045e-04	9.309440e-03
2.637408435617045e-04	9.309440e-03
2.641314685617045e-04	9.309440e-03
2.645220935617045e-04	9.309440e-03
2.649127185617045e-04	9.309440e-03
2.653033435617045e-04	9.309440e-03
2.656939685617045e-04	9.309440e-03
2.660845935617045e-04	9.309440e-03
2.664752185617046e-04	9.309440e-03
2.668658435617046e-04	9.309440e-03
2.672564685617046e-04	9.309440e-03
2.676470935617046e-04	9.309440e-03
2.680377185617046e-04	9.309440e-03
2.684283435617046e-04	9.309440e-03
2.688189685617046e-04	9.309440e-03
2.692095935617046e-04	9.309440e-03
2.696002185617046e-04	9.309440e-03
2.699908435617047e-04	9.309440e-03
2.703814685617047e-04	9.309440e-03
2.707720935617047e-04	9.309440e-03
2.711627185617047e-04	9.309440e-03
2.715533435617047e-04	9.309440e-03
2.719439685617047e-04	9.309440e-03
2.723345935617047e-04	9.309440e-03
2.727252185617047e-04	9.309440e-03
2.731158435617047e-04	9.309440e-03
2.735064685617048e-04	9.309440e-03
2.738970935617048e-04	9.309440e-03
2.742877185617048e-04	9.309440e-03
2.746783435617048e-04	9.309440e-03
2.750689685617048e-04	9.309440e-03
2.754595935617048e-04	9.309440e-03
2.758502185617048e-04	9.309440e-03
2.762408435617048e-04	9.309440e-03
2.766314685617048e-04	9.309440e-03
2.770220935617049e-04	9.309440e-03
2.774127185617049e-04	9.309440e-03
2.778033435617049e-04	9.309440e-03
2.781939685617049e-04	9.309440e-03
2.785845935617049e-04	9.309440e-03
2.789752185617049e-04	9.309440e-03
2.793658435617049e-04	9.309440e-03
2.797564685617049e-04	9.309440e-03
2.801470935617049e-04	9.309440e-03
2.805377185617050e-04	9.309440e-03
2.809283435617050e-04	9.309440e-03
2.813189685617050e-04	9.309440e-03
2.817095935617050e-04	9.309440e-03
2.821002185617050e-04	9.309440e-03
2.824908435617050e-04	9.309440e-03
2.828814685617050e-04	9.309440e-03
2.832720935617050e-04	9.309440e-03
2.836627185617050e-04	9.309440e-03
2.840533435617051e-04	9.309440e-03
2.844439685617051e-04	9.309440e-03
2.848345935617051e-04	9.309440e-03
2.852252185617051e-04	9.309440e-03
2.856158435617051e-04	9.309440e-03
2.860064685617051e-04	9.309440e-03
2.863970935617051e-04	9.309440e-03
2.867877185617051e-04	9.309440e-03
2.871783435617051e-04	9.309440e-03
2.875689685617052e-04	9.309440e-03
2.879595935617052e-04	9.309440e-03
2.883502185617052e-04	9.309440e-03
2.887408435617052e-04	9.309440e-03
2.891314685617052e-04	9.309440e-03
2.895220935617052e-04	9.309440e-03
2.899127185617052e-04	9.309440e-03
2.903033435617052e-04	9.309440e-03
2.906939685617052e-04	9.309440e-03
2.910845935617053e-04	9.309440e-03
2.914752185617053e-04	9.309440e-03
2.918658435617053e-04	9.309440e-03
2.922564685617053e-04	9.309440e-03
2.926470935617053e-04	9.309440e-03
2.930377185617053e-04	9.309440e-03
2.934283435617053e-04	9.309440e-03
2.938189685617053e-04	9.309440e-03
2.942095935617053e-04	9.309440e-03
2.946002185617054e-04	9.309440e-03
2.949908435617054e-04	9.309440e-03
2.953814685617054e-04	9.309440e-03
2.957720935617054e-04	9.309440e-03
2.961627185617054e-04	9.309440e-03
2.965533435617054e-04	9.309440e-03
2.969439685617054e-04	9.309440e-03
2.973345935617054e-04	9.309440e-03
2.977252185617054e-04	9.309440e-03
2.981158435617055e-04	9.309440e-03
2.985064685617055e-04	9.309440e-03
2.988970935617055e-04	9.309440e-03
2.992877185617055e-04	9.309440e-03
2.996783435617055e-04	9.309440e-03
3.000010000000000e-04	9.309440e-03
3.000020000000000e-04	-1.067684e-02
3.000180000000003e-04	-5.088114e-03
3.000201058143307e-04	-1.291530e-03
3.000226780122822e-04	-1.311575e-04
3.000241670736088e-04	-4.569262e-05
3.000265419887949e-04	-5.838022e-06
3.000297302229963e-04	1.098234e-07
3.000361066913991e-04	-4.189690e-08
3.000488596282046e-04	2.157050e-08
3.000743655018158e-04	-2.145650e-08
3.001253772490380e-04	1.424934e-08
3.002274007434825e-04	-1.832984e-08
3.004314477323714e-04	1.280182e-08
3.008220727323714e-04	-1.762290e-08
3.012126977323714e-04	1.232771e-08
3.016033227323714e-04	-1.715618e-08
3.019939477323714e-04	1.186826e-08
3.023845727323715e-04	-1.670389e-08
3.027751977323715e-04	1.142302e-08
3.031658227323715e-04	-1.626558e-08
3.035564477323715e-04	1.099155e-08
3.039470727323715e-04	-1.584084e-08
3.043376977323715e-04	1.057342e-08
3.047283227323715e-04	-1.542923e-08
3.051189477323715e-04	1.016822e-08
3.055095727323715e-04	-1.503034e-08
3.059001977323716e-04	9.775545e-09
3.062908227323716e-04	-1.464379e-08
3.066814477323716e-04	9.395020e-09
3.070720727323716e-04	-1.426919e-08
3.074626977323716e-04	9.026260e-09
3.078533227323716e-04	-1.390617e-08
3.082439477323716e-04	8.668899e-09
3.086345727323716e-04	-1.355438e-08
3.090251977323716e-04	8.322594e-09
3.094158227323717e-04	-1.321348e-08
3.098064477323717e-04	7.986998e-09
3.101970727323717e-04	-1.288311e-08
3.105876977323717e-04	7.661777e-09
3.109783227323717e-04	-1.256296e-08
3.113689477323717e-04	7.346615e-09
3.117595727323717e-04	-1.225271e-08
3.121501977323717e-04	7.041194e-09
3.125408227323717e-04	-1.195204e-08
3.129314477323718e-04	6.745218e-09
3.133220727323718e-04	-1.166068e-08
3.137126977323718e-04	6.458402e-09
3.141033227323718e-04	-1.137833e-08
3.144939477323718e-04	6.180458e-09
3.148845727323718e-04	-1.110471e-08
3.152751977323718e-04	5.911097e-09
3.156658227323718e-04	-1.083956e-08
3.160564477323718e-04	5.650072e-09
3.164470727323719e-04	-1.058260e-08
3.168376977323719e-04	5.397119e-09
3.172283227323719e-04	-1.033358e-08
3.176189477323719e-04	5.151988e-09
3.180095727323719e-04	-1.009227e-08
3.184001977323719e-04	4.914432e-09
3.187908227323719e-04	-9.858421e-09
3.191814477323719e-04	4.684225e-09
3.195720727323719e-04	-9.631810e-09
3.199626977323720e-04	4.461139e-09
3.203533227323720e-04	-9.412193e-09
3.207439477323720e-04	4.244952e-09
3.211345727323720e-04	-9.199370e-09
3.215251977323720e-04	4.035445e-09
3.219158227323720e-04	-8.993138e-09
3.223064477323720e-04	3.832418e-09
3.226970727323720e-04	-8.793273e-09
3.230876977323720e-04	3.635677e-09
3.234783227323721e-04	-8.599590e-09
3.238689477323721e-04	3.445013e-09
3.242595727323721e-04	-8.411901e-09
3.246501977323721e-04	3.260247e-09
3.250408227323721e-04	-8.230015e-09
3.254314477323721e-04	3.081194e-09
3.258220727323721e-04	-8.053749e-09
3.262126977323721e-04	2.907677e-09
3.266033227323721e-04	-7.882937e-09
3.269939477323722e-04	2.739521e-09
3.273845727323722e-04	-7.717407e-09
3.277751977323722e-04	2.576577e-09
3.281658227323722e-04	-7.556994e-09
3.285564477323722e-04	2.418666e-09
3.289470727323722e-04	-7.401547e-09
3.293376977323722e-04	2.265634e-09
3.297283227323722e-04	-7.250898e-09
3.301189477323722e-04	2.117333e-09
3.305095727323723e-04	-7.104914e-09
3.309001977323723e-04	1.973629e-09
3.312908227323723e-04	-6.963444e-09
3.316814477323723e-04	1.834361e-09
3.320720727323723e-04	-6.826342e-09
3.324626977323723e-04	1.699398e-09
3.328533227323723e-04	-6.693491e-09
3.332439477323723e-04	1.568614e-09
3.336345727323723e-04	-6.564736e-09
3.340251977323724e-04	1.441873e-09
3.344158227323724e-04	-6.439975e-09
3.348064477323724e-04	1.319048e-09
3.351970727323724e-04	-6.319064e-09
3.355876977323724e-04	1.200020e-09
3.359783227323724e-04	-6.201897e-09
3.363689477323724e-04	1.084675e-09
3.367595727323724e-04	-6.088347e-09
3.371501977323725e-04	9.728994e-10
3.375408227323725e-04	-5.978310e-09
3.379314477323725e-04	8.645760e-10
3.383220727323725e-04	-5.871679e-09
3.387126977323725e-04	7.596083e-10
3.391033227323725e-04	-5.768344e-09
3.394939477323725e-04	6.578806e-10
3.398845727323725e-04	-5.668201e-09
3.402751977323725e-04	5.593022e-10
3.406658227323726e-04	-5.571156e-09
3.410564477323726e-04	4.637699e-10
3.414470727323726e-04	-5.477118e-09
3.418376977323726e-04	3.711929e-10
3.422283227323726e-04	-5.385980e-09
3.426189477323726e-04	2.814775e-10
3.430095727323726e-04	-5.297669e-09
3.434001977323726e-04	1.945392e-10
3.437908227323726e-04	-5.212081e-09
3.441814477323727e-04	1.102874e-10
3.445720727323727e-04	-5.129140e-09
3.449626977323727e-04	2.864688e-11
3.453533227323727e-04	-5.048766e-09
3.457439477323727e-04	-5.048544e-11
3.461345727323727e-04	-4.970875e-09
3.465251977323727e-04	-1.271534e-10
3.469158227323727e-04	-4.895399e-09
3.473064477323727e-04	-2.014601e-10
3.476970727323728e-04	-4.822252e-09
3.480876977323728e-04	-2.734651e-10
3.484783227323728e-04	-4.751364e-09
3.488689477323728e-04	-3.432466e-10
3.492595727323728e-04	-4.682680e-09
3.496501977323728e-04	-4.108670e-10
3.500408227323728e-04	-4.616107e-09
3.504314477323728e-04	-4.763983e-10
3.508220727323728e-04	-4.551599e-09
3.512126977323729e-04	-5.399030e-10
3.516033227323729e-04	-4.489085e-09
3.519939477323729e-04	-6.014407e-10
3.523845727323729e-04	-4.428505e-09
3.527751977323729e-04	-6.610768e-10
3.531658227323729e-04	-4.369794e-09
3.535564477323729e-04	-7.188710e-10
3.539470727323729e-04	-4.312907e-09
3.543376977323729e-04	-7.748794e-10
3.547283227323730e-04	-4.257771e-09
3.551189477323730e-04	-8.291552e-10
3.555095727323730e-04	-4.204346e-09
3.559001977323730e-04	-8.817454e-10
3.562908227323730e-04	-4.152565e-09
3.566814477323730e-04	-9.327187e-10
3.570720727323730e-04	-4.102393e-09
3.574626977323730e-04	-9.821095e-10
3.578533227323730e-04	-4.053768e-09
3.582439477323731e-04	-1.029974e-09
3.586345727323731e-04	-4.006648e-09
3.590251977323731e-04	-1.076360e-09
3.594158227323731e-04	-3.960985e-09
3.598064477323731e-04	-1.121310e-09
3.601970727323731e-04	-3.916732e-09
3.605876977323731e-04	-1.164871e-09
3.609783227323731e-04	-3.873853e-09
3.613689477323731e-04	-1.207085e-09
3.617595727323732e-04	-3.832296e-09
3.621501977323732e-04	-1.247997e-09
3.625408227323732e-04	-3.792024e-09
3.629314477323732e-04	-1.287640e-09
3.633220727323732e-04	-3.752998e-09
3.637126977323732e-04	-1.326057e-09
3.641033227323732e-04	-3.715178e-09
3.644939477323732e-04	-1.363288e-09
3.648845727323732e-04	-3.678532e-09
3.652751977323733e-04	-1.399363e-09
3.656658227323733e-04	-3.643014e-09
3.660564477323733e-04	-1.434333e-09
3.664470727323733e-04	-3.608594e-09
3.668376977323733e-04	-1.468215e-09
3.672283227323733e-04	-3.575240e-09
3.676189477323733e-04	-1.501047e-09
3.680095727323733e-04	-3.542919e-09
3.684001977323733e-04	-1.532862e-09
3.687908227323734e-04	-3.511595e-09
3.691814477323734e-04	-1.563701e-09
3.695720727323734e-04	-3.481240e-09
3.699626977323734e-04	-1.593577e-09
3.703533227323734e-04	-3.451827e-09
3.707439477323734e-04	-1.622536e-09
3.711345727323734e-04	-3.423318e-09
3.715251977323734e-04	-1.650601e-09
3.719158227323734e-04	-3.395694e-09
3.723064477323735e-04	-1.677791e-09
3.726970727323735e-04	-3.368926e-09
3.730876977323735e-04	-1.704142e-09
3.734783227323735e-04	-3.342982e-09
3.738689477323735e-04	-1.729684e-09
3.742595727323735e-04	-3.317847e-09
3.746501977323735e-04	-1.754428e-09
3.750408227323735e-04	-3.293481e-09
3.754314477323735e-04	-1.778412e-09
3.758220727323736e-04	-3.269873e-09
3.762126977323736e-04	-1.801657e-09
3.766033227323736e-04	-3.246990e-09
3.769939477323736e-04	-1.824181e-09
3.773845727323736e-04	-3.224820e-09
3.777751977323736e-04	-1.846007e-09
3.781658227323736e-04	-3.203334e-09
3.785564477323736e-04	-1.867154e-09
3.789470727323736e-04	-3.182509e-09
3.793376977323737e-04	-1.887658e-09
3.797283227323737e-04	-3.162337e-09
3.801189477323737e-04	-1.907516e-09
3.805095727323737e-04	-3.142779e-09
3.809001977323737e-04	-1.926769e-09
3.812908227323737e-04	-3.123833e-09
3.816814477323737e-04	-1.945417e-09
3.820720727323737e-04	-3.105466e-09
3.824626977323737e-04	-1.963497e-09
3.828533227323738e-04	-3.087674e-09
3.832439477323738e-04	-1.981016e-09
3.836345727323738e-04	-3.070430e-09
3.840251977323738e-04	-1.997995e-09
3.844158227323738e-04	-3.053717e-09
3.848064477323738e-04	-2.014442e-09
3.851970727323738e-04	-3.037520e-09
3.855876977323738e-04	-2.030382e-09
3.859783227323738e-04	-3.021827e-09
3.863689477323739e-04	-2.045835e-09
3.867595727323739e-04	-3.006619e-09
3.871501977323739e-04	-2.060805e-09
3.875408227323739e-04	-2.991876e-09
3.879314477323739e-04	-2.075316e-09
3.883220727323739e-04	-2.977593e-09
3.887126977323739e-04	-2.089377e-09
3.891033227323739e-04	-2.963754e-09
3.894939477323739e-04	-2.103000e-09
3.898845727323740e-04	-2.950341e-09
3.902751977323740e-04	-2.116201e-09
3.906658227323740e-04	-2.937341e-09
3.910564477323740e-04	-2.129004e-09
3.914470727323740e-04	-2.924750e-09
3.918376977323740e-04	-2.141404e-09
3.922283227323740e-04	-2.912544e-09
3.926189477323740e-04	-2.153423e-09
3.930095727323741e-04	-2.900709e-09
3.934001977323741e-04	-2.165060e-09
3.937908227323741e-04	-2.889248e-09
3.941814477323741e-04	-2.176347e-09
3.945720727323741e-04	-2.878136e-09
3.949626977323741e-04	-2.187286e-09
3.953533227323741e-04	-2.867371e-09
3.957439477323741e-04	-2.197882e-09
3.961345727323741e-04	-2.856942e-09
3.965251977323742e-04	-2.208155e-09
3.969158227323742e-04	-2.846828e-09
3.973064477323742e-04	-2.218107e-09
3.976970727323742e-04	-2.837026e-09
3.980876977323742e-04	-2.227755e-09
3.984783227323742e-04	-2.827538e-09
3.988689477323742e-04	-2.237096e-09
3.992595727323742e-04	-2.818334e-09
3.996501977323742e-04	-2.246153e-09
4.000000000000000e-04	-2.808911e-09
Step Information: F=10K  (Step: 7/10)
0.000000000000000e+00	-2.530001e-09
1.953124944761853e-12	3.898814e-05
3.906249889523705e-12	7.792922e-05
7.812499779047410e-12	1.557123e-04
1.562499955809482e-11	3.106858e-04
3.124999911618964e-11	6.182770e-04
6.249999823237928e-11	1.224161e-03
1.249999964647586e-10	2.399753e-03
2.499999929295171e-10	4.614625e-03
4.999999858590343e-10	8.568570e-03
9.999999717180685e-10	1.518129e-02
1.315435814755641e-09	1.305118e-02
1.636167489749109e-09	1.148035e-02
2.000666466409721e-09	1.022480e-02
2.602112648813576e-09	9.499483e-03
3.174618443081022e-09	9.452837e-03
4.284900551818319e-09	9.416481e-03
6.110438539988098e-09	9.388619e-03
9.761514516327656e-09	9.362083e-03
1.706366646900677e-08	9.338557e-03
2.589360681885279e-08	9.325668e-03
3.915089618627928e-08	9.316759e-03
5.342066245981032e-08	9.312412e-03
7.188286275743490e-08	9.310013e-03
9.649751115067081e-08	9.309358e-03
1.306804954594083e-07	9.309336e-03
1.674798340033599e-07	9.309427e-03
2.410785110912631e-07	9.309444e-03
3.882758652670695e-07	9.309438e-03
5.835883652670694e-07	9.309442e-03
7.789008652670694e-07	9.309439e-03
9.742133652670695e-07	9.309441e-03
1.169525865267070e-06	9.309440e-03
1.364838365267070e-06	9.309440e-03
1.560150865267070e-06	9.309440e-03
1.755463365267070e-06	9.309440e-03
1.950775865267070e-06	9.309440e-03
2.146088365267070e-06	9.309440e-03
2.341400865267070e-06	9.309440e-03
2.536713365267070e-06	9.309440e-03
2.732025865267070e-06	9.309440e-03
2.927338365267070e-06	9.309440e-03
3.122650865267070e-06	9.309440e-03
3.317963365267071e-06	9.309440e-03
3.513275865267071e-06	9.309440e-03
3.708588365267071e-06	9.309440e-03
3.903900865267070e-06	9.309440e-03
4.099213365267070e-06	9.309440e-03
4.294525865267070e-06	9.309440e-03
4.489838365267069e-06	9.309440e-03
4.685150865267069e-06	9.309440e-03
4.880463365267069e-06	9.309440e-03
5.075775865267068e-06	9.309440e-03
5.271088365267068e-06	9.309440e-03
5.466400865267068e-06	9.309440e-03
5.661713365267067e-06	9.309440e-03
5.857025865267067e-06	9.309440e-03
6.052338365267067e-06	9.309440e-03
6.247650865267066e-06	9.309440e-03
6.442963365267066e-06	9.309440e-03
6.638275865267066e-06	9.309440e-03
6.833588365267065e-06	9.309440e-03
7.028900865267065e-06	9.309440e-03
7.224213365267065e-06	9.309440e-03
7.419525865267064e-06	9.309440e-03
7.614838365267064e-06	9.309440e-03
7.810150865267065e-06	9.309440e-03
8.005463365267065e-06	9.309440e-03
8.200775865267066e-06	9.309440e-03
8.396088365267066e-06	9.309440e-03
8.591400865267067e-06	9.309440e-03
8.786713365267067e-06	9.309440e-03
8.982025865267068e-06	9.309440e-03
9.177338365267068e-06	9.309440e-03
9.372650865267069e-06	9.309440e-03
9.567963365267069e-06	9.309440e-03
9.763275865267070e-06	9.309440e-03
9.958588365267070e-06	9.309440e-03
1.015390086526707e-05	9.309440e-03
1.034921336526707e-05	9.309440e-03
1.054452586526707e-05	9.309440e-03
1.073983836526707e-05	9.309440e-03
1.093515086526707e-05	9.309440e-03
1.113046336526707e-05	9.309440e-03
1.132577586526707e-05	9.309440e-03
1.152108836526707e-05	9.309440e-03
1.171640086526707e-05	9.309440e-03
1.191171336526708e-05	9.309440e-03
1.210702586526708e-05	9.309440e-03
1.230233836526708e-05	9.309440e-03
1.249765086526708e-05	9.309440e-03
1.269296336526708e-05	9.309440e-03
1.288827586526708e-05	9.309440e-03
1.308358836526708e-05	9.309440e-03
1.327890086526708e-05	9.309440e-03
1.347421336526708e-05	9.309440e-03
1.366952586526708e-05	9.309440e-03
1.386483836526708e-05	9.309440e-03
1.406015086526708e-05	9.309440e-03
1.425546336526708e-05	9.309440e-03
1.445077586526708e-05	9.309440e-03
1.464608836526708e-05	9.309440e-03
1.484140086526708e-05	9.309440e-03
1.503671336526708e-05	9.309440e-03
1.523202586526708e-05	9.309440e-03
1.542733836526708e-05	9.309440e-03
1.562265086526708e-05	9.309440e-03
1.581796336526708e-05	9.309440e-03
1.601327586526708e-05	9.309440e-03
1.620858836526708e-05	9.309440e-03
1.640390086526708e-05	9.309440e-03
1.659921336526708e-05	9.309440e-03
1.679452586526707e-05	9.309440e-03
1.698983836526707e-05	9.309440e-03
1.718515086526707e-05	9.309440e-03
1.738046336526707e-05	9.309440e-03
1.757577586526707e-05	9.309440e-03
1.777108836526707e-05	9.309440e-03
1.796640086526707e-05	9.309440e-03
1.816171336526707e-05	9.309440e-03
1.835702586526707e-05	9.309440e-03
1.855233836526706e-05	9.309440e-03
1.874765086526706e-05	9.309440e-03
1.894296336526706e-05	9.309440e-03
1.913827586526706e-05	9.309440e-03
1.933358836526706e-05	9.309440e-03
1.952890086526706e-05	9.309440e-03
1.972421336526706e-05	9.309440e-03
1.991952586526706e-05	9.309440e-03
2.011483836526705e-05	9.309440e-03
2.031015086526705e-05	9.309440e-03
2.050546336526705e-05	9.309440e-03
2.070077586526705e-05	9.309440e-03
2.089608836526705e-05	9.309440e-03
2.109140086526705e-05	9.309440e-03
2.128671336526705e-05	9.309440e-03
2.148202586526705e-05	9.309440e-03
2.167733836526705e-05	9.309440e-03
2.187265086526704e-05	9.309440e-03
2.206796336526704e-05	9.309440e-03
2.226327586526704e-05	9.309440e-03
2.245858836526704e-05	9.309440e-03
2.265390086526704e-05	9.309440e-03
2.284921336526704e-05	9.309440e-03
2.304452586526704e-05	9.309440e-03
2.323983836526704e-05	9.309440e-03
2.343515086526703e-05	9.309440e-03
2.363046336526703e-05	9.309440e-03
2.382577586526703e-05	9.309440e-03
2.402108836526703e-05	9.309440e-03
2.421640086526703e-05	9.309440e-03
2.441171336526703e-05	9.309440e-03
2.460702586526703e-05	9.309440e-03
2.480233836526703e-05	9.309440e-03
2.499765086526702e-05	9.309440e-03
2.519296336526702e-05	9.309440e-03
2.538827586526702e-05	9.309440e-03
2.558358836526702e-05	9.309440e-03
2.577890086526702e-05	9.309440e-03
2.597421336526702e-05	9.309440e-03
2.616952586526702e-05	9.309440e-03
2.636483836526702e-05	9.309440e-03
2.656015086526702e-05	9.309440e-03
2.675546336526701e-05	9.309440e-03
2.695077586526701e-05	9.309440e-03
2.714608836526701e-05	9.309440e-03
2.734140086526701e-05	9.309440e-03
2.753671336526701e-05	9.309440e-03
2.773202586526701e-05	9.309440e-03
2.792733836526701e-05	9.309440e-03
2.812265086526701e-05	9.309440e-03
2.831796336526700e-05	9.309440e-03
2.851327586526700e-05	9.309440e-03
2.870858836526700e-05	9.309440e-03
2.890390086526700e-05	9.309440e-03
2.909921336526700e-05	9.309440e-03
2.929452586526700e-05	9.309440e-03
2.948983836526700e-05	9.309440e-03
2.968515086526700e-05	9.309440e-03
2.988046336526700e-05	9.309440e-03
3.007577586526699e-05	9.309440e-03
3.027108836526699e-05	9.309440e-03
3.046640086526699e-05	9.309440e-03
3.066171336526699e-05	9.309440e-03
3.085702586526699e-05	9.309440e-03
3.105233836526699e-05	9.309440e-03
3.124765086526699e-05	9.309440e-03
3.144296336526699e-05	9.309440e-03
3.163827586526699e-05	9.309440e-03
3.183358836526699e-05	9.309440e-03
3.202890086526699e-05	9.309440e-03
3.222421336526698e-05	9.309440e-03
3.241952586526698e-05	9.309440e-03
3.261483836526698e-05	9.309440e-03
3.281015086526698e-05	9.309440e-03
3.300546336526698e-05	9.309440e-03
3.320077586526698e-05	9.309440e-03
3.339608836526698e-05	9.309440e-03
3.359140086526698e-05	9.309440e-03
3.378671336526698e-05	9.309440e-03
3.398202586526697e-05	9.309440e-03
3.417733836526697e-05	9.309440e-03
3.437265086526697e-05	9.309440e-03
3.456796336526697e-05	9.309440e-03
3.476327586526697e-05	9.309440e-03
3.495858836526697e-05	9.309440e-03
3.515390086526697e-05	9.309440e-03
3.534921336526697e-05	9.309440e-03
3.554452586526696e-05	9.309440e-03
3.573983836526696e-05	9.309440e-03
3.593515086526696e-05	9.309440e-03
3.613046336526696e-05	9.309440e-03
3.632577586526696e-05	9.309440e-03
3.652108836526696e-05	9.309440e-03
3.671640086526696e-05	9.309440e-03
3.691171336526696e-05	9.309440e-03
3.710702586526696e-05	9.309440e-03
3.730233836526695e-05	9.309440e-03
3.749765086526695e-05	9.309440e-03
3.769296336526695e-05	9.309440e-03
3.788827586526695e-05	9.309440e-03
3.808358836526695e-05	9.309440e-03
3.827890086526695e-05	9.309440e-03
3.847421336526695e-05	9.309440e-03
3.866952586526695e-05	9.309440e-03
3.886483836526694e-05	9.309440e-03
3.906015086526694e-05	9.309440e-03
3.925546336526694e-05	9.309440e-03
3.945077586526694e-05	9.309440e-03
3.964608836526694e-05	9.309440e-03
3.984140086526694e-05	9.309440e-03
4.003671336526694e-05	9.309440e-03
4.023202586526694e-05	9.309440e-03
4.042733836526693e-05	9.309440e-03
4.062265086526693e-05	9.309440e-03
4.081796336526693e-05	9.309440e-03
4.101327586526693e-05	9.309440e-03
4.120858836526693e-05	9.309440e-03
4.140390086526693e-05	9.309440e-03
4.159921336526693e-05	9.309440e-03
4.179452586526693e-05	9.309440e-03
4.198983836526693e-05	9.309440e-03
4.218515086526692e-05	9.309440e-03
4.238046336526692e-05	9.309440e-03
4.257577586526692e-05	9.309440e-03
4.277108836526692e-05	9.309440e-03
4.296640086526692e-05	9.309440e-03
4.316171336526692e-05	9.309440e-03
4.335702586526692e-05	9.309440e-03
4.355233836526692e-05	9.309440e-03
4.374765086526691e-05	9.309440e-03
4.394296336526691e-05	9.309440e-03
4.413827586526691e-05	9.309440e-03
4.433358836526691e-05	9.309440e-03
4.452890086526691e-05	9.309440e-03
4.472421336526691e-05	9.309440e-03
4.491952586526691e-05	9.309440e-03
4.511483836526691e-05	9.309440e-03
4.531015086526691e-05	9.309440e-03
4.550546336526690e-05	9.309440e-03
4.570077586526690e-05	9.309440e-03
4.589608836526690e-05	9.309440e-03
4.609140086526690e-05	9.309440e-03
4.628671336526690e-05	9.309440e-03
4.648202586526690e-05	9.309440e-03
4.667733836526690e-05	9.309440e-03
4.687265086526690e-05	9.309440e-03
4.706796336526689e-05	9.309440e-03
4.726327586526689e-05	9.309440e-03
4.745858836526689e-05	9.309440e-03
4.765390086526689e-05	9.309440e-03
4.784921336526689e-05	9.309440e-03
4.804452586526689e-05	9.309440e-03
4.823983836526689e-05	9.309440e-03
4.843515086526689e-05	9.309440e-03
4.863046336526689e-05	9.309440e-03
4.882577586526688e-05	9.309440e-03
4.902108836526688e-05	9.309440e-03
4.921640086526688e-05	9.309440e-03
4.941171336526688e-05	9.309440e-03
4.960702586526688e-05	9.309440e-03
4.980233836526688e-05	9.309440e-03
4.999765086526688e-05	9.309440e-03
5.000100000000000e-05	9.309440e-03
5.000200000000001e-05	-1.067684e-02
5.000413553280085e-05	-1.066597e-02
5.000554537486017e-05	-1.065775e-02
5.000746777026465e-05	-1.064422e-02
5.001131256107359e-05	-1.060237e-02
5.001604611912869e-05	-7.001793e-03
5.001870051029098e-05	-1.215036e-03
5.002130033926806e-05	-1.160310e-04
5.002269904371551e-05	-4.350145e-05
5.002489010045064e-05	-7.271984e-06
5.002821754489773e-05	2.925431e-07
5.003487243379190e-05	-1.114086e-07
5.004818221158024e-05	6.555928e-08
5.007480176715693e-05	-5.655246e-08
5.012804087831030e-05	4.560583e-08
5.023451910061705e-05	-4.797023e-08
5.042983160061705e-05	4.150492e-08
5.062514410061705e-05	-4.520315e-08
5.082045660061705e-05	3.882347e-08
5.101576910061705e-05	-4.260462e-08
5.121108160061705e-05	3.630529e-08
5.140639410061704e-05	-4.016432e-08
5.160170660061704e-05	3.394046e-08
5.179701910061704e-05	-3.787262e-08
5.199233160061704e-05	3.171963e-08
5.218764410061704e-05	-3.572046e-08
5.238295660061704e-05	2.963404e-08
5.257826910061704e-05	-3.369937e-08
5.277358160061704e-05	2.767545e-08
5.296889410061704e-05	-3.180134e-08
5.316420660061703e-05	2.583611e-08
5.335951910061703e-05	-3.001890e-08
5.355483160061703e-05	2.410879e-08
5.375014410061703e-05	-2.834499e-08
5.394545660061703e-05	2.248666e-08
5.414076910061703e-05	-2.677301e-08
5.433608160061703e-05	2.096329e-08
5.453139410061703e-05	-2.529676e-08
5.472670660061702e-05	1.953269e-08
5.492201910061702e-05	-2.391040e-08
5.511733160061702e-05	1.818921e-08
5.531264410061702e-05	-2.260847e-08
5.550795660061702e-05	1.692754e-08
5.570326910061702e-05	-2.138580e-08
5.589858160061702e-05	1.574268e-08
5.609389410061702e-05	-2.023760e-08
5.628920660061702e-05	1.462999e-08
5.648451910061701e-05	-1.915932e-08
5.667983160061701e-05	1.358505e-08
5.687514410061701e-05	-1.814669e-08
5.707045660061701e-05	1.260374e-08
5.726576910061701e-05	-1.719573e-08
5.746108160061701e-05	1.168219e-08
5.765639410061701e-05	-1.630267e-08
5.785170660061701e-05	1.081676e-08
5.804701910061700e-05	-1.546400e-08
5.824233160061700e-05	1.000402e-08
5.843764410061700e-05	-1.467640e-08
5.863295660061700e-05	9.240774e-09
5.882826910061700e-05	-1.393676e-08
5.902358160061700e-05	8.524005e-09
5.921889410061700e-05	-1.324216e-08
5.941420660061700e-05	7.850878e-09
5.960951910061700e-05	-1.258985e-08
5.980483160061699e-05	7.218751e-09
6.000014410061699e-05	-1.197727e-08
6.019545660061699e-05	6.625107e-09
6.039076910061699e-05	-1.140199e-08
6.058608160061699e-05	6.067616e-09
6.078139410061699e-05	-1.086174e-08
6.097670660061699e-05	5.544079e-09
6.117201910061699e-05	-1.035438e-08
6.136733160061700e-05	5.052418e-09
6.156264410061700e-05	-9.877926e-09
6.175795660061701e-05	4.590694e-09
6.195326910061701e-05	-9.430481e-09
6.214858160061702e-05	4.157085e-09
6.234389410061703e-05	-9.010286e-09
6.253920660061703e-05	3.749880e-09
6.273451910061704e-05	-8.615674e-09
6.292983160061704e-05	3.367479e-09
6.312514410061705e-05	-8.245092e-09
6.332045660061705e-05	3.008357e-09
6.351576910061706e-05	-7.897082e-09
6.371108160061707e-05	2.671100e-09
6.390639410061707e-05	-7.570255e-09
6.410170660061708e-05	2.354389e-09
6.429701910061708e-05	-7.263335e-09
6.449233160061709e-05	2.056959e-09
6.468764410061709e-05	-6.975100e-09
6.488295660061710e-05	1.777642e-09
6.507826910061710e-05	-6.704427e-09
6.527358160061711e-05	1.515332e-09
6.546889410061712e-05	-6.450227e-09
6.566420660061712e-05	1.268994e-09
6.585951910061713e-05	-6.211507e-09
6.605483160061713e-05	1.037665e-09
6.625014410061714e-05	-5.987330e-09
6.644545660061714e-05	8.204110e-10
6.664076910061715e-05	-5.776800e-09
6.683608160061715e-05	6.163927e-10
6.703139410061716e-05	-5.579090e-09
6.722670660061717e-05	4.247932e-10
6.742201910061717e-05	-5.393413e-09
6.761733160061718e-05	2.448652e-10
6.781264410061718e-05	-5.219049e-09
6.800795660061719e-05	7.589547e-11
6.820326910061719e-05	-5.055305e-09
6.839858160061720e-05	-8.278823e-11
6.859389410061720e-05	-4.901529e-09
6.878920660061721e-05	-2.318114e-10
6.898451910061722e-05	-4.757115e-09
6.917983160061722e-05	-3.717558e-10
6.937514410061723e-05	-4.621499e-09
6.957045660061723e-05	-5.031781e-10
6.976576910061724e-05	-4.494139e-09
6.996108160061724e-05	-6.266005e-10
7.015639410061725e-05	-4.374535e-09
7.035170660061726e-05	-7.425047e-10
7.054701910061726e-05	-4.262212e-09
7.074233160061727e-05	-8.513472e-10
7.093764410061727e-05	-4.156731e-09
7.113295660061728e-05	-9.535752e-10
7.132826910061728e-05	-4.057674e-09
7.152358160061729e-05	-1.049567e-09
7.171889410061729e-05	-3.964650e-09
7.191420660061730e-05	-1.139714e-09
7.210951910061731e-05	-3.877286e-09
7.230483160061731e-05	-1.224373e-09
7.250014410061732e-05	-3.795246e-09
7.269545660061732e-05	-1.303880e-09
7.289076910061733e-05	-3.718200e-09
7.308608160061733e-05	-1.378541e-09
7.328139410061734e-05	-3.645844e-09
7.347670660061734e-05	-1.448663e-09
7.367201910061735e-05	-3.577895e-09
7.386733160061736e-05	-1.514510e-09
7.406264410061736e-05	-3.514084e-09
7.425795660061737e-05	-1.576345e-09
7.445326910061737e-05	-3.454163e-09
7.464858160061738e-05	-1.634411e-09
7.484389410061738e-05	-3.397886e-09
7.503920660061739e-05	-1.688953e-09
7.523451910061740e-05	-3.345039e-09
7.542983160061740e-05	-1.740170e-09
7.562514410061741e-05	-3.295408e-09
7.582045660061741e-05	-1.788263e-09
7.601576910061742e-05	-3.248800e-09
7.621108160061742e-05	-1.833432e-09
7.640639410061743e-05	-3.205026e-09
7.660170660061743e-05	-1.875842e-09
7.679701910061744e-05	-3.163926e-09
7.699233160061745e-05	-1.915679e-09
7.718764410061745e-05	-3.125318e-09
7.738295660061746e-05	-1.953089e-09
7.757826910061746e-05	-3.089066e-09
7.777358160061747e-05	-1.988219e-09
7.796889410061747e-05	-3.055024e-09
7.816420660061748e-05	-2.021209e-09
7.835951910061748e-05	-3.023053e-09
7.855483160061749e-05	-2.052193e-09
7.875014410061750e-05	-2.993030e-09
7.894545660061750e-05	-2.081287e-09
7.914076910061751e-05	-2.964833e-09
7.933608160061751e-05	-2.108614e-09
7.953139410061752e-05	-2.938357e-09
7.972670660061752e-05	-2.134274e-09
7.992201910061753e-05	-2.913488e-09
8.011733160061754e-05	-2.158371e-09
8.031264410061754e-05	-2.890136e-09
8.050795660061755e-05	-2.181000e-09
8.070326910061755e-05	-2.868207e-09
8.089858160061756e-05	-2.202254e-09
8.109389410061756e-05	-2.847609e-09
8.128920660061757e-05	-2.222210e-09
8.148451910061757e-05	-2.828270e-09
8.167983160061758e-05	-2.240949e-09
8.187514410061759e-05	-2.810109e-09
8.207045660061759e-05	-2.258553e-09
8.226576910061760e-05	-2.793052e-09
8.246108160061760e-05	-2.275085e-09
8.265639410061761e-05	-2.777031e-09
8.285170660061761e-05	-2.290606e-09
8.304701910061762e-05	-2.761991e-09
8.324233160061762e-05	-2.305180e-09
8.343764410061763e-05	-2.747861e-09
8.363295660061764e-05	-2.318871e-09
8.382826910061764e-05	-2.734598e-09
8.402358160061765e-05	-2.331731e-09
8.421889410061765e-05	-2.722139e-09
8.441420660061766e-05	-2.343803e-09
8.460951910061766e-05	-2.710436e-09
8.480483160061767e-05	-2.355140e-09
8.500014410061767e-05	-2.699449e-09
8.519545660061768e-05	-2.365788e-09
8.539076910061769e-05	-2.689132e-09
8.558608160061769e-05	-2.375790e-09
8.578139410061770e-05	-2.679440e-09
8.597670660061770e-05	-2.385181e-09
8.617201910061771e-05	-2.670343e-09
8.636733160061771e-05	-2.393997e-09
8.656264410061772e-05	-2.661796e-09
8.675795660061773e-05	-2.402279e-09
8.695326910061773e-05	-2.653768e-09
8.714858160061774e-05	-2.410057e-09
8.734389410061774e-05	-2.646234e-09
8.753920660061775e-05	-2.417362e-09
8.773451910061775e-05	-2.639156e-09
8.792983160061776e-05	-2.424217e-09
8.812514410061776e-05	-2.632508e-09
8.832045660061777e-05	-2.430663e-09
8.851576910061778e-05	-2.626265e-09
8.871108160061778e-05	-2.436705e-09
8.890639410061779e-05	-2.620405e-09
8.910170660061779e-05	-2.442391e-09
8.929701910061780e-05	-2.614897e-09
8.949233160061780e-05	-2.447726e-09
8.968764410061781e-05	-2.609731e-09
8.988295660061781e-05	-2.452736e-09
9.007826910061782e-05	-2.604877e-09
9.027358160061783e-05	-2.457440e-09
9.046889410061783e-05	-2.600314e-09
9.066420660061784e-05	-2.461862e-09
9.085951910061784e-05	-2.596030e-09
9.105483160061785e-05	-2.466005e-09
9.125014410061785e-05	-2.592014e-09
9.144545660061786e-05	-2.469905e-09
9.164076910061787e-05	-2.588233e-09
9.183608160061787e-05	-2.473561e-09
9.203139410061788e-05	-2.584687e-09
9.222670660061788e-05	-2.477001e-09
9.242201910061789e-05	-2.581359e-09
9.261733160061789e-05	-2.480229e-09
9.281264410061790e-05	-2.578232e-09
9.300795660061790e-05	-2.483256e-09
9.320326910061791e-05	-2.575295e-09
9.339858160061792e-05	-2.486105e-09
9.359389410061792e-05	-2.572537e-09
9.378920660061793e-05	-2.488776e-09
9.398451910061793e-05	-2.569944e-09
9.417983160061794e-05	-2.491287e-09
9.437514410061794e-05	-2.567511e-09
9.457045660061795e-05	-2.493645e-09
9.476576910061795e-05	-2.565228e-09
9.496108160061796e-05	-2.495856e-09
9.515639410061797e-05	-2.563086e-09
9.535170660061797e-05	-2.497939e-09
9.554701910061798e-05	-2.561069e-09
9.574233160061798e-05	-2.499891e-09
9.593764410061799e-05	-2.559174e-09
9.613295660061799e-05	-2.501723e-09
9.632826910061800e-05	-2.557397e-09
9.652358160061800e-05	-2.503443e-09
9.671889410061801e-05	-2.555733e-09
9.691420660061802e-05	-2.505063e-09
9.710951910061802e-05	-2.554164e-09
9.730483160061803e-05	-2.506580e-09
9.750014410061803e-05	-2.552694e-09
9.769545660061804e-05	-2.508009e-09
9.789076910061804e-05	-2.551311e-09
9.808608160061805e-05	-2.509345e-09
9.828139410061806e-05	-2.550010e-09
9.847670660061806e-05	-2.510605e-09
9.867201910061807e-05	-2.548794e-09
9.886733160061807e-05	-2.511787e-09
9.906264410061808e-05	-2.547649e-09
9.925795660061808e-05	-2.512894e-09
9.945326910061809e-05	-2.546577e-09
9.964858160061809e-05	-2.513936e-09
9.984389410061810e-05	-2.545563e-09
1.000000000000000e-04	-2.515030e-09
1.000010000000000e-04	1.543010e-02
1.000010449521452e-04	1.507668e-02
1.000011348564356e-04	1.440938e-02
1.000013146650164e-04	1.324280e-02
1.000016742821780e-04	1.145214e-02
1.000017519588373e-04	1.114925e-02
1.000019073121558e-04	1.060526e-02
1.000022180187929e-04	9.767923e-03
1.000028394320671e-04	9.477844e-03
1.000034483135198e-04	9.442186e-03
1.000046660764253e-04	9.409508e-03
1.000071016022362e-04	9.379621e-03
1.000119726538581e-04	9.352771e-03
1.000194129960968e-04	9.334019e-03
1.000302264059466e-04	9.321571e-03
1.000444015441834e-04	9.314739e-03
1.000605097515835e-04	9.311376e-03
1.000787415550035e-04	9.309851e-03
1.001074477211054e-04	9.309386e-03
1.001436904841683e-04	9.309385e-03
1.001907923518278e-04	9.309440e-03
1.002849960871468e-04	9.309440e-03
1.004734035577849e-04	9.309440e-03
1.006687160577849e-04	9.309440e-03
1.008640285577849e-04	9.309440e-03
1.010593410577849e-04	9.309440e-03
1.012546535577849e-04	9.309440e-03
1.014499660577849e-04	9.309440e-03
1.016452785577849e-04	9.309440e-03
1.018405910577849e-04	9.309440e-03
1.020359035577849e-04	9.309440e-03
1.022312160577849e-04	9.309440e-03
1.024265285577849e-04	9.309440e-03
1.026218410577849e-04	9.309440e-03
1.028171535577849e-04	9.309440e-03
1.030124660577849e-04	9.309440e-03
1.032077785577849e-04	9.309440e-03
1.034030910577850e-04	9.309440e-03
1.035984035577850e-04	9.309440e-03
1.037937160577850e-04	9.309440e-03
1.039890285577850e-04	9.309440e-03
1.041843410577850e-04	9.309440e-03
1.043796535577850e-04	9.309440e-03
1.045749660577850e-04	9.309440e-03
1.047702785577850e-04	9.309440e-03
1.049655910577850e-04	9.309440e-03
1.051609035577850e-04	9.309440e-03
1.053562160577850e-04	9.309440e-03
1.055515285577850e-04	9.309440e-03
1.057468410577850e-04	9.309440e-03
1.059421535577850e-04	9.309440e-03
1.061374660577850e-04	9.309440e-03
1.063327785577850e-04	9.309440e-03
1.065280910577850e-04	9.309440e-03
1.067234035577851e-04	9.309440e-03
1.069187160577851e-04	9.309440e-03
1.071140285577851e-04	9.309440e-03
1.073093410577851e-04	9.309440e-03
1.075046535577851e-04	9.309440e-03
1.076999660577851e-04	9.309440e-03
1.078952785577851e-04	9.309440e-03
1.080905910577851e-04	9.309440e-03
1.082859035577851e-04	9.309440e-03
1.084812160577851e-04	9.309440e-03
1.086765285577851e-04	9.309440e-03
1.088718410577851e-04	9.309440e-03
1.090671535577851e-04	9.309440e-03
1.092624660577851e-04	9.309440e-03
1.094577785577851e-04	9.309440e-03
1.096530910577851e-04	9.309440e-03
1.098484035577851e-04	9.309440e-03
1.100437160577851e-04	9.309440e-03
1.102390285577852e-04	9.309440e-03
1.104343410577852e-04	9.309440e-03
1.106296535577852e-04	9.309440e-03
1.108249660577852e-04	9.309440e-03
1.110202785577852e-04	9.309440e-03
1.112155910577852e-04	9.309440e-03
1.114109035577852e-04	9.309440e-03
1.116062160577852e-04	9.309440e-03
1.118015285577852e-04	9.309440e-03
1.119968410577852e-04	9.309440e-03
1.121921535577852e-04	9.309440e-03
1.123874660577852e-04	9.309440e-03
1.125827785577852e-04	9.309440e-03
1.127780910577852e-04	9.309440e-03
1.129734035577852e-04	9.309440e-03
1.131687160577852e-04	9.309440e-03
1.133640285577852e-04	9.309440e-03
1.135593410577852e-04	9.309440e-03
1.137546535577853e-04	9.309440e-03
1.139499660577853e-04	9.309440e-03
1.141452785577853e-04	9.309440e-03
1.143405910577853e-04	9.309440e-03
1.145359035577853e-04	9.309440e-03
1.147312160577853e-04	9.309440e-03
1.149265285577853e-04	9.309440e-03
1.151218410577853e-04	9.309440e-03
1.153171535577853e-04	9.309440e-03
1.155124660577853e-04	9.309440e-03
1.157077785577853e-04	9.309440e-03
1.159030910577853e-04	9.309440e-03
1.160984035577853e-04	9.309440e-03
1.162937160577853e-04	9.309440e-03
1.164890285577853e-04	9.309440e-03
1.166843410577853e-04	9.309440e-03
1.168796535577853e-04	9.309440e-03
1.170749660577853e-04	9.309440e-03
1.172702785577854e-04	9.309440e-03
1.174655910577854e-04	9.309440e-03
1.176609035577854e-04	9.309440e-03
1.178562160577854e-04	9.309440e-03
1.180515285577854e-04	9.309440e-03
1.182468410577854e-04	9.309440e-03
1.184421535577854e-04	9.309440e-03
1.186374660577854e-04	9.309440e-03
1.188327785577854e-04	9.309440e-03
1.190280910577854e-04	9.309440e-03
1.192234035577854e-04	9.309440e-03
1.194187160577854e-04	9.309440e-03
1.196140285577854e-04	9.309440e-03
1.198093410577854e-04	9.309440e-03
1.200046535577854e-04	9.309440e-03
1.201999660577854e-04	9.309440e-03
1.203952785577854e-04	9.309440e-03
1.205905910577854e-04	9.309440e-03
1.207859035577855e-04	9.309440e-03
1.209812160577855e-04	9.309440e-03
1.211765285577855e-04	9.309440e-03
1.213718410577855e-04	9.309440e-03
1.215671535577855e-04	9.309440e-03
1.217624660577855e-04	9.309440e-03
1.219577785577855e-04	9.309440e-03
1.221530910577855e-04	9.309440e-03
1.223484035577855e-04	9.309440e-03
1.225437160577855e-04	9.309440e-03
1.227390285577855e-04	9.309440e-03
1.229343410577855e-04	9.309440e-03
1.231296535577855e-04	9.309440e-03
1.233249660577855e-04	9.309440e-03
1.235202785577855e-04	9.309440e-03
1.237155910577855e-04	9.309440e-03
1.239109035577855e-04	9.309440e-03
1.241062160577855e-04	9.309440e-03
1.243015285577855e-04	9.309440e-03
1.244968410577855e-04	9.309440e-03
1.246921535577856e-04	9.309440e-03
1.248874660577856e-04	9.309440e-03
1.250827785577856e-04	9.309440e-03
1.252780910577856e-04	9.309440e-03
1.254734035577856e-04	9.309440e-03
1.256687160577856e-04	9.309440e-03
1.258640285577856e-04	9.309440e-03
1.260593410577856e-04	9.309440e-03
1.262546535577856e-04	9.309440e-03
1.264499660577856e-04	9.309440e-03
1.266452785577856e-04	9.309440e-03
1.268405910577856e-04	9.309440e-03
1.270359035577856e-04	9.309440e-03
1.272312160577856e-04	9.309440e-03
1.274265285577856e-04	9.309440e-03
1.276218410577856e-04	9.309440e-03
1.278171535577856e-04	9.309440e-03
1.280124660577856e-04	9.309440e-03
1.282077785577857e-04	9.309440e-03
1.284030910577857e-04	9.309440e-03
1.285984035577857e-04	9.309440e-03
1.287937160577857e-04	9.309440e-03
1.289890285577857e-04	9.309440e-03
1.291843410577857e-04	9.309440e-03
1.293796535577857e-04	9.309440e-03
1.295749660577857e-04	9.309440e-03
1.297702785577857e-04	9.309440e-03
1.299655910577857e-04	9.309440e-03
1.301609035577857e-04	9.309440e-03
1.303562160577857e-04	9.309440e-03
1.305515285577857e-04	9.309440e-03
1.307468410577857e-04	9.309440e-03
1.309421535577857e-04	9.309440e-03
1.311374660577857e-04	9.309440e-03
1.313327785577857e-04	9.309440e-03
1.315280910577857e-04	9.309440e-03
1.317234035577858e-04	9.309440e-03
1.319187160577858e-04	9.309440e-03
1.321140285577858e-04	9.309440e-03
1.323093410577858e-04	9.309440e-03
1.325046535577858e-04	9.309440e-03
1.326999660577858e-04	9.309440e-03
1.328952785577858e-04	9.309440e-03
1.330905910577858e-04	9.309440e-03
1.332859035577858e-04	9.309440e-03
1.334812160577858e-04	9.309440e-03
1.336765285577858e-04	9.309440e-03
1.338718410577858e-04	9.309440e-03
1.340671535577858e-04	9.309440e-03
1.342624660577858e-04	9.309440e-03
1.344577785577858e-04	9.309440e-03
1.346530910577858e-04	9.309440e-03
1.348484035577858e-04	9.309440e-03
1.350437160577858e-04	9.309440e-03
1.352390285577859e-04	9.309440e-03
1.354343410577859e-04	9.309440e-03
1.356296535577859e-04	9.309440e-03
1.358249660577859e-04	9.309440e-03
1.360202785577859e-04	9.309440e-03
1.362155910577859e-04	9.309440e-03
1.364109035577859e-04	9.309440e-03
1.366062160577859e-04	9.309440e-03
1.368015285577859e-04	9.309440e-03
1.369968410577859e-04	9.309440e-03
1.371921535577859e-04	9.309440e-03
1.373874660577859e-04	9.309440e-03
1.375827785577859e-04	9.309440e-03
1.377780910577859e-04	9.309440e-03
1.379734035577859e-04	9.309440e-03
1.381687160577859e-04	9.309440e-03
1.383640285577859e-04	9.309440e-03
1.385593410577859e-04	9.309440e-03
1.387546535577860e-04	9.309440e-03
1.389499660577860e-04	9.309440e-03
1.391452785577860e-04	9.309440e-03
1.393405910577860e-04	9.309440e-03
1.395359035577860e-04	9.309440e-03
1.397312160577860e-04	9.309440e-03
1.399265285577860e-04	9.309440e-03
1.401218410577860e-04	9.309440e-03
1.403171535577860e-04	9.309440e-03
1.405124660577860e-04	9.309440e-03
1.407077785577860e-04	9.309440e-03
1.409030910577860e-04	9.309440e-03
1.410984035577860e-04	9.309440e-03
1.412937160577860e-04	9.309440e-03
1.414890285577860e-04	9.309440e-03
1.416843410577860e-04	9.309440e-03
1.418796535577860e-04	9.309440e-03
1.420749660577860e-04	9.309440e-03
1.422702785577861e-04	9.309440e-03
1.424655910577861e-04	9.309440e-03
1.426609035577861e-04	9.309440e-03
1.428562160577861e-04	9.309440e-03
1.430515285577861e-04	9.309440e-03
1.432468410577861e-04	9.309440e-03
1.434421535577861e-04	9.309440e-03
1.436374660577861e-04	9.309440e-03
1.438327785577861e-04	9.309440e-03
1.440280910577861e-04	9.309440e-03
1.442234035577861e-04	9.309440e-03
1.444187160577861e-04	9.309440e-03
1.446140285577861e-04	9.309440e-03
1.448093410577861e-04	9.309440e-03
1.450046535577861e-04	9.309440e-03
1.451999660577861e-04	9.309440e-03
1.453952785577861e-04	9.309440e-03
1.455905910577861e-04	9.309440e-03
1.457859035577862e-04	9.309440e-03
1.459812160577862e-04	9.309440e-03
1.461765285577862e-04	9.309440e-03
1.463718410577862e-04	9.309440e-03
1.465671535577862e-04	9.309440e-03
1.467624660577862e-04	9.309440e-03
1.469577785577862e-04	9.309440e-03
1.471530910577862e-04	9.309440e-03
1.473484035577862e-04	9.309440e-03
1.475437160577862e-04	9.309440e-03
1.477390285577862e-04	9.309440e-03
1.479343410577862e-04	9.309440e-03
1.481296535577862e-04	9.309440e-03
1.483249660577862e-04	9.309440e-03
1.485202785577862e-04	9.309440e-03
1.487155910577862e-04	9.309440e-03
1.489109035577862e-04	9.309440e-03
1.491062160577863e-04	9.309440e-03
1.493015285577863e-04	9.309440e-03
1.494968410577863e-04	9.309440e-03
1.496921535577863e-04	9.309440e-03
1.498874660577863e-04	9.309440e-03
1.500010000000000e-04	9.309440e-03
1.500020000000000e-04	-1.067684e-02
1.500179999999998e-04	-5.088114e-03
1.500201279128344e-04	-1.265185e-03
1.500226907363576e-04	-1.304372e-04
1.500241819299828e-04	-4.535891e-05
1.500265530824014e-04	-5.830612e-06
1.500297747607072e-04	1.400768e-07
1.500362181173189e-04	-5.314877e-08
1.500491048305422e-04	2.862335e-08
1.500748782569888e-04	-2.705746e-08
1.501264251098819e-04	1.924212e-08
1.502295188156683e-04	-2.304396e-08
1.504248313156683e-04	1.734956e-08
1.506201438156683e-04	-2.179478e-08
1.508154563156683e-04	1.613902e-08
1.510107688156683e-04	-2.062167e-08
1.512060813156683e-04	1.500219e-08
1.514013938156683e-04	-1.952000e-08
1.515967063156684e-04	1.393458e-08
1.517920188156684e-04	-1.848541e-08
1.519873313156684e-04	1.293199e-08
1.521826438156684e-04	-1.751383e-08
1.523779563156684e-04	1.199045e-08
1.525732688156684e-04	-1.660140e-08
1.527685813156684e-04	1.110624e-08
1.529638938156684e-04	-1.574454e-08
1.531592063156684e-04	1.027588e-08
1.533545188156684e-04	-1.493985e-08
1.535498313156684e-04	9.496081e-09
1.537451438156684e-04	-1.418417e-08
1.539404563156684e-04	8.763763e-09
1.541357688156684e-04	-1.347450e-08
1.543310813156684e-04	8.076044e-09
1.545263938156684e-04	-1.280805e-08
1.547217063156684e-04	7.430200e-09
1.549170188156684e-04	-1.218218e-08
1.551123313156685e-04	6.823684e-09
1.553076438156685e-04	-1.159442e-08
1.555029563156685e-04	6.254099e-09
1.556982688156685e-04	-1.104245e-08
1.558935813156685e-04	5.719200e-09
1.560888938156685e-04	-1.052409e-08
1.562842063156685e-04	5.216872e-09
1.564795188156685e-04	-1.003730e-08
1.566748313156685e-04	4.745137e-09
1.568701438156685e-04	-9.580152e-09
1.570654563156685e-04	4.302127e-09
1.572607688156685e-04	-9.150837e-09
1.574560813156685e-04	3.886090e-09
1.576513938156685e-04	-8.747666e-09
1.578467063156685e-04	3.495392e-09
1.580420188156685e-04	-8.369055e-09
1.582373313156685e-04	3.128480e-09
1.584326438156685e-04	-8.013489e-09
1.586279563156686e-04	2.783914e-09
1.588232688156686e-04	-7.679575e-09
1.590185813156686e-04	2.460329e-09
1.592138938156686e-04	-7.366005e-09
1.594092063156686e-04	2.156447e-09
1.596045188156686e-04	-7.071517e-09
1.597998313156686e-04	1.871070e-09
1.599951438156686e-04	-6.794968e-09
1.601904563156686e-04	1.603078e-09
1.603857688156686e-04	-6.535258e-09
1.605810813156686e-04	1.351392e-09
1.607763938156686e-04	-6.291362e-09
1.609717063156686e-04	1.115042e-09
1.611670188156686e-04	-6.062315e-09
1.613623313156686e-04	8.930791e-10
1.615576438156686e-04	-5.847220e-09
1.617529563156686e-04	6.846355e-10
1.619482688156686e-04	-5.645221e-09
1.621435813156687e-04	4.888859e-10
1.623388938156687e-04	-5.455520e-09
1.625342063156687e-04	3.050518e-10
1.627295188156687e-04	-5.277372e-09
1.629248313156687e-04	1.324136e-10
1.631201438156687e-04	-5.110075e-09
1.633154563156687e-04	-2.971019e-11
1.635107688156687e-04	-4.952965e-09
1.637060813156687e-04	-1.819640e-10
1.639013938156687e-04	-4.805421e-09
1.640967063156687e-04	-3.249451e-10
1.642920188156687e-04	-4.666868e-09
1.644873313156687e-04	-4.592195e-10
1.646826438156687e-04	-4.536740e-09
1.648779563156687e-04	-5.853159e-10
1.650732688156687e-04	-4.414541e-09
1.652685813156687e-04	-7.037375e-10
1.654638938156687e-04	-4.299788e-09
1.656592063156688e-04	-8.149412e-10
1.658545188156688e-04	-4.192018e-09
1.660498313156688e-04	-9.193772e-10
1.662451438156688e-04	-4.090809e-09
1.664404563156688e-04	-1.017455e-09
1.666357688156688e-04	-3.995765e-09
1.668310813156688e-04	-1.109563e-09
1.670263938156688e-04	-3.906506e-09
1.672217063156688e-04	-1.196060e-09
1.674170188156688e-04	-3.822689e-09
1.676123313156688e-04	-1.277285e-09
1.678076438156688e-04	-3.743972e-09
1.680029563156688e-04	-1.353571e-09
1.681982688156688e-04	-3.670047e-09
1.683935813156688e-04	-1.425207e-09
1.685888938156688e-04	-3.600628e-09
1.687842063156688e-04	-1.492481e-09
1.689795188156688e-04	-3.535432e-09
1.691748313156689e-04	-1.555660e-09
1.693701438156689e-04	-3.474207e-09
1.695654563156689e-04	-1.614990e-09
1.697607688156689e-04	-3.416710e-09
1.699560813156689e-04	-1.670707e-09
1.701513938156689e-04	-3.362712e-09
1.703467063156689e-04	-1.723035e-09
1.705420188156689e-04	-3.312005e-09
1.707373313156689e-04	-1.772176e-09
1.709326438156689e-04	-3.264387e-09
1.711279563156689e-04	-1.818323e-09
1.713232688156689e-04	-3.219669e-09
1.715185813156689e-04	-1.861659e-09
1.717138938156689e-04	-3.177671e-09
1.719092063156689e-04	-1.902356e-09
1.721045188156689e-04	-3.138231e-09
1.722998313156689e-04	-1.940579e-09
1.724951438156689e-04	-3.101197e-09
1.726904563156690e-04	-1.976469e-09
1.728857688156690e-04	-3.066417e-09
1.730810813156690e-04	-2.010173e-09
1.732763938156690e-04	-3.033749e-09
1.734717063156690e-04	-2.041832e-09
1.736670188156690e-04	-3.003069e-09
1.738623313156690e-04	-2.071554e-09
1.740576438156690e-04	-2.974266e-09
1.742529563156690e-04	-2.099472e-09
1.744482688156690e-04	-2.947210e-09
1.746435813156690e-04	-2.125689e-09
1.748388938156690e-04	-2.921804e-09
1.750342063156690e-04	-2.150311e-09
1.752295188156690e-04	-2.897945e-09
1.754248313156690e-04	-2.173432e-09
1.756201438156690e-04	-2.875540e-09
1.758154563156690e-04	-2.195145e-09
1.760107688156690e-04	-2.854502e-09
1.762060813156691e-04	-2.215533e-09
1.764013938156691e-04	-2.834740e-09
1.765967063156691e-04	-2.234685e-09
1.767920188156691e-04	-2.816186e-09
1.769873313156691e-04	-2.252661e-09
1.771826438156691e-04	-2.798760e-09
1.773779563156691e-04	-2.269549e-09
1.775732688156691e-04	-2.782391e-09
1.777685813156691e-04	-2.285411e-09
1.779638938156691e-04	-2.767020e-09
1.781592063156691e-04	-2.300310e-09
1.783545188156691e-04	-2.752587e-09
1.785498313156691e-04	-2.314293e-09
1.787451438156691e-04	-2.739036e-09
1.789404563156691e-04	-2.327428e-09
1.791357688156691e-04	-2.726304e-09
1.793310813156691e-04	-2.339762e-09
1.795263938156692e-04	-2.714351e-09
1.797217063156692e-04	-2.351346e-09
1.799170188156692e-04	-2.703124e-09
1.801123313156692e-04	-2.362223e-09
1.803076438156692e-04	-2.692582e-09
1.805029563156692e-04	-2.372443e-09
1.806982688156692e-04	-2.682683e-09
1.808935813156692e-04	-2.382038e-09
1.810888938156692e-04	-2.673383e-09
1.812842063156692e-04	-2.391045e-09
1.814795188156692e-04	-2.664657e-09
1.816748313156692e-04	-2.399511e-09
1.818701438156692e-04	-2.656454e-09
1.820654563156692e-04	-2.407454e-09
1.822607688156692e-04	-2.648751e-09
1.824560813156692e-04	-2.414916e-09
1.826513938156692e-04	-2.641524e-09
1.828467063156692e-04	-2.421925e-09
1.830420188156693e-04	-2.634734e-09
1.832373313156693e-04	-2.428505e-09
1.834326438156693e-04	-2.628351e-09
1.836279563156693e-04	-2.434688e-09
1.838232688156693e-04	-2.622362e-09
1.840185813156693e-04	-2.440492e-09
1.842138938156693e-04	-2.616743e-09
1.844092063156693e-04	-2.445943e-09
1.846045188156693e-04	-2.611460e-09
1.847998313156693e-04	-2.451056e-09
1.849951438156693e-04	-2.606497e-09
1.851904563156693e-04	-2.455866e-09
1.853857688156693e-04	-2.601837e-09
1.855810813156693e-04	-2.460379e-09
1.857763938156693e-04	-2.597462e-09
1.859717063156693e-04	-2.464617e-09
1.861670188156693e-04	-2.593356e-09
1.863623313156693e-04	-2.468598e-09
1.865576438156694e-04	-2.589494e-09
1.867529563156694e-04	-2.472339e-09
1.869482688156694e-04	-2.585875e-09
1.871435813156694e-04	-2.475854e-09
1.873388938156694e-04	-2.582473e-09
1.875342063156694e-04	-2.479150e-09
1.877295188156694e-04	-2.579279e-09
1.879248313156694e-04	-2.482249e-09
1.881201438156694e-04	-2.576277e-09
1.883154563156694e-04	-2.485151e-09
1.885107688156694e-04	-2.573463e-09
1.887060813156694e-04	-2.487882e-09
1.889013938156694e-04	-2.570814e-09
1.890967063156694e-04	-2.490449e-09
1.892920188156694e-04	-2.568324e-09
1.894873313156694e-04	-2.492854e-09
1.896826438156694e-04	-2.565991e-09
1.898779563156694e-04	-2.495118e-09
1.900732688156695e-04	-2.563799e-09
1.902685813156695e-04	-2.497242e-09
1.904638938156695e-04	-2.561741e-09
1.906592063156695e-04	-2.499237e-09
1.908545188156695e-04	-2.559808e-09
1.910498313156695e-04	-2.501110e-09
1.912451438156695e-04	-2.557991e-09
1.914404563156695e-04	-2.502868e-09
1.916357688156695e-04	-2.556287e-09
1.918310813156695e-04	-2.504522e-09
1.920263938156695e-04	-2.554686e-09
1.922217063156695e-04	-2.506074e-09
1.924170188156695e-04	-2.553185e-09
1.926123313156695e-04	-2.507528e-09
1.928076438156695e-04	-2.551774e-09
1.930029563156695e-04	-2.508898e-09
1.931982688156695e-04	-2.550451e-09
1.933935813156695e-04	-2.510183e-09
1.935888938156696e-04	-2.549204e-09
1.937842063156696e-04	-2.511390e-09
1.939795188156696e-04	-2.548031e-09
1.941748313156696e-04	-2.512519e-09
1.943701438156696e-04	-2.546936e-09
1.945654563156696e-04	-2.513582e-09
1.947607688156696e-04	-2.545904e-09
1.949560813156696e-04	-2.514589e-09
1.951513938156696e-04	-2.544934e-09
1.953467063156696e-04	-2.515528e-09
1.955420188156696e-04	-2.544021e-09
1.957373313156696e-04	-2.516410e-09
1.959326438156696e-04	-2.543171e-09
1.961279563156696e-04	-2.517232e-09
1.963232688156696e-04	-2.542367e-09
1.965185813156696e-04	-2.518008e-09
1.967138938156696e-04	-2.541613e-09
1.969092063156696e-04	-2.518739e-09
1.971045188156697e-04	-2.540906e-09
1.972998313156697e-04	-2.519428e-09
1.974951438156697e-04	-2.540247e-09
1.976904563156697e-04	-2.520069e-09
1.978857688156697e-04	-2.539621e-09
1.980810813156697e-04	-2.520675e-09
1.982763938156697e-04	-2.539033e-09
1.984717063156697e-04	-2.521238e-09
1.986670188156697e-04	-2.538486e-09
1.988623313156697e-04	-2.521773e-09
1.990576438156697e-04	-2.537967e-09
1.992529563156697e-04	-2.522277e-09
1.994482688156697e-04	-2.537482e-09
1.996435813156697e-04	-2.522749e-09
1.998388938156697e-04	-2.537025e-09
2.000000000000000e-04	-2.523237e-09
Step Information: F=25K  (Step: 8/10)
0.000000000000000e+00	-2.530001e-09
7.812499562206976e-13	1.560565e-05
1.562499912441395e-12	3.120588e-05
3.124999824882790e-12	6.239046e-05
6.249999649765581e-12	1.246644e-04
1.249999929953116e-11	2.488325e-04
2.499999859906232e-11	4.956569e-04
4.999999719812465e-11	9.833230e-04
9.999999439624929e-11	1.935240e-03
1.999999887924986e-10	3.749664e-03
3.999999775849972e-10	7.056072e-03
7.999999551699943e-10	1.268847e-02
1.000000000000000e-09	1.517349e-02
1.291436850176672e-09	1.317962e-02
1.685266111630121e-09	1.126958e-02
2.063247340215587e-09	1.005009e-02
2.645171276273930e-09	9.493947e-03
3.200152435121859e-09	9.451324e-03
4.247163979557655e-09	9.417069e-03
6.341187068429247e-09	9.386189e-03
1.052923324617243e-08	9.358410e-03
1.736299663222249e-08	9.337608e-03
2.697722047568267e-08	9.324104e-03
4.192117705951010e-08	9.315424e-03
5.663361877863880e-08	9.311790e-03
7.436008691927176e-08	9.309941e-03
1.007611888327770e-07	9.309392e-03
1.357720667123282e-07	9.309366e-03
1.766433152784880e-07	9.309435e-03
2.547683152784880e-07	9.309442e-03
3.328933152784880e-07	9.309440e-03
4.110183152784880e-07	9.309440e-03
4.891433152784880e-07	9.309440e-03
5.672683152784880e-07	9.309440e-03
6.453933152784880e-07	9.309440e-03
7.235183152784880e-07	9.309440e-03
8.016433152784880e-07	9.309440e-03
8.797683152784880e-07	9.309440e-03
9.578933152784881e-07	9.309440e-03
1.036018315278488e-06	9.309440e-03
1.114143315278488e-06	9.309440e-03
1.192268315278488e-06	9.309440e-03
1.270393315278488e-06	9.309440e-03
1.348518315278488e-06	9.309440e-03
1.426643315278488e-06	9.309440e-03
1.504768315278488e-06	9.309440e-03
1.582893315278488e-06	9.309440e-03
1.661018315278488e-06	9.309440e-03
1.739143315278488e-06	9.309440e-03
1.817268315278488e-06	9.309440e-03
1.895393315278488e-06	9.309440e-03
1.973518315278488e-06	9.309440e-03
2.051643315278488e-06	9.309440e-03
2.129768315278489e-06	9.309440e-03
2.207893315278489e-06	9.309440e-03
2.286018315278489e-06	9.309440e-03
2.364143315278489e-06	9.309440e-03
2.442268315278489e-06	9.309440e-03
2.520393315278490e-06	9.309440e-03
2.598518315278490e-06	9.309440e-03
2.676643315278490e-06	9.309440e-03
2.754768315278490e-06	9.309440e-03
2.832893315278490e-06	9.309440e-03
2.911018315278491e-06	9.309440e-03
2.989143315278491e-06	9.309440e-03
3.067268315278491e-06	9.309440e-03
3.145393315278491e-06	9.309440e-03
3.223518315278491e-06	9.309440e-03
3.301643315278492e-06	9.309440e-03
3.379768315278492e-06	9.309440e-03
3.457893315278492e-06	9.309440e-03
3.536018315278492e-06	9.309440e-03
3.614143315278493e-06	9.309440e-03
3.692268315278493e-06	9.309440e-03
3.770393315278493e-06	9.309440e-03
3.848518315278493e-06	9.309440e-03
3.926643315278493e-06	9.309440e-03
4.004768315278493e-06	9.309440e-03
4.082893315278493e-06	9.309440e-03
4.161018315278494e-06	9.309440e-03
4.239143315278494e-06	9.309440e-03
4.317268315278494e-06	9.309440e-03
4.395393315278494e-06	9.309440e-03
4.473518315278494e-06	9.309440e-03
4.551643315278495e-06	9.309440e-03
4.629768315278495e-06	9.309440e-03
4.707893315278495e-06	9.309440e-03
4.786018315278495e-06	9.309440e-03
4.864143315278495e-06	9.309440e-03
4.942268315278496e-06	9.309440e-03
5.020393315278496e-06	9.309440e-03
5.098518315278496e-06	9.309440e-03
5.176643315278496e-06	9.309440e-03
5.254768315278496e-06	9.309440e-03
5.332893315278497e-06	9.309440e-03
5.411018315278497e-06	9.309440e-03
5.489143315278497e-06	9.309440e-03
5.567268315278497e-06	9.309440e-03
5.645393315278497e-06	9.309440e-03
5.723518315278498e-06	9.309440e-03
5.801643315278498e-06	9.309440e-03
5.879768315278498e-06	9.309440e-03
5.957893315278498e-06	9.309440e-03
6.036018315278498e-06	9.309440e-03
6.114143315278499e-06	9.309440e-03
6.192268315278499e-06	9.309440e-03
6.270393315278499e-06	9.309440e-03
6.348518315278499e-06	9.309440e-03
6.426643315278499e-06	9.309440e-03
6.504768315278500e-06	9.309440e-03
6.582893315278500e-06	9.309440e-03
6.661018315278500e-06	9.309440e-03
6.739143315278500e-06	9.309440e-03
6.817268315278500e-06	9.309440e-03
6.895393315278501e-06	9.309440e-03
6.973518315278501e-06	9.309440e-03
7.051643315278501e-06	9.309440e-03
7.129768315278501e-06	9.309440e-03
7.207893315278502e-06	9.309440e-03
7.286018315278502e-06	9.309440e-03
7.364143315278502e-06	9.309440e-03
7.442268315278502e-06	9.309440e-03
7.520393315278502e-06	9.309440e-03
7.598518315278503e-06	9.309440e-03
7.676643315278502e-06	9.309440e-03
7.754768315278502e-06	9.309440e-03
7.832893315278502e-06	9.309440e-03
7.911018315278503e-06	9.309440e-03
7.989143315278503e-06	9.309440e-03
8.067268315278503e-06	9.309440e-03
8.145393315278503e-06	9.309440e-03
8.223518315278503e-06	9.309440e-03
8.301643315278504e-06	9.309440e-03
8.379768315278504e-06	9.309440e-03
8.457893315278504e-06	9.309440e-03
8.536018315278504e-06	9.309440e-03
8.614143315278504e-06	9.309440e-03
8.692268315278505e-06	9.309440e-03
8.770393315278505e-06	9.309440e-03
8.848518315278505e-06	9.309440e-03
8.926643315278505e-06	9.309440e-03
9.004768315278505e-06	9.309440e-03
9.082893315278506e-06	9.309440e-03
9.161018315278506e-06	9.309440e-03
9.239143315278506e-06	9.309440e-03
9.317268315278506e-06	9.309440e-03
9.395393315278506e-06	9.309440e-03
9.473518315278507e-06	9.309440e-03
9.551643315278507e-06	9.309440e-03
9.629768315278507e-06	9.309440e-03
9.707893315278507e-06	9.309440e-03
9.786018315278507e-06	9.309440e-03
9.864143315278508e-06	9.309440e-03
9.942268315278508e-06	9.309440e-03
1.002039331527851e-05	9.309440e-03
1.009851831527851e-05	9.309440e-03
1.017664331527851e-05	9.309440e-03
1.025476831527851e-05	9.309440e-03
1.033289331527851e-05	9.309440e-03
1.041101831527851e-05	9.309440e-03
1.048914331527851e-05	9.309440e-03
1.056726831527851e-05	9.309440e-03
1.064539331527851e-05	9.309440e-03
1.072351831527851e-05	9.309440e-03
1.080164331527851e-05	9.309440e-03
1.087976831527851e-05	9.309440e-03
1.095789331527851e-05	9.309440e-03
1.103601831527851e-05	9.309440e-03
1.111414331527851e-05	9.309440e-03
1.119226831527851e-05	9.309440e-03
1.127039331527851e-05	9.309440e-03
1.134851831527851e-05	9.309440e-03
1.142664331527851e-05	9.309440e-03
1.150476831527851e-05	9.309440e-03
1.158289331527851e-05	9.309440e-03
1.166101831527851e-05	9.309440e-03
1.173914331527851e-05	9.309440e-03
1.181726831527851e-05	9.309440e-03
1.189539331527851e-05	9.309440e-03
1.197351831527851e-05	9.309440e-03
1.205164331527851e-05	9.309440e-03
1.212976831527851e-05	9.309440e-03
1.220789331527851e-05	9.309440e-03
1.228601831527851e-05	9.309440e-03
1.236414331527851e-05	9.309440e-03
1.244226831527851e-05	9.309440e-03
1.252039331527851e-05	9.309440e-03
1.259851831527851e-05	9.309440e-03
1.267664331527852e-05	9.309440e-03
1.275476831527852e-05	9.309440e-03
1.283289331527852e-05	9.309440e-03
1.291101831527852e-05	9.309440e-03
1.298914331527852e-05	9.309440e-03
1.306726831527852e-05	9.309440e-03
1.314539331527852e-05	9.309440e-03
1.322351831527852e-05	9.309440e-03
1.330164331527852e-05	9.309440e-03
1.337976831527852e-05	9.309440e-03
1.345789331527852e-05	9.309440e-03
1.353601831527852e-05	9.309440e-03
1.361414331527852e-05	9.309440e-03
1.369226831527852e-05	9.309440e-03
1.377039331527852e-05	9.309440e-03
1.384851831527852e-05	9.309440e-03
1.392664331527852e-05	9.309440e-03
1.400476831527852e-05	9.309440e-03
1.408289331527852e-05	9.309440e-03
1.416101831527852e-05	9.309440e-03
1.423914331527852e-05	9.309440e-03
1.431726831527852e-05	9.309440e-03
1.439539331527852e-05	9.309440e-03
1.447351831527852e-05	9.309440e-03
1.455164331527852e-05	9.309440e-03
1.462976831527852e-05	9.309440e-03
1.470789331527852e-05	9.309440e-03
1.478601831527852e-05	9.309440e-03
1.486414331527852e-05	9.309440e-03
1.494226831527852e-05	9.309440e-03
1.502039331527852e-05	9.309440e-03
1.509851831527852e-05	9.309440e-03
1.517664331527852e-05	9.309440e-03
1.525476831527852e-05	9.309440e-03
1.533289331527852e-05	9.309440e-03
1.541101831527852e-05	9.309440e-03
1.548914331527852e-05	9.309440e-03
1.556726831527852e-05	9.309440e-03
1.564539331527852e-05	9.309440e-03
1.572351831527852e-05	9.309440e-03
1.580164331527852e-05	9.309440e-03
1.587976831527852e-05	9.309440e-03
1.595789331527852e-05	9.309440e-03
1.603601831527852e-05	9.309440e-03
1.611414331527852e-05	9.309440e-03
1.619226831527852e-05	9.309440e-03
1.627039331527852e-05	9.309440e-03
1.634851831527852e-05	9.309440e-03
1.642664331527852e-05	9.309440e-03
1.650476831527853e-05	9.309440e-03
1.658289331527853e-05	9.309440e-03
1.666101831527853e-05	9.309440e-03
1.673914331527853e-05	9.309440e-03
1.681726831527853e-05	9.309440e-03
1.689539331527853e-05	9.309440e-03
1.697351831527853e-05	9.309440e-03
1.705164331527853e-05	9.309440e-03
1.712976831527853e-05	9.309440e-03
1.720789331527853e-05	9.309440e-03
1.728601831527853e-05	9.309440e-03
1.736414331527853e-05	9.309440e-03
1.744226831527853e-05	9.309440e-03
1.752039331527853e-05	9.309440e-03
1.759851831527853e-05	9.309440e-03
1.767664331527853e-05	9.309440e-03
1.775476831527853e-05	9.309440e-03
1.783289331527853e-05	9.309440e-03
1.791101831527853e-05	9.309440e-03
1.798914331527853e-05	9.309440e-03
1.806726831527853e-05	9.309440e-03
1.814539331527853e-05	9.309440e-03
1.822351831527853e-05	9.309440e-03
1.830164331527853e-05	9.309440e-03
1.837976831527853e-05	9.309440e-03
1.845789331527853e-05	9.309440e-03
1.853601831527853e-05	9.309440e-03
1.861414331527853e-05	9.309440e-03
1.869226831527853e-05	9.309440e-03
1.877039331527853e-05	9.309440e-03
1.884851831527853e-05	9.309440e-03
1.892664331527853e-05	9.309440e-03
1.900476831527853e-05	9.309440e-03
1.908289331527853e-05	9.309440e-03
1.916101831527853e-05	9.309440e-03
1.923914331527853e-05	9.309440e-03
1.931726831527853e-05	9.309440e-03
1.939539331527853e-05	9.309440e-03
1.947351831527853e-05	9.309440e-03
1.955164331527853e-05	9.309440e-03
1.962976831527853e-05	9.309440e-03
1.970789331527853e-05	9.309440e-03
1.978601831527853e-05	9.309440e-03
1.986414331527853e-05	9.309440e-03
1.994226831527853e-05	9.309440e-03
2.000100000000000e-05	9.309440e-03
2.000200000000000e-05	-1.067684e-02
2.001799999999998e-05	-5.088114e-03
2.002010581433037e-05	-1.291530e-03
2.002267801228187e-05	-1.311575e-04
2.002416707360839e-05	-4.569262e-05
2.002654198879452e-05	-5.838022e-06
2.002973022299578e-05	1.098234e-07
2.003610669139829e-05	-4.189690e-08
2.004885962820331e-05	2.157050e-08
2.007436550181335e-05	-2.145650e-08
2.012537724903344e-05	1.424935e-08
2.020350224903344e-05	-1.804151e-08
2.028162724903344e-05	1.180945e-08
2.035975224903344e-05	-1.578596e-08
2.043787724903344e-05	9.724337e-09
2.051600224903344e-05	-1.385839e-08
2.059412724903344e-05	7.942414e-09
2.067225224903344e-05	-1.221112e-08
2.075037724903344e-05	6.419610e-09
2.082850224903344e-05	-1.080337e-08
2.090662724903344e-05	5.118234e-09
2.098475224903344e-05	-9.600324e-09
2.106287724903344e-05	4.006098e-09
2.114100224903344e-05	-8.572226e-09
2.121912724903344e-05	3.055671e-09
2.129725224903344e-05	-7.693617e-09
2.137537724903344e-05	2.243451e-09
2.145350224903344e-05	-6.942765e-09
2.153162724903344e-05	1.549340e-09
2.160975224903344e-05	-6.301104e-09
2.168787724903344e-05	9.561585e-10
2.176600224903344e-05	-5.752741e-09
2.184412724903344e-05	4.492306e-10
2.192225224903344e-05	-5.284114e-09
2.200037724903344e-05	1.601849e-11
2.207850224903344e-05	-4.883637e-09
2.215662724903344e-05	-3.542049e-10
2.223475224903344e-05	-4.541394e-09
2.231287724903344e-05	-6.705872e-10
2.239100224903344e-05	-4.248911e-09
2.246912724903344e-05	-9.409656e-10
2.254725224903345e-05	-3.998964e-09
2.262537724903345e-05	-1.172030e-09
2.270350224903345e-05	-3.785357e-09
2.278162724903345e-05	-1.369496e-09
2.285975224903345e-05	-3.602814e-09
2.293787724903345e-05	-1.538244e-09
2.301600224903345e-05	-3.446817e-09
2.309412724903345e-05	-1.682457e-09
2.317225224903345e-05	-3.313500e-09
2.325037724903345e-05	-1.805698e-09
2.332850224903345e-05	-3.199575e-09
2.340662724903345e-05	-1.911019e-09
2.348475224903345e-05	-3.102207e-09
2.356287724903345e-05	-2.001025e-09
2.364100224903345e-05	-3.019000e-09
2.371912724903345e-05	-2.077946e-09
2.379725224903345e-05	-2.947895e-09
2.387537724903345e-05	-2.143678e-09
2.395350224903345e-05	-2.887127e-09
2.403162724903345e-05	-2.199855e-09
2.410975224903345e-05	-2.835197e-09
2.418787724903345e-05	-2.247858e-09
2.426600224903345e-05	-2.790819e-09
2.434412724903345e-05	-2.288886e-09
2.442225224903345e-05	-2.752890e-09
2.450037724903345e-05	-2.323947e-09
2.457850224903345e-05	-2.720481e-09
2.465662724903345e-05	-2.353914e-09
2.473475224903345e-05	-2.692782e-09
2.481287724903345e-05	-2.379514e-09
2.489100224903345e-05	-2.669114e-09
2.496912724903345e-05	-2.401394e-09
2.504725224903345e-05	-2.648883e-09
2.512537724903345e-05	-2.420099e-09
2.520350224903345e-05	-2.631598e-09
2.528162724903345e-05	-2.436076e-09
2.535975224903345e-05	-2.616821e-09
2.543787724903345e-05	-2.449737e-09
2.551600224903345e-05	-2.604196e-09
2.559412724903345e-05	-2.461405e-09
2.567225224903345e-05	-2.593409e-09
2.575037724903345e-05	-2.471378e-09
2.582850224903345e-05	-2.584186e-09
2.590662724903345e-05	-2.479907e-09
2.598475224903345e-05	-2.576308e-09
2.606287724903345e-05	-2.487190e-09
2.614100224903345e-05	-2.569575e-09
2.621912724903345e-05	-2.493411e-09
2.629725224903345e-05	-2.563818e-09
2.637537724903346e-05	-2.498734e-09
2.645350224903346e-05	-2.558905e-09
2.653162724903346e-05	-2.503281e-09
2.660975224903346e-05	-2.554698e-09
2.668787724903346e-05	-2.507165e-09
2.676600224903346e-05	-2.551111e-09
2.684412724903346e-05	-2.510486e-09
2.692225224903346e-05	-2.548040e-09
2.700037724903346e-05	-2.513320e-09
2.707850224903346e-05	-2.545416e-09
2.715662724903346e-05	-2.515747e-09
2.723475224903346e-05	-2.543174e-09
2.731287724903346e-05	-2.517817e-09
2.739100224903346e-05	-2.541257e-09
2.746912724903346e-05	-2.519593e-09
2.754725224903346e-05	-2.539618e-09
2.762537724903346e-05	-2.521104e-09
2.770350224903346e-05	-2.538220e-09
2.778162724903346e-05	-2.522395e-09
2.785975224903346e-05	-2.537025e-09
2.793787724903346e-05	-2.523499e-09
2.801600224903346e-05	-2.536000e-09
2.809412724903346e-05	-2.524447e-09
2.817225224903346e-05	-2.535130e-09
2.825037724903346e-05	-2.525257e-09
2.832850224903346e-05	-2.534383e-09
2.840662724903346e-05	-2.525948e-09
2.848475224903346e-05	-2.533748e-09
2.856287724903346e-05	-2.526533e-09
2.864100224903346e-05	-2.533201e-09
2.871912724903346e-05	-2.527037e-09
2.879725224903346e-05	-2.532738e-09
2.887537724903346e-05	-2.527471e-09
2.895350224903346e-05	-2.532341e-09
2.903162724903346e-05	-2.527840e-09
2.910975224903346e-05	-2.531997e-09
2.918787724903346e-05	-2.528150e-09
2.926600224903346e-05	-2.531706e-09
2.934412724903346e-05	-2.528422e-09
2.942225224903346e-05	-2.531459e-09
2.950037724903346e-05	-2.528650e-09
2.957850224903346e-05	-2.531246e-09
2.965662724903346e-05	-2.528847e-09
2.973475224903346e-05	-2.531068e-09
2.981287724903346e-05	-2.529013e-09
2.989100224903346e-05	-2.530911e-09
2.996912724903346e-05	-2.529157e-09
3.004725224903346e-05	-2.530777e-09
3.012537724903346e-05	-2.529276e-09
3.020350224903347e-05	-2.530664e-09
3.028162724903347e-05	-2.529379e-09
3.035975224903347e-05	-2.530567e-09
3.043787724903347e-05	-2.529473e-09
3.051600224903347e-05	-2.530483e-09
3.059412724903347e-05	-2.529548e-09
3.067225224903346e-05	-2.530414e-09
3.075037724903346e-05	-2.529610e-09
3.082850224903346e-05	-2.530351e-09
3.090662724903345e-05	-2.529673e-09
3.098475224903345e-05	-2.530302e-09
3.106287724903345e-05	-2.529717e-09
3.114100224903344e-05	-2.530261e-09
3.121912724903344e-05	-2.529757e-09
3.129725224903344e-05	-2.530220e-09
3.137537724903343e-05	-2.529792e-09
3.145350224903343e-05	-2.530189e-09
3.153162724903343e-05	-2.529826e-09
3.160975224903342e-05	-2.530161e-09
3.168787724903342e-05	-2.529851e-09
3.176600224903342e-05	-2.530136e-09
3.184412724903342e-05	-2.529870e-09
3.192225224903341e-05	-2.530117e-09
3.200037724903341e-05	-2.529889e-09
3.207850224903341e-05	-2.530098e-09
3.215662724903340e-05	-2.529907e-09
3.223475224903340e-05	-2.530086e-09
3.231287724903340e-05	-2.529920e-09
3.239100224903339e-05	-2.530073e-09
3.246912724903339e-05	-2.529936e-09
3.254725224903339e-05	-2.530064e-09
3.262537724903338e-05	-2.529939e-09
3.270350224903338e-05	-2.530051e-09
3.278162724903338e-05	-2.529945e-09
3.285975224903337e-05	-2.530045e-09
3.293787724903337e-05	-2.529957e-09
3.301600224903337e-05	-2.530039e-09
3.309412724903336e-05	-2.529964e-09
3.317225224903336e-05	-2.530033e-09
3.325037724903336e-05	-2.529967e-09
3.332850224903335e-05	-2.530023e-09
3.340662724903335e-05	-2.529973e-09
3.348475224903335e-05	-2.530020e-09
3.356287724903335e-05	-2.529979e-09
3.364100224903334e-05	-2.530017e-09
3.371912724903334e-05	-2.529982e-09
3.379725224903334e-05	-2.530014e-09
3.387537724903333e-05	-2.529986e-09
3.395350224903333e-05	-2.530014e-09
3.403162724903333e-05	-2.529982e-09
3.410975224903332e-05	-2.530014e-09
3.418787724903332e-05	-2.529986e-09
3.426600224903332e-05	-2.530011e-09
3.434412724903331e-05	-2.529986e-09
3.442225224903331e-05	-2.530011e-09
3.450037724903331e-05	-2.529989e-09
3.457850224903330e-05	-2.530008e-09
3.465662724903330e-05	-2.529989e-09
3.473475224903330e-05	-2.530008e-09
3.481287724903329e-05	-2.529992e-09
3.489100224903329e-05	-2.530004e-09
3.496912724903329e-05	-2.529992e-09
3.504725224903328e-05	-2.530004e-09
3.512537724903328e-05	-2.529992e-09
3.520350224903328e-05	-2.530004e-09
3.528162724903328e-05	-2.529992e-09
3.535975224903327e-05	-2.530004e-09
3.543787724903327e-05	-2.529995e-09
3.551600224903327e-05	-2.530004e-09
3.559412724903326e-05	-2.529995e-09
3.567225224903326e-05	-2.529998e-09
3.575037724903326e-05	-2.529995e-09
3.582850224903325e-05	-2.529998e-09
3.590662724903325e-05	-2.529995e-09
3.598475224903325e-05	-2.529998e-09
3.606287724903324e-05	-2.529995e-09
3.614100224903324e-05	-2.529998e-09
3.621912724903324e-05	-2.529995e-09
3.629725224903323e-05	-2.529998e-09
3.637537724903323e-05	-2.529995e-09
3.645350224903323e-05	-2.529998e-09
3.653162724903322e-05	-2.529995e-09
3.660975224903322e-05	-2.529998e-09
3.668787724903322e-05	-2.529995e-09
3.676600224903321e-05	-2.529998e-09
3.684412724903321e-05	-2.529995e-09
3.692225224903321e-05	-2.529998e-09
3.700037724903321e-05	-2.529995e-09
3.707850224903320e-05	-2.529998e-09
3.715662724903320e-05	-2.529995e-09
3.723475224903320e-05	-2.529998e-09
3.731287724903319e-05	-2.529995e-09
3.739100224903319e-05	-2.529998e-09
3.746912724903319e-05	-2.529995e-09
3.754725224903318e-05	-2.529998e-09
3.762537724903318e-05	-2.529998e-09
3.770350224903318e-05	-2.529998e-09
3.778162724903317e-05	-2.529998e-09
3.785975224903317e-05	-2.529998e-09
3.793787724903317e-05	-2.529998e-09
3.801600224903316e-05	-2.529998e-09
3.809412724903316e-05	-2.529998e-09
3.817225224903316e-05	-2.529998e-09
3.825037724903315e-05	-2.529998e-09
3.832850224903315e-05	-2.529998e-09
3.840662724903315e-05	-2.529998e-09
3.848475224903314e-05	-2.529998e-09
3.856287724903314e-05	-2.529998e-09
3.864100224903314e-05	-2.529998e-09
3.871912724903314e-05	-2.529998e-09
3.879725224903313e-05	-2.529998e-09
3.887537724903313e-05	-2.529998e-09
3.895350224903313e-05	-2.529998e-09
3.903162724903312e-05	-2.529998e-09
3.910975224903312e-05	-2.529998e-09
3.918787724903312e-05	-2.529998e-09
3.926600224903311e-05	-2.529998e-09
3.934412724903311e-05	-2.529998e-09
3.942225224903311e-05	-2.529998e-09
3.950037724903310e-05	-2.529998e-09
3.957850224903310e-05	-2.529998e-09
3.965662724903310e-05	-2.529998e-09
3.973475224903309e-05	-2.529998e-09
3.981287724903309e-05	-2.529998e-09
3.989100224903309e-05	-2.529998e-09
3.996912724903308e-05	-2.529998e-09
4.000000000000000e-05	-2.529995e-09
4.000100000000001e-05	1.543010e-02
4.000104616303380e-05	1.506747e-02
4.000113848910140e-05	1.438382e-02
4.000132314123661e-05	1.319279e-02
4.000169244550701e-05	1.137745e-02
4.000176594818344e-05	1.109543e-02
4.000191295353630e-05	1.058638e-02
4.000220696424203e-05	9.791252e-03
4.000279498565349e-05	9.481883e-03
4.000339780658826e-05	9.444493e-03
4.000460344845779e-05	9.411030e-03
4.000701473219687e-05	9.380506e-03
4.001183729967502e-05	9.353329e-03
4.002148243463131e-05	9.330971e-03
4.003185266425087e-05	9.320769e-03
4.004610789125723e-05	9.314400e-03
4.006161982142544e-05	9.311372e-03
4.008259685163035e-05	9.309750e-03
4.010981837227789e-05	9.309382e-03
4.015000344031199e-05	9.309394e-03
4.019739756540868e-05	9.309440e-03
4.027552256540868e-05	9.309440e-03
4.035364756540868e-05	9.309440e-03
4.043177256540867e-05	9.309440e-03
4.050989756540867e-05	9.309440e-03
4.058802256540867e-05	9.309440e-03
4.066614756540866e-05	9.309440e-03
4.074427256540866e-05	9.309440e-03
4.082239756540866e-05	9.309440e-03
4.090052256540865e-05	9.309440e-03
4.097864756540865e-05	9.309440e-03
4.105677256540865e-05	9.309440e-03
4.113489756540864e-05	9.309440e-03
4.121302256540864e-05	9.309440e-03
4.129114756540864e-05	9.309440e-03
4.136927256540863e-05	9.309440e-03
4.144739756540863e-05	9.309440e-03
4.152552256540863e-05	9.309440e-03
4.160364756540863e-05	9.309440e-03
4.168177256540862e-05	9.309440e-03
4.175989756540862e-05	9.309440e-03
4.183802256540862e-05	9.309440e-03
4.191614756540861e-05	9.309440e-03
4.199427256540861e-05	9.309440e-03
4.207239756540861e-05	9.309440e-03
4.215052256540860e-05	9.309440e-03
4.222864756540860e-05	9.309440e-03
4.230677256540860e-05	9.309440e-03
4.238489756540859e-05	9.309440e-03
4.246302256540859e-05	9.309440e-03
4.254114756540859e-05	9.309440e-03
4.261927256540858e-05	9.309440e-03
4.269739756540858e-05	9.309440e-03
4.277552256540858e-05	9.309440e-03
4.285364756540857e-05	9.309440e-03
4.293177256540857e-05	9.309440e-03
4.300989756540857e-05	9.309440e-03
4.308802256540856e-05	9.309440e-03
4.316614756540856e-05	9.309440e-03
4.324427256540856e-05	9.309440e-03
4.332239756540856e-05	9.309440e-03
4.340052256540855e-05	9.309440e-03
4.347864756540855e-05	9.309440e-03
4.355677256540855e-05	9.309440e-03
4.363489756540854e-05	9.309440e-03
4.371302256540854e-05	9.309440e-03
4.379114756540854e-05	9.309440e-03
4.386927256540853e-05	9.309440e-03
4.394739756540853e-05	9.309440e-03
4.402552256540853e-05	9.309440e-03
4.410364756540852e-05	9.309440e-03
4.418177256540852e-05	9.309440e-03
4.425989756540852e-05	9.309440e-03
4.433802256540851e-05	9.309440e-03
4.441614756540851e-05	9.309440e-03
4.449427256540851e-05	9.309440e-03
4.457239756540850e-05	9.309440e-03
4.465052256540850e-05	9.309440e-03
4.472864756540850e-05	9.309440e-03
4.480677256540849e-05	9.309440e-03
4.488489756540849e-05	9.309440e-03
4.496302256540849e-05	9.309440e-03
4.504114756540849e-05	9.309440e-03
4.511927256540848e-05	9.309440e-03
4.519739756540848e-05	9.309440e-03
4.527552256540848e-05	9.309440e-03
4.535364756540847e-05	9.309440e-03
4.543177256540847e-05	9.309440e-03
4.550989756540847e-05	9.309440e-03
4.558802256540846e-05	9.309440e-03
4.566614756540846e-05	9.309440e-03
4.574427256540846e-05	9.309440e-03
4.582239756540845e-05	9.309440e-03
4.590052256540845e-05	9.309440e-03
4.597864756540845e-05	9.309440e-03
4.605677256540844e-05	9.309440e-03
4.613489756540844e-05	9.309440e-03
4.621302256540844e-05	9.309440e-03
4.629114756540843e-05	9.309440e-03
4.636927256540843e-05	9.309440e-03
4.644739756540843e-05	9.309440e-03
4.652552256540842e-05	9.309440e-03
4.660364756540842e-05	9.309440e-03
4.668177256540842e-05	9.309440e-03
4.675989756540842e-05	9.309440e-03
4.683802256540841e-05	9.309440e-03
4.691614756540841e-05	9.309440e-03
4.699427256540841e-05	9.309440e-03
4.707239756540840e-05	9.309440e-03
4.715052256540840e-05	9.309440e-03
4.722864756540840e-05	9.309440e-03
4.730677256540839e-05	9.309440e-03
4.738489756540839e-05	9.309440e-03
4.746302256540839e-05	9.309440e-03
4.754114756540838e-05	9.309440e-03
4.761927256540838e-05	9.309440e-03
4.769739756540838e-05	9.309440e-03
4.777552256540837e-05	9.309440e-03
4.785364756540837e-05	9.309440e-03
4.793177256540837e-05	9.309440e-03
4.800989756540836e-05	9.309440e-03
4.808802256540836e-05	9.309440e-03
4.816614756540836e-05	9.309440e-03
4.824427256540835e-05	9.309440e-03
4.832239756540835e-05	9.309440e-03
4.840052256540835e-05	9.309440e-03
4.847864756540835e-05	9.309440e-03
4.855677256540834e-05	9.309440e-03
4.863489756540834e-05	9.309440e-03
4.871302256540834e-05	9.309440e-03
4.879114756540833e-05	9.309440e-03
4.886927256540833e-05	9.309440e-03
4.894739756540833e-05	9.309440e-03
4.902552256540832e-05	9.309440e-03
4.910364756540832e-05	9.309440e-03
4.918177256540832e-05	9.309440e-03
4.925989756540831e-05	9.309440e-03
4.933802256540831e-05	9.309440e-03
4.941614756540831e-05	9.309440e-03
4.949427256540830e-05	9.309440e-03
4.957239756540830e-05	9.309440e-03
4.965052256540830e-05	9.309440e-03
4.972864756540829e-05	9.309440e-03
4.980677256540829e-05	9.309440e-03
4.988489756540829e-05	9.309440e-03
4.996302256540828e-05	9.309440e-03
5.004114756540828e-05	9.309440e-03
5.011927256540828e-05	9.309440e-03
5.019739756540828e-05	9.309440e-03
5.027552256540827e-05	9.309440e-03
5.035364756540827e-05	9.309440e-03
5.043177256540827e-05	9.309440e-03
5.050989756540826e-05	9.309440e-03
5.058802256540826e-05	9.309440e-03
5.066614756540826e-05	9.309440e-03
5.074427256540825e-05	9.309440e-03
5.082239756540825e-05	9.309440e-03
5.090052256540825e-05	9.309440e-03
5.097864756540824e-05	9.309440e-03
5.105677256540824e-05	9.309440e-03
5.113489756540824e-05	9.309440e-03
5.121302256540823e-05	9.309440e-03
5.129114756540823e-05	9.309440e-03
5.136927256540823e-05	9.309440e-03
5.144739756540822e-05	9.309440e-03
5.152552256540822e-05	9.309440e-03
5.160364756540822e-05	9.309440e-03
5.168177256540821e-05	9.309440e-03
5.175989756540821e-05	9.309440e-03
5.183802256540821e-05	9.309440e-03
5.191614756540821e-05	9.309440e-03
5.199427256540820e-05	9.309440e-03
5.207239756540820e-05	9.309440e-03
5.215052256540820e-05	9.309440e-03
5.222864756540819e-05	9.309440e-03
5.230677256540819e-05	9.309440e-03
5.238489756540819e-05	9.309440e-03
5.246302256540818e-05	9.309440e-03
5.254114756540818e-05	9.309440e-03
5.261927256540818e-05	9.309440e-03
5.269739756540817e-05	9.309440e-03
5.277552256540817e-05	9.309440e-03
5.285364756540817e-05	9.309440e-03
5.293177256540816e-05	9.309440e-03
5.300989756540816e-05	9.309440e-03
5.308802256540816e-05	9.309440e-03
5.316614756540815e-05	9.309440e-03
5.324427256540815e-05	9.309440e-03
5.332239756540815e-05	9.309440e-03
5.340052256540814e-05	9.309440e-03
5.347864756540814e-05	9.309440e-03
5.355677256540814e-05	9.309440e-03
5.363489756540814e-05	9.309440e-03
5.371302256540813e-05	9.309440e-03
5.379114756540813e-05	9.309440e-03
5.386927256540813e-05	9.309440e-03
5.394739756540812e-05	9.309440e-03
5.402552256540812e-05	9.309440e-03
5.410364756540812e-05	9.309440e-03
5.418177256540811e-05	9.309440e-03
5.425989756540811e-05	9.309440e-03
5.433802256540811e-05	9.309440e-03
5.441614756540810e-05	9.309440e-03
5.449427256540810e-05	9.309440e-03
5.457239756540810e-05	9.309440e-03
5.465052256540809e-05	9.309440e-03
5.472864756540809e-05	9.309440e-03
5.480677256540809e-05	9.309440e-03
5.488489756540808e-05	9.309440e-03
5.496302256540808e-05	9.309440e-03
5.504114756540808e-05	9.309440e-03
5.511927256540807e-05	9.309440e-03
5.519739756540807e-05	9.309440e-03
5.527552256540807e-05	9.309440e-03
5.535364756540807e-05	9.309440e-03
5.543177256540806e-05	9.309440e-03
5.550989756540806e-05	9.309440e-03
5.558802256540806e-05	9.309440e-03
5.566614756540805e-05	9.309440e-03
5.574427256540805e-05	9.309440e-03
5.582239756540805e-05	9.309440e-03
5.590052256540804e-05	9.309440e-03
5.597864756540804e-05	9.309440e-03
5.605677256540804e-05	9.309440e-03
5.613489756540803e-05	9.309440e-03
5.621302256540803e-05	9.309440e-03
5.629114756540803e-05	9.309440e-03
5.636927256540802e-05	9.309440e-03
5.644739756540802e-05	9.309440e-03
5.652552256540802e-05	9.309440e-03
5.660364756540801e-05	9.309440e-03
5.668177256540801e-05	9.309440e-03
5.675989756540801e-05	9.309440e-03
5.683802256540800e-05	9.309440e-03
5.691614756540800e-05	9.309440e-03
5.699427256540800e-05	9.309440e-03
5.707239756540800e-05	9.309440e-03
5.715052256540799e-05	9.309440e-03
5.722864756540799e-05	9.309440e-03
5.730677256540799e-05	9.309440e-03
5.738489756540798e-05	9.309440e-03
5.746302256540798e-05	9.309440e-03
5.754114756540798e-05	9.309440e-03
5.761927256540797e-05	9.309440e-03
5.769739756540797e-05	9.309440e-03
5.777552256540797e-05	9.309440e-03
5.785364756540796e-05	9.309440e-03
5.793177256540796e-05	9.309440e-03
5.800989756540796e-05	9.309440e-03
5.808802256540795e-05	9.309440e-03
5.816614756540795e-05	9.309440e-03
5.824427256540795e-05	9.309440e-03
5.832239756540794e-05	9.309440e-03
5.840052256540794e-05	9.309440e-03
5.847864756540794e-05	9.309440e-03
5.855677256540793e-05	9.309440e-03
5.863489756540793e-05	9.309440e-03
5.871302256540793e-05	9.309440e-03
5.879114756540793e-05	9.309440e-03
5.886927256540792e-05	9.309440e-03
5.894739756540792e-05	9.309440e-03
5.902552256540792e-05	9.309440e-03
5.910364756540791e-05	9.309440e-03
5.918177256540791e-05	9.309440e-03
5.925989756540791e-05	9.309440e-03
5.933802256540790e-05	9.309440e-03
5.941614756540790e-05	9.309440e-03
5.949427256540790e-05	9.309440e-03
5.957239756540789e-05	9.309440e-03
5.965052256540789e-05	9.309440e-03
5.972864756540789e-05	9.309440e-03
5.980677256540788e-05	9.309440e-03
5.988489756540788e-05	9.309440e-03
5.996302256540788e-05	9.309440e-03
6.000100000000001e-05	9.309440e-03
6.000200000000001e-05	-1.067684e-02
6.001800000000005e-05	-5.088114e-03
6.002031871292150e-05	-1.045826e-03
6.002280651876965e-05	-1.208955e-04
6.002431599997829e-05	-4.138364e-05
6.002665836971000e-05	-5.566451e-06
6.003020566330514e-05	4.008122e-07
6.003730025049542e-05	-1.623713e-07
6.005148942487598e-05	1.004797e-07
6.007986777363710e-05	-8.545071e-08
6.013662447115933e-05	7.188604e-08
6.021474947115933e-05	-7.132349e-08
6.029287447115933e-05	6.106529e-08
6.037099947115932e-05	-6.132012e-08
6.044912447115932e-05	5.181783e-08
6.052724947115932e-05	-5.277136e-08
6.060537447115932e-05	4.391505e-08
6.068349947115931e-05	-4.546569e-08
6.076162447115931e-05	3.716141e-08
6.083974947115931e-05	-3.922235e-08
6.091787447115930e-05	3.138983e-08
6.099599947115930e-05	-3.388687e-08
6.107412447115930e-05	2.645751e-08
6.115224947115929e-05	-2.932723e-08
6.123037447115929e-05	2.224241e-08
6.130849947115929e-05	-2.543060e-08
6.138662447115928e-05	1.864022e-08
6.146474947115928e-05	-2.210060e-08
6.154287447115928e-05	1.556183e-08
6.162099947115927e-05	-1.925481e-08
6.169912447115927e-05	1.293107e-08
6.177724947115927e-05	-1.682283e-08
6.185537447115926e-05	1.068286e-08
6.193349947115926e-05	-1.474449e-08
6.201162447115926e-05	8.761564e-09
6.208974947115925e-05	-1.296837e-08
6.216787447115925e-05	7.119641e-09
6.224599947115925e-05	-1.145051e-08
6.232412447115925e-05	5.716476e-09
6.240224947115924e-05	-1.015337e-08
6.248037447115924e-05	4.517344e-09
6.255849947115924e-05	-9.044843e-09
6.263662447115923e-05	3.492580e-09
6.271474947115923e-05	-8.097510e-09
6.279287447115923e-05	2.616830e-09
6.287099947115922e-05	-7.287932e-09
6.294912447115922e-05	1.868427e-09
6.302724947115922e-05	-6.596073e-09
6.310537447115921e-05	1.228842e-09
6.318349947115921e-05	-6.004824e-09
6.326162447115921e-05	6.822649e-10
6.333974947115920e-05	-5.499541e-09
6.341787447115920e-05	2.151675e-10
6.349599947115920e-05	-5.067740e-09
6.357412447115919e-05	-1.840093e-10
6.365224947115919e-05	-4.698727e-09
6.373037447115919e-05	-5.251449e-10
6.380849947115918e-05	-4.383364e-09
6.388662447115918e-05	-8.166738e-10
6.396474947115918e-05	-4.113867e-09
6.404287447115918e-05	-1.065811e-09
6.412099947115917e-05	-3.883551e-09
6.419912447115917e-05	-1.278720e-09
6.427724947115917e-05	-3.686728e-09
6.435537447115916e-05	-1.460669e-09
6.443349947115916e-05	-3.518531e-09
6.451162447115916e-05	-1.616163e-09
6.458974947115915e-05	-3.374784e-09
6.466787447115915e-05	-1.749042e-09
6.474599947115915e-05	-3.251946e-09
6.482412447115914e-05	-1.862604e-09
6.490224947115914e-05	-3.146963e-09
6.498037447115914e-05	-1.959653e-09
6.505849947115913e-05	-3.057251e-09
6.513662447115913e-05	-2.042582e-09
6.521474947115913e-05	-2.980583e-09
6.529287447115912e-05	-2.113461e-09
6.537099947115912e-05	-2.915061e-09
6.544912447115912e-05	-2.174029e-09
6.552724947115911e-05	-2.859065e-09
6.560537447115911e-05	-2.225794e-09
6.568349947115911e-05	-2.811219e-09
6.576162447115911e-05	-2.270028e-09
6.583974947115910e-05	-2.770329e-09
6.591787447115910e-05	-2.307828e-09
6.599599947115910e-05	-2.735380e-09
6.607412447115909e-05	-2.340134e-09
6.615224947115909e-05	-2.705516e-09
6.623037447115909e-05	-2.367743e-09
6.630849947115908e-05	-2.679991e-09
6.638662447115908e-05	-2.391336e-09
6.646474947115908e-05	-2.658183e-09
6.654287447115907e-05	-2.411498e-09
6.662099947115907e-05	-2.639544e-09
6.669912447115907e-05	-2.428733e-09
6.677724947115906e-05	-2.623616e-09
6.685537447115906e-05	-2.443457e-09
6.693349947115906e-05	-2.610003e-09
6.701162447115905e-05	-2.456042e-09
6.708974947115905e-05	-2.598369e-09
6.716787447115905e-05	-2.466797e-09
6.724599947115904e-05	-2.588424e-09
6.732412447115904e-05	-2.475985e-09
6.740224947115904e-05	-2.579933e-09
6.748037447115904e-05	-2.483841e-09
6.755849947115903e-05	-2.572671e-09
6.763662447115903e-05	-2.490556e-09
6.771474947115903e-05	-2.566470e-09
6.779287447115902e-05	-2.496294e-09
6.787099947115902e-05	-2.561166e-09
6.794912447115902e-05	-2.501189e-09
6.802724947115901e-05	-2.556628e-09
6.810537447115901e-05	-2.505379e-09
6.818349947115901e-05	-2.552759e-09
6.826162447115900e-05	-2.508960e-09
6.833974947115900e-05	-2.549450e-09
6.841787447115900e-05	-2.512019e-09
6.849599947115899e-05	-2.546623e-09
6.857412447115899e-05	-2.514636e-09
6.865224947115899e-05	-2.544206e-09
6.873037447115898e-05	-2.516866e-09
6.880849947115898e-05	-2.542139e-09
6.888662447115898e-05	-2.518777e-09
6.896474947115897e-05	-2.540375e-09
6.904287447115897e-05	-2.520406e-09
6.912099947115897e-05	-2.538864e-09
6.919912447115897e-05	-2.521798e-09
6.927724947115896e-05	-2.537573e-09
6.935537447115896e-05	-2.522993e-09
6.943349947115896e-05	-2.536472e-09
6.951162447115895e-05	-2.524015e-09
6.958974947115895e-05	-2.535530e-09
6.966787447115895e-05	-2.524882e-09
6.974599947115894e-05	-2.534727e-09
6.982412447115894e-05	-2.525623e-09
6.990224947115894e-05	-2.534042e-09
6.998037447115893e-05	-2.526264e-09
7.005849947115893e-05	-2.533451e-09
7.013662447115893e-05	-2.526808e-09
7.021474947115892e-05	-2.532947e-09
7.029287447115892e-05	-2.527274e-09
7.037099947115892e-05	-2.532519e-09
7.044912447115891e-05	-2.527665e-09
7.052724947115891e-05	-2.532156e-09
7.060537447115891e-05	-2.528006e-09
7.068349947115890e-05	-2.531843e-09
7.076162447115890e-05	-2.528294e-09
7.083974947115890e-05	-2.531571e-09
7.091787447115890e-05	-2.528541e-09
7.099599947115889e-05	-2.531343e-09
7.107412447115889e-05	-2.528753e-09
7.115224947115889e-05	-2.531149e-09
7.123037447115888e-05	-2.528938e-09
7.130849947115888e-05	-2.530980e-09
7.138662447115888e-05	-2.529094e-09
7.146474947115887e-05	-2.530839e-09
7.154287447115887e-05	-2.529223e-09
7.162099947115887e-05	-2.530714e-09
7.169912447115886e-05	-2.529338e-09
7.177724947115886e-05	-2.530611e-09
7.185537447115886e-05	-2.529429e-09
7.193349947115885e-05	-2.530524e-09
7.201162447115885e-05	-2.529517e-09
7.208974947115885e-05	-2.530449e-09
7.216787447115884e-05	-2.529585e-09
7.224599947115884e-05	-2.530383e-09
7.232412447115884e-05	-2.529645e-09
7.240224947115883e-05	-2.530326e-09
7.248037447115883e-05	-2.529698e-09
7.255849947115883e-05	-2.530276e-09
7.263662447115883e-05	-2.529742e-09
7.271474947115882e-05	-2.530242e-09
7.279287447115882e-05	-2.529776e-09
7.287099947115882e-05	-2.530201e-09
7.294912447115881e-05	-2.529811e-09
7.302724947115881e-05	-2.530173e-09
7.310537447115881e-05	-2.529839e-09
7.318349947115880e-05	-2.530145e-09
7.326162447115880e-05	-2.529857e-09
7.333974947115880e-05	-2.530123e-09
7.341787447115879e-05	-2.529882e-09
7.349599947115879e-05	-2.530104e-09
7.357412447115879e-05	-2.529898e-09
7.365224947115878e-05	-2.530092e-09
7.373037447115878e-05	-2.529914e-09
7.380849947115878e-05	-2.530076e-09
7.388662447115877e-05	-2.529929e-09
7.396474947115877e-05	-2.530067e-09
7.404287447115877e-05	-2.529936e-09
7.412099947115876e-05	-2.530057e-09
7.419912447115876e-05	-2.529942e-09
7.427724947115876e-05	-2.530048e-09
7.435537447115876e-05	-2.529954e-09
7.443349947115875e-05	-2.530042e-09
7.451162447115875e-05	-2.529961e-09
7.458974947115875e-05	-2.530036e-09
7.466787447115874e-05	-2.529964e-09
7.474599947115874e-05	-2.530026e-09
7.482412447115874e-05	-2.529970e-09
7.490224947115873e-05	-2.530023e-09
7.498037447115873e-05	-2.529973e-09
7.505849947115873e-05	-2.530020e-09
7.513662447115872e-05	-2.529979e-09
7.521474947115872e-05	-2.530017e-09
7.529287447115872e-05	-2.529982e-09
7.537099947115871e-05	-2.530017e-09
7.544912447115871e-05	-2.529986e-09
7.552724947115871e-05	-2.530014e-09
7.560537447115870e-05	-2.529986e-09
7.568349947115870e-05	-2.530011e-09
7.576162447115870e-05	-2.529986e-09
7.583974947115869e-05	-2.530011e-09
7.591787447115869e-05	-2.529989e-09
7.599599947115869e-05	-2.530008e-09
7.607412447115869e-05	-2.529989e-09
7.615224947115868e-05	-2.530008e-09
7.623037447115868e-05	-2.529992e-09
7.630849947115868e-05	-2.530008e-09
7.638662447115867e-05	-2.529992e-09
7.646474947115867e-05	-2.530004e-09
7.654287447115867e-05	-2.529992e-09
7.662099947115866e-05	-2.530004e-09
7.669912447115866e-05	-2.529992e-09
7.677724947115866e-05	-2.530004e-09
7.685537447115865e-05	-2.529995e-09
7.693349947115865e-05	-2.530004e-09
7.701162447115865e-05	-2.529995e-09
7.708974947115864e-05	-2.530004e-09
7.716787447115864e-05	-2.529995e-09
7.724599947115864e-05	-2.529998e-09
7.732412447115863e-05	-2.529995e-09
7.740224947115863e-05	-2.529998e-09
7.748037447115863e-05	-2.529995e-09
7.755849947115862e-05	-2.529998e-09
7.763662447115862e-05	-2.529995e-09
7.771474947115862e-05	-2.529998e-09
7.779287447115861e-05	-2.529995e-09
7.787099947115861e-05	-2.529998e-09
7.794912447115861e-05	-2.529995e-09
7.802724947115861e-05	-2.529998e-09
7.810537447115860e-05	-2.529995e-09
7.818349947115860e-05	-2.529998e-09
7.826162447115860e-05	-2.529995e-09
7.833974947115859e-05	-2.529998e-09
7.841787447115859e-05	-2.529995e-09
7.849599947115859e-05	-2.529998e-09
7.857412447115858e-05	-2.529995e-09
7.865224947115858e-05	-2.529998e-09
7.873037447115858e-05	-2.529995e-09
7.880849947115857e-05	-2.529998e-09
7.888662447115857e-05	-2.529995e-09
7.896474947115857e-05	-2.529998e-09
7.904287447115856e-05	-2.529998e-09
7.912099947115856e-05	-2.529998e-09
7.919912447115856e-05	-2.529998e-09
7.927724947115855e-05	-2.529998e-09
7.935537447115855e-05	-2.529998e-09
7.943349947115855e-05	-2.529998e-09
7.951162447115854e-05	-2.529998e-09
7.958974947115854e-05	-2.529998e-09
7.966787447115854e-05	-2.529998e-09
7.974599947115854e-05	-2.529998e-09
7.982412447115853e-05	-2.529998e-09
7.990224947115853e-05	-2.529998e-09
7.998037447115853e-05	-2.529998e-09
8.000000000000001e-05	-2.529998e-09
Step Information: F=50K  (Step: 9/10)
0.000000000000000e+00	-2.530001e-09
3.906249781103488e-13	7.803546e-06
7.812499562206976e-13	1.560763e-05
1.562499912441395e-12	3.121184e-05
3.124999824882790e-12	6.239642e-05
6.249999649765581e-12	1.246703e-04
1.249999929953116e-11	2.488384e-04
2.499999859906232e-11	4.956628e-04
4.999999719812465e-11	9.833287e-04
9.999999439624929e-11	1.935246e-03
1.999999887924986e-10	3.749669e-03
3.999999775849972e-10	7.056077e-03
7.999999551699943e-10	1.268847e-02
1.000000000000000e-09	1.517350e-02
1.291436915064097e-09	1.317962e-02
1.685266219864163e-09	1.126958e-02
2.063247572250796e-09	1.005009e-02
2.645171427752260e-09	9.493947e-03
3.200152635142652e-09	9.451324e-03
4.247163857038044e-09	9.417069e-03
6.341186300828827e-09	9.386189e-03
1.052923118841039e-08	9.358410e-03
1.736298909551463e-08	9.337608e-03
2.697721496469407e-08	9.324104e-03
4.192116016662824e-08	9.315424e-03
5.663360601468636e-08	9.311790e-03
7.436006669776226e-08	9.309941e-03
1.007611708881198e-07	9.309392e-03
1.357720279341051e-07	9.309366e-03
1.748345279341051e-07	9.309433e-03
2.138970279341051e-07	9.309440e-03
2.529595279341051e-07	9.309440e-03
2.920220279341051e-07	9.309440e-03
3.310845279341051e-07	9.309440e-03
3.701470279341051e-07	9.309440e-03
4.092095279341050e-07	9.309440e-03
4.482720279341050e-07	9.309440e-03
4.873345279341050e-07	9.309440e-03
5.263970279341050e-07	9.309440e-03
5.654595279341050e-07	9.309440e-03
6.045220279341050e-07	9.309440e-03
6.435845279341050e-07	9.309440e-03
6.826470279341050e-07	9.309440e-03
7.217095279341050e-07	9.309440e-03
7.607720279341050e-07	9.309440e-03
7.998345279341050e-07	9.309440e-03
8.388970279341050e-07	9.309440e-03
8.779595279341050e-07	9.309440e-03
9.170220279341050e-07	9.309440e-03
9.560845279341051e-07	9.309440e-03
9.951470279341052e-07	9.309440e-03
1.034209527934105e-06	9.309440e-03
1.073272027934105e-06	9.309440e-03
1.112334527934106e-06	9.309440e-03
1.151397027934106e-06	9.309440e-03
1.190459527934106e-06	9.309440e-03
1.229522027934106e-06	9.309440e-03
1.268584527934106e-06	9.309440e-03
1.307647027934106e-06	9.309440e-03
1.346709527934106e-06	9.309440e-03
1.385772027934106e-06	9.309440e-03
1.424834527934106e-06	9.309440e-03
1.463897027934106e-06	9.309440e-03
1.502959527934107e-06	9.309440e-03
1.542022027934107e-06	9.309440e-03
1.581084527934107e-06	9.309440e-03
1.620147027934107e-06	9.309440e-03
1.659209527934107e-06	9.309440e-03
1.698272027934107e-06	9.309440e-03
1.737334527934107e-06	9.309440e-03
1.776397027934107e-06	9.309440e-03
1.815459527934107e-06	9.309440e-03
1.854522027934107e-06	9.309440e-03
1.893584527934108e-06	9.309440e-03
1.932647027934107e-06	9.309440e-03
1.971709527934108e-06	9.309440e-03
2.010772027934108e-06	9.309440e-03
2.049834527934108e-06	9.309440e-03
2.088897027934108e-06	9.309440e-03
2.127959527934108e-06	9.309440e-03
2.167022027934108e-06	9.309440e-03
2.206084527934108e-06	9.309440e-03
2.245147027934108e-06	9.309440e-03
2.284209527934108e-06	9.309440e-03
2.323272027934108e-06	9.309440e-03
2.362334527934109e-06	9.309440e-03
2.401397027934109e-06	9.309440e-03
2.440459527934109e-06	9.309440e-03
2.479522027934109e-06	9.309440e-03
2.518584527934109e-06	9.309440e-03
2.557647027934109e-06	9.309440e-03
2.596709527934109e-06	9.309440e-03
2.635772027934109e-06	9.309440e-03
2.674834527934109e-06	9.309440e-03
2.713897027934110e-06	9.309440e-03
2.752959527934110e-06	9.309440e-03
2.792022027934110e-06	9.309440e-03
2.831084527934110e-06	9.309440e-03
2.870147027934110e-06	9.309440e-03
2.909209527934110e-06	9.309440e-03
2.948272027934110e-06	9.309440e-03
2.987334527934110e-06	9.309440e-03
3.026397027934110e-06	9.309440e-03
3.065459527934110e-06	9.309440e-03
3.104522027934111e-06	9.309440e-03
3.143584527934111e-06	9.309440e-03
3.182647027934111e-06	9.309440e-03
3.221709527934111e-06	9.309440e-03
3.260772027934111e-06	9.309440e-03
3.299834527934111e-06	9.309440e-03
3.338897027934111e-06	9.309440e-03
3.377959527934111e-06	9.309440e-03
3.417022027934111e-06	9.309440e-03
3.456084527934111e-06	9.309440e-03
3.495147027934112e-06	9.309440e-03
3.534209527934112e-06	9.309440e-03
3.573272027934112e-06	9.309440e-03
3.612334527934112e-06	9.309440e-03
3.651397027934112e-06	9.309440e-03
3.690459527934112e-06	9.309440e-03
3.729522027934112e-06	9.309440e-03
3.768584527934112e-06	9.309440e-03
3.807647027934112e-06	9.309440e-03
3.846709527934112e-06	9.309440e-03
3.885772027934113e-06	9.309440e-03
3.924834527934113e-06	9.309440e-03
3.963897027934113e-06	9.309440e-03
4.002959527934113e-06	9.309440e-03
4.042022027934113e-06	9.309440e-03
4.081084527934113e-06	9.309440e-03
4.120147027934113e-06	9.309440e-03
4.159209527934113e-06	9.309440e-03
4.198272027934113e-06	9.309440e-03
4.237334527934114e-06	9.309440e-03
4.276397027934114e-06	9.309440e-03
4.315459527934114e-06	9.309440e-03
4.354522027934114e-06	9.309440e-03
4.393584527934114e-06	9.309440e-03
4.432647027934114e-06	9.309440e-03
4.471709527934114e-06	9.309440e-03
4.510772027934114e-06	9.309440e-03
4.549834527934114e-06	9.309440e-03
4.588897027934114e-06	9.309440e-03
4.627959527934115e-06	9.309440e-03
4.667022027934115e-06	9.309440e-03
4.706084527934115e-06	9.309440e-03
4.745147027934115e-06	9.309440e-03
4.784209527934115e-06	9.309440e-03
4.823272027934115e-06	9.309440e-03
4.862334527934115e-06	9.309440e-03
4.901397027934115e-06	9.309440e-03
4.940459527934115e-06	9.309440e-03
4.979522027934115e-06	9.309440e-03
5.018584527934116e-06	9.309440e-03
5.057647027934116e-06	9.309440e-03
5.096709527934116e-06	9.309440e-03
5.135772027934116e-06	9.309440e-03
5.174834527934116e-06	9.309440e-03
5.213897027934116e-06	9.309440e-03
5.252959527934116e-06	9.309440e-03
5.292022027934116e-06	9.309440e-03
5.331084527934116e-06	9.309440e-03
5.370147027934116e-06	9.309440e-03
5.409209527934117e-06	9.309440e-03
5.448272027934117e-06	9.309440e-03
5.487334527934117e-06	9.309440e-03
5.526397027934117e-06	9.309440e-03
5.565459527934117e-06	9.309440e-03
5.604522027934117e-06	9.309440e-03
5.643584527934117e-06	9.309440e-03
5.682647027934117e-06	9.309440e-03
5.721709527934117e-06	9.309440e-03
5.760772027934117e-06	9.309440e-03
5.799834527934118e-06	9.309440e-03
5.838897027934118e-06	9.309440e-03
5.877959527934118e-06	9.309440e-03
5.917022027934118e-06	9.309440e-03
5.956084527934118e-06	9.309440e-03
5.995147027934118e-06	9.309440e-03
6.034209527934118e-06	9.309440e-03
6.073272027934118e-06	9.309440e-03
6.112334527934118e-06	9.309440e-03
6.151397027934119e-06	9.309440e-03
6.190459527934119e-06	9.309440e-03
6.229522027934119e-06	9.309440e-03
6.268584527934119e-06	9.309440e-03
6.307647027934119e-06	9.309440e-03
6.346709527934119e-06	9.309440e-03
6.385772027934119e-06	9.309440e-03
6.424834527934119e-06	9.309440e-03
6.463897027934119e-06	9.309440e-03
6.502959527934119e-06	9.309440e-03
6.542022027934120e-06	9.309440e-03
6.581084527934120e-06	9.309440e-03
6.620147027934120e-06	9.309440e-03
6.659209527934120e-06	9.309440e-03
6.698272027934120e-06	9.309440e-03
6.737334527934120e-06	9.309440e-03
6.776397027934120e-06	9.309440e-03
6.815459527934120e-06	9.309440e-03
6.854522027934120e-06	9.309440e-03
6.893584527934120e-06	9.309440e-03
6.932647027934121e-06	9.309440e-03
6.971709527934121e-06	9.309440e-03
7.010772027934121e-06	9.309440e-03
7.049834527934121e-06	9.309440e-03
7.088897027934121e-06	9.309440e-03
7.127959527934121e-06	9.309440e-03
7.167022027934121e-06	9.309440e-03
7.206084527934121e-06	9.309440e-03
7.245147027934121e-06	9.309440e-03
7.284209527934121e-06	9.309440e-03
7.323272027934122e-06	9.309440e-03
7.362334527934122e-06	9.309440e-03
7.401397027934122e-06	9.309440e-03
7.440459527934122e-06	9.309440e-03
7.479522027934122e-06	9.309440e-03
7.518584527934122e-06	9.309440e-03
7.557647027934122e-06	9.309440e-03
7.596709527934122e-06	9.309440e-03
7.635772027934122e-06	9.309440e-03
7.674834527934123e-06	9.309440e-03
7.713897027934123e-06	9.309440e-03
7.752959527934123e-06	9.309440e-03
7.792022027934123e-06	9.309440e-03
7.831084527934123e-06	9.309440e-03
7.870147027934123e-06	9.309440e-03
7.909209527934123e-06	9.309440e-03
7.948272027934123e-06	9.309440e-03
7.987334527934123e-06	9.309440e-03
8.026397027934123e-06	9.309440e-03
8.065459527934124e-06	9.309440e-03
8.104522027934124e-06	9.309440e-03
8.143584527934124e-06	9.309440e-03
8.182647027934124e-06	9.309440e-03
8.221709527934124e-06	9.309440e-03
8.260772027934124e-06	9.309440e-03
8.299834527934124e-06	9.309440e-03
8.338897027934124e-06	9.309440e-03
8.377959527934124e-06	9.309440e-03
8.417022027934124e-06	9.309440e-03
8.456084527934125e-06	9.309440e-03
8.495147027934125e-06	9.309440e-03
8.534209527934125e-06	9.309440e-03
8.573272027934125e-06	9.309440e-03
8.612334527934125e-06	9.309440e-03
8.651397027934125e-06	9.309440e-03
8.690459527934125e-06	9.309440e-03
8.729522027934125e-06	9.309440e-03
8.768584527934125e-06	9.309440e-03
8.807647027934125e-06	9.309440e-03
8.846709527934126e-06	9.309440e-03
8.885772027934126e-06	9.309440e-03
8.924834527934126e-06	9.309440e-03
8.963897027934126e-06	9.309440e-03
9.002959527934126e-06	9.309440e-03
9.042022027934126e-06	9.309440e-03
9.081084527934126e-06	9.309440e-03
9.120147027934126e-06	9.309440e-03
9.159209527934126e-06	9.309440e-03
9.198272027934127e-06	9.309440e-03
9.237334527934127e-06	9.309440e-03
9.276397027934127e-06	9.309440e-03
9.315459527934127e-06	9.309440e-03
9.354522027934127e-06	9.309440e-03
9.393584527934127e-06	9.309440e-03
9.432647027934127e-06	9.309440e-03
9.471709527934127e-06	9.309440e-03
9.510772027934127e-06	9.309440e-03
9.549834527934127e-06	9.309440e-03
9.588897027934128e-06	9.309440e-03
9.627959527934128e-06	9.309440e-03
9.667022027934128e-06	9.309440e-03
9.706084527934128e-06	9.309440e-03
9.745147027934128e-06	9.309440e-03
9.784209527934128e-06	9.309440e-03
9.823272027934128e-06	9.309440e-03
9.862334527934128e-06	9.309440e-03
9.901397027934128e-06	9.309440e-03
9.940459527934128e-06	9.309440e-03
9.979522027934129e-06	9.309440e-03
1.000100000000000e-05	9.309440e-03
1.000200000000000e-05	-1.067684e-02
1.001001715167411e-05	-1.061840e-02
1.001209448834671e-05	-1.058477e-02
1.001456235096976e-05	-9.829947e-03
1.001632805495429e-05	-4.691956e-03
1.001810353178623e-05	-1.544928e-03
1.001959205198241e-05	-5.628187e-04
1.002135381988657e-05	-1.556577e-04
1.002321524543078e-05	-3.834942e-05
1.002637259180788e-05	5.379510e-07
1.003078264202542e-05	-9.957586e-08
1.003960274246049e-05	4.442299e-08
1.005724294333064e-05	-3.558374e-08
1.009252334507094e-05	2.523530e-08
1.013158584507094e-05	-2.625223e-08
1.017064834507094e-05	1.773779e-08
1.020971084507094e-05	-1.984643e-08
1.024877334507094e-05	1.226481e-08
1.028783584507094e-05	-1.517042e-08
1.032689834507094e-05	8.269726e-09
1.036596084507094e-05	-1.175708e-08
1.040502334507094e-05	5.353442e-09
1.044408584507094e-05	-9.265461e-09
1.048314834507094e-05	3.224654e-09
1.052221084507094e-05	-7.446660e-09
1.056127334507094e-05	1.670701e-09
1.060033584507094e-05	-6.118996e-09
1.063939834507094e-05	5.363722e-10
1.067846084507094e-05	-5.149849e-09
1.071752334507094e-05	-2.916478e-10
1.075658584507094e-05	-4.442402e-09
1.079564834507094e-05	-8.960751e-10
1.083471084507094e-05	-3.925992e-09
1.087377334507094e-05	-1.337290e-09
1.091283584507094e-05	-3.549026e-09
1.095189834507094e-05	-1.659361e-09
1.099096084507094e-05	-3.273857e-09
1.103002334507094e-05	-1.894466e-09
1.106908584507094e-05	-3.072985e-09
1.110814834507094e-05	-2.066081e-09
1.114721084507094e-05	-2.926366e-09
1.118627334507094e-05	-2.191349e-09
1.122533584507094e-05	-2.819329e-09
1.126439834507094e-05	-2.282800e-09
1.130346084507094e-05	-2.741200e-09
1.134252334507094e-05	-2.349545e-09
1.138158584507094e-05	-2.684169e-09
1.142064834507094e-05	-2.398279e-09
1.145971084507094e-05	-2.642540e-09
1.149877334507094e-05	-2.433846e-09
1.153783584507094e-05	-2.612152e-09
1.157689834507094e-05	-2.459807e-09
1.161596084507094e-05	-2.589966e-09
1.165502334507094e-05	-2.478759e-09
1.169408584507094e-05	-2.573772e-09
1.173314834507094e-05	-2.492598e-09
1.177221084507094e-05	-2.561954e-09
1.181127334507094e-05	-2.502699e-09
1.185033584507094e-05	-2.553325e-09
1.188939834507094e-05	-2.510070e-09
1.192846084507094e-05	-2.547024e-09
1.196752334507094e-05	-2.515449e-09
1.200658584507094e-05	-2.542430e-09
1.204564834507094e-05	-2.519381e-09
1.208471084507094e-05	-2.539071e-09
1.212377334507094e-05	-2.522248e-09
1.216283584507095e-05	-2.536622e-09
1.220189834507095e-05	-2.524344e-09
1.224096084507095e-05	-2.534833e-09
1.228002334507095e-05	-2.525867e-09
1.231908584507095e-05	-2.533529e-09
1.235814834507095e-05	-2.526983e-09
1.239721084507095e-05	-2.532575e-09
1.243627334507095e-05	-2.527800e-09
1.247533584507095e-05	-2.531878e-09
1.251439834507095e-05	-2.528391e-09
1.255346084507095e-05	-2.531368e-09
1.259252334507095e-05	-2.528825e-09
1.263158584507095e-05	-2.531002e-09
1.267064834507095e-05	-2.529144e-09
1.270971084507095e-05	-2.530730e-09
1.274877334507095e-05	-2.529376e-09
1.278783584507095e-05	-2.530527e-09
1.282689834507095e-05	-2.529541e-09
1.286596084507095e-05	-2.530386e-09
1.290502334507095e-05	-2.529667e-09
1.294408584507095e-05	-2.530283e-09
1.298314834507095e-05	-2.529754e-09
1.302221084507095e-05	-2.530208e-09
1.306127334507095e-05	-2.529823e-09
1.310033584507095e-05	-2.530151e-09
1.313939834507095e-05	-2.529870e-09
1.317846084507095e-05	-2.530111e-09
1.321752334507095e-05	-2.529904e-09
1.325658584507095e-05	-2.530079e-09
1.329564834507095e-05	-2.529926e-09
1.333471084507095e-05	-2.530057e-09
1.337377334507095e-05	-2.529951e-09
1.341283584507095e-05	-2.530042e-09
1.345189834507095e-05	-2.529961e-09
1.349096084507095e-05	-2.530029e-09
1.353002334507095e-05	-2.529973e-09
1.356908584507095e-05	-2.530023e-09
1.360814834507095e-05	-2.529982e-09
1.364721084507095e-05	-2.530014e-09
1.368627334507095e-05	-2.529986e-09
1.372533584507095e-05	-2.530008e-09
1.376439834507095e-05	-2.529989e-09
1.380346084507095e-05	-2.530004e-09
1.384252334507095e-05	-2.529989e-09
1.388158584507095e-05	-2.530004e-09
1.392064834507095e-05	-2.529989e-09
1.395971084507095e-05	-2.530004e-09
1.399877334507095e-05	-2.529995e-09
1.403783584507095e-05	-2.530001e-09
1.407689834507095e-05	-2.529995e-09
1.411596084507095e-05	-2.530001e-09
1.415502334507095e-05	-2.529998e-09
1.419408584507095e-05	-2.530001e-09
1.423314834507095e-05	-2.529998e-09
1.427221084507095e-05	-2.530001e-09
1.431127334507095e-05	-2.529998e-09
1.435033584507095e-05	-2.530001e-09
1.438939834507095e-05	-2.529998e-09
1.442846084507095e-05	-2.530001e-09
1.446752334507095e-05	-2.529998e-09
1.450658584507095e-05	-2.530001e-09
1.454564834507095e-05	-2.529998e-09
1.458471084507095e-05	-2.529998e-09
1.462377334507095e-05	-2.529998e-09
1.466283584507095e-05	-2.529998e-09
1.470189834507095e-05	-2.529998e-09
1.474096084507095e-05	-2.529998e-09
1.478002334507095e-05	-2.529998e-09
1.481908584507095e-05	-2.529998e-09
1.485814834507095e-05	-2.529998e-09
1.489721084507095e-05	-2.529998e-09
1.493627334507095e-05	-2.529998e-09
1.497533584507095e-05	-2.529998e-09
1.501439834507095e-05	-2.529998e-09
1.505346084507095e-05	-2.529998e-09
1.509252334507095e-05	-2.529998e-09
1.513158584507095e-05	-2.529998e-09
1.517064834507095e-05	-2.529998e-09
1.520971084507095e-05	-2.529998e-09
1.524877334507095e-05	-2.529998e-09
1.528783584507095e-05	-2.529998e-09
1.532689834507095e-05	-2.529998e-09
1.536596084507095e-05	-2.529998e-09
1.540502334507095e-05	-2.529998e-09
1.544408584507095e-05	-2.529998e-09
1.548314834507095e-05	-2.529998e-09
1.552221084507094e-05	-2.529998e-09
1.556127334507094e-05	-2.529998e-09
1.560033584507094e-05	-2.529998e-09
1.563939834507094e-05	-2.529998e-09
1.567846084507094e-05	-2.529998e-09
1.571752334507094e-05	-2.529998e-09
1.575658584507093e-05	-2.529998e-09
1.579564834507093e-05	-2.529998e-09
1.583471084507093e-05	-2.529998e-09
1.587377334507093e-05	-2.529998e-09
1.591283584507093e-05	-2.529998e-09
1.595189834507093e-05	-2.529998e-09
1.599096084507092e-05	-2.529998e-09
1.603002334507092e-05	-2.529998e-09
1.606908584507092e-05	-2.529998e-09
1.610814834507092e-05	-2.529998e-09
1.614721084507092e-05	-2.529998e-09
1.618627334507092e-05	-2.529998e-09
1.622533584507092e-05	-2.529998e-09
1.626439834507091e-05	-2.529998e-09
1.630346084507091e-05	-2.529998e-09
1.634252334507091e-05	-2.529998e-09
1.638158584507091e-05	-2.529998e-09
1.642064834507091e-05	-2.529998e-09
1.645971084507091e-05	-2.529998e-09
1.649877334507090e-05	-2.529998e-09
1.653783584507090e-05	-2.529998e-09
1.657689834507090e-05	-2.529998e-09
1.661596084507090e-05	-2.529998e-09
1.665502334507090e-05	-2.529998e-09
1.669408584507090e-05	-2.529998e-09
1.673314834507089e-05	-2.529998e-09
1.677221084507089e-05	-2.529998e-09
1.681127334507089e-05	-2.529998e-09
1.685033584507089e-05	-2.529998e-09
1.688939834507089e-05	-2.529998e-09
1.692846084507089e-05	-2.529998e-09
1.696752334507088e-05	-2.529998e-09
1.700658584507088e-05	-2.529998e-09
1.704564834507088e-05	-2.529998e-09
1.708471084507088e-05	-2.529998e-09
1.712377334507088e-05	-2.529998e-09
1.716283584507088e-05	-2.529998e-09
1.720189834507088e-05	-2.529998e-09
1.724096084507087e-05	-2.529998e-09
1.728002334507087e-05	-2.529998e-09
1.731908584507087e-05	-2.529998e-09
1.735814834507087e-05	-2.529998e-09
1.739721084507087e-05	-2.529998e-09
1.743627334507087e-05	-2.529998e-09
1.747533584507086e-05	-2.529998e-09
1.751439834507086e-05	-2.529998e-09
1.755346084507086e-05	-2.529998e-09
1.759252334507086e-05	-2.529998e-09
1.763158584507086e-05	-2.529998e-09
1.767064834507086e-05	-2.529998e-09
1.770971084507085e-05	-2.529998e-09
1.774877334507085e-05	-2.529998e-09
1.778783584507085e-05	-2.529998e-09
1.782689834507085e-05	-2.529998e-09
1.786596084507085e-05	-2.529998e-09
1.790502334507085e-05	-2.529998e-09
1.794408584507085e-05	-2.529998e-09
1.798314834507084e-05	-2.529998e-09
1.802221084507084e-05	-2.529998e-09
1.806127334507084e-05	-2.529998e-09
1.810033584507084e-05	-2.529998e-09
1.813939834507084e-05	-2.529998e-09
1.817846084507084e-05	-2.529998e-09
1.821752334507083e-05	-2.529998e-09
1.825658584507083e-05	-2.529998e-09
1.829564834507083e-05	-2.529998e-09
1.833471084507083e-05	-2.529998e-09
1.837377334507083e-05	-2.529998e-09
1.841283584507083e-05	-2.529998e-09
1.845189834507082e-05	-2.529998e-09
1.849096084507082e-05	-2.529998e-09
1.853002334507082e-05	-2.529998e-09
1.856908584507082e-05	-2.529998e-09
1.860814834507082e-05	-2.529998e-09
1.864721084507082e-05	-2.529998e-09
1.868627334507081e-05	-2.529998e-09
1.872533584507081e-05	-2.529998e-09
1.876439834507081e-05	-2.529998e-09
1.880346084507081e-05	-2.529998e-09
1.884252334507081e-05	-2.529998e-09
1.888158584507081e-05	-2.529998e-09
1.892064834507081e-05	-2.529998e-09
1.895971084507080e-05	-2.529998e-09
1.899877334507080e-05	-2.529998e-09
1.903783584507080e-05	-2.529998e-09
1.907689834507080e-05	-2.529998e-09
1.911596084507080e-05	-2.529998e-09
1.915502334507080e-05	-2.529998e-09
1.919408584507079e-05	-2.529998e-09
1.923314834507079e-05	-2.529998e-09
1.927221084507079e-05	-2.529998e-09
1.931127334507079e-05	-2.529998e-09
1.935033584507079e-05	-2.529998e-09
1.938939834507079e-05	-2.529998e-09
1.942846084507078e-05	-2.529998e-09
1.946752334507078e-05	-2.529998e-09
1.950658584507078e-05	-2.529998e-09
1.954564834507078e-05	-2.529998e-09
1.958471084507078e-05	-2.529998e-09
1.962377334507078e-05	-2.529998e-09
1.966283584507078e-05	-2.529998e-09
1.970189834507077e-05	-2.529998e-09
1.974096084507077e-05	-2.529998e-09
1.978002334507077e-05	-2.529998e-09
1.981908584507077e-05	-2.529998e-09
1.985814834507077e-05	-2.529998e-09
1.989721084507077e-05	-2.529998e-09
1.993627334507076e-05	-2.529998e-09
1.997533584507076e-05	-2.529998e-09
2.000000000000000e-05	-2.529998e-09
2.000100000000000e-05	1.543010e-02
2.000106007508285e-05	1.496280e-02
2.000118022524855e-05	1.409691e-02
2.000142052557995e-05	1.264595e-02
2.000190112624274e-05	1.060728e-02
2.000194835941833e-05	1.046020e-02
2.000204282576951e-05	1.018694e-02
2.000223175847186e-05	9.730197e-03
2.000260962387655e-05	9.504108e-03
2.000317466901669e-05	9.454600e-03
2.000415575551822e-05	9.419971e-03
2.000611792852127e-05	9.388824e-03
2.001004227452737e-05	9.360799e-03
2.001673626393237e-05	9.338893e-03
2.002544876439344e-05	9.325569e-03
2.003903370504172e-05	9.316567e-03
2.005388997473230e-05	9.312181e-03
2.007012101515504e-05	9.310124e-03
2.009700720008810e-05	9.309374e-03
2.012845601324989e-05	9.309336e-03
2.016739472952057e-05	9.309430e-03
2.020645722952056e-05	9.309440e-03
2.024551972952056e-05	9.309440e-03
2.028458222952056e-05	9.309440e-03
2.032364472952056e-05	9.309440e-03
2.036270722952056e-05	9.309440e-03
2.040176972952056e-05	9.309440e-03
2.044083222952056e-05	9.309440e-03
2.047989472952055e-05	9.309440e-03
2.051895722952055e-05	9.309440e-03
2.055801972952055e-05	9.309440e-03
2.059708222952055e-05	9.309440e-03
2.063614472952055e-05	9.309440e-03
2.067520722952055e-05	9.309440e-03
2.071426972952054e-05	9.309440e-03
2.075333222952054e-05	9.309440e-03
2.079239472952054e-05	9.309440e-03
2.083145722952054e-05	9.309440e-03
2.087051972952054e-05	9.309440e-03
2.090958222952054e-05	9.309440e-03
2.094864472952053e-05	9.309440e-03
2.098770722952053e-05	9.309440e-03
2.102676972952053e-05	9.309440e-03
2.106583222952053e-05	9.309440e-03
2.110489472952053e-05	9.309440e-03
2.114395722952053e-05	9.309440e-03
2.118301972952052e-05	9.309440e-03
2.122208222952052e-05	9.309440e-03
2.126114472952052e-05	9.309440e-03
2.130020722952052e-05	9.309440e-03
2.133926972952052e-05	9.309440e-03
2.137833222952052e-05	9.309440e-03
2.141739472952052e-05	9.309440e-03
2.145645722952051e-05	9.309440e-03
2.149551972952051e-05	9.309440e-03
2.153458222952051e-05	9.309440e-03
2.157364472952051e-05	9.309440e-03
2.161270722952051e-05	9.309440e-03
2.165176972952051e-05	9.309440e-03
2.169083222952050e-05	9.309440e-03
2.172989472952050e-05	9.309440e-03
2.176895722952050e-05	9.309440e-03
2.180801972952050e-05	9.309440e-03
2.184708222952050e-05	9.309440e-03
2.188614472952050e-05	9.309440e-03
2.192520722952049e-05	9.309440e-03
2.196426972952049e-05	9.309440e-03
2.200333222952049e-05	9.309440e-03
2.204239472952049e-05	9.309440e-03
2.208145722952049e-05	9.309440e-03
2.212051972952049e-05	9.309440e-03
2.215958222952049e-05	9.309440e-03
2.219864472952048e-05	9.309440e-03
2.223770722952048e-05	9.309440e-03
2.227676972952048e-05	9.309440e-03
2.231583222952048e-05	9.309440e-03
2.235489472952048e-05	9.309440e-03
2.239395722952048e-05	9.309440e-03
2.243301972952047e-05	9.309440e-03
2.247208222952047e-05	9.309440e-03
2.251114472952047e-05	9.309440e-03
2.255020722952047e-05	9.309440e-03
2.258926972952047e-05	9.309440e-03
2.262833222952047e-05	9.309440e-03
2.266739472952046e-05	9.309440e-03
2.270645722952046e-05	9.309440e-03
2.274551972952046e-05	9.309440e-03
2.278458222952046e-05	9.309440e-03
2.282364472952046e-05	9.309440e-03
2.286270722952046e-05	9.309440e-03
2.290176972952045e-05	9.309440e-03
2.294083222952045e-05	9.309440e-03
2.297989472952045e-05	9.309440e-03
2.301895722952045e-05	9.309440e-03
2.305801972952045e-05	9.309440e-03
2.309708222952045e-05	9.309440e-03
2.313614472952045e-05	9.309440e-03
2.317520722952044e-05	9.309440e-03
2.321426972952044e-05	9.309440e-03
2.325333222952044e-05	9.309440e-03
2.329239472952044e-05	9.309440e-03
2.333145722952044e-05	9.309440e-03
2.337051972952044e-05	9.309440e-03
2.340958222952043e-05	9.309440e-03
2.344864472952043e-05	9.309440e-03
2.348770722952043e-05	9.309440e-03
2.352676972952043e-05	9.309440e-03
2.356583222952043e-05	9.309440e-03
2.360489472952043e-05	9.309440e-03
2.364395722952042e-05	9.309440e-03
2.368301972952042e-05	9.309440e-03
2.372208222952042e-05	9.309440e-03
2.376114472952042e-05	9.309440e-03
2.380020722952042e-05	9.309440e-03
2.383926972952042e-05	9.309440e-03
2.387833222952041e-05	9.309440e-03
2.391739472952041e-05	9.309440e-03
2.395645722952041e-05	9.309440e-03
2.399551972952041e-05	9.309440e-03
2.403458222952041e-05	9.309440e-03
2.407364472952041e-05	9.309440e-03
2.411270722952041e-05	9.309440e-03
2.415176972952040e-05	9.309440e-03
2.419083222952040e-05	9.309440e-03
2.422989472952040e-05	9.309440e-03
2.426895722952040e-05	9.309440e-03
2.430801972952040e-05	9.309440e-03
2.434708222952040e-05	9.309440e-03
2.438614472952039e-05	9.309440e-03
2.442520722952039e-05	9.309440e-03
2.446426972952039e-05	9.309440e-03
2.450333222952039e-05	9.309440e-03
2.454239472952039e-05	9.309440e-03
2.458145722952039e-05	9.309440e-03
2.462051972952038e-05	9.309440e-03
2.465958222952038e-05	9.309440e-03
2.469864472952038e-05	9.309440e-03
2.473770722952038e-05	9.309440e-03
2.477676972952038e-05	9.309440e-03
2.481583222952038e-05	9.309440e-03
2.485489472952038e-05	9.309440e-03
2.489395722952037e-05	9.309440e-03
2.493301972952037e-05	9.309440e-03
2.497208222952037e-05	9.309440e-03
2.501114472952037e-05	9.309440e-03
2.505020722952037e-05	9.309440e-03
2.508926972952037e-05	9.309440e-03
2.512833222952036e-05	9.309440e-03
2.516739472952036e-05	9.309440e-03
2.520645722952036e-05	9.309440e-03
2.524551972952036e-05	9.309440e-03
2.528458222952036e-05	9.309440e-03
2.532364472952036e-05	9.309440e-03
2.536270722952035e-05	9.309440e-03
2.540176972952035e-05	9.309440e-03
2.544083222952035e-05	9.309440e-03
2.547989472952035e-05	9.309440e-03
2.551895722952035e-05	9.309440e-03
2.555801972952035e-05	9.309440e-03
2.559708222952034e-05	9.309440e-03
2.563614472952034e-05	9.309440e-03
2.567520722952034e-05	9.309440e-03
2.571426972952034e-05	9.309440e-03
2.575333222952034e-05	9.309440e-03
2.579239472952034e-05	9.309440e-03
2.583145722952034e-05	9.309440e-03
2.587051972952033e-05	9.309440e-03
2.590958222952033e-05	9.309440e-03
2.594864472952033e-05	9.309440e-03
2.598770722952033e-05	9.309440e-03
2.602676972952033e-05	9.309440e-03
2.606583222952033e-05	9.309440e-03
2.610489472952032e-05	9.309440e-03
2.614395722952032e-05	9.309440e-03
2.618301972952032e-05	9.309440e-03
2.622208222952032e-05	9.309440e-03
2.626114472952032e-05	9.309440e-03
2.630020722952032e-05	9.309440e-03
2.633926972952031e-05	9.309440e-03
2.637833222952031e-05	9.309440e-03
2.641739472952031e-05	9.309440e-03
2.645645722952031e-05	9.309440e-03
2.649551972952031e-05	9.309440e-03
2.653458222952031e-05	9.309440e-03
2.657364472952031e-05	9.309440e-03
2.661270722952030e-05	9.309440e-03
2.665176972952030e-05	9.309440e-03
2.669083222952030e-05	9.309440e-03
2.672989472952030e-05	9.309440e-03
2.676895722952030e-05	9.309440e-03
2.680801972952030e-05	9.309440e-03
2.684708222952029e-05	9.309440e-03
2.688614472952029e-05	9.309440e-03
2.692520722952029e-05	9.309440e-03
2.696426972952029e-05	9.309440e-03
2.700333222952029e-05	9.309440e-03
2.704239472952029e-05	9.309440e-03
2.708145722952028e-05	9.309440e-03
2.712051972952028e-05	9.309440e-03
2.715958222952028e-05	9.309440e-03
2.719864472952028e-05	9.309440e-03
2.723770722952028e-05	9.309440e-03
2.727676972952028e-05	9.309440e-03
2.731583222952027e-05	9.309440e-03
2.735489472952027e-05	9.309440e-03
2.739395722952027e-05	9.309440e-03
2.743301972952027e-05	9.309440e-03
2.747208222952027e-05	9.309440e-03
2.751114472952027e-05	9.309440e-03
2.755020722952027e-05	9.309440e-03
2.758926972952026e-05	9.309440e-03
2.762833222952026e-05	9.309440e-03
2.766739472952026e-05	9.309440e-03
2.770645722952026e-05	9.309440e-03
2.774551972952026e-05	9.309440e-03
2.778458222952026e-05	9.309440e-03
2.782364472952025e-05	9.309440e-03
2.786270722952025e-05	9.309440e-03
2.790176972952025e-05	9.309440e-03
2.794083222952025e-05	9.309440e-03
2.797989472952025e-05	9.309440e-03
2.801895722952025e-05	9.309440e-03
2.805801972952024e-05	9.309440e-03
2.809708222952024e-05	9.309440e-03
2.813614472952024e-05	9.309440e-03
2.817520722952024e-05	9.309440e-03
2.821426972952024e-05	9.309440e-03
2.825333222952024e-05	9.309440e-03
2.829239472952024e-05	9.309440e-03
2.833145722952023e-05	9.309440e-03
2.837051972952023e-05	9.309440e-03
2.840958222952023e-05	9.309440e-03
2.844864472952023e-05	9.309440e-03
2.848770722952023e-05	9.309440e-03
2.852676972952023e-05	9.309440e-03
2.856583222952022e-05	9.309440e-03
2.860489472952022e-05	9.309440e-03
2.864395722952022e-05	9.309440e-03
2.868301972952022e-05	9.309440e-03
2.872208222952022e-05	9.309440e-03
2.876114472952022e-05	9.309440e-03
2.880020722952021e-05	9.309440e-03
2.883926972952021e-05	9.309440e-03
2.887833222952021e-05	9.309440e-03
2.891739472952021e-05	9.309440e-03
2.895645722952021e-05	9.309440e-03
2.899551972952021e-05	9.309440e-03
2.903458222952020e-05	9.309440e-03
2.907364472952020e-05	9.309440e-03
2.911270722952020e-05	9.309440e-03
2.915176972952020e-05	9.309440e-03
2.919083222952020e-05	9.309440e-03
2.922989472952020e-05	9.309440e-03
2.926895722952020e-05	9.309440e-03
2.930801972952019e-05	9.309440e-03
2.934708222952019e-05	9.309440e-03
2.938614472952019e-05	9.309440e-03
2.942520722952019e-05	9.309440e-03
2.946426972952019e-05	9.309440e-03
2.950333222952019e-05	9.309440e-03
2.954239472952018e-05	9.309440e-03
2.958145722952018e-05	9.309440e-03
2.962051972952018e-05	9.309440e-03
2.965958222952018e-05	9.309440e-03
2.969864472952018e-05	9.309440e-03
2.973770722952018e-05	9.309440e-03
2.977676972952017e-05	9.309440e-03
2.981583222952017e-05	9.309440e-03
2.985489472952017e-05	9.309440e-03
2.989395722952017e-05	9.309440e-03
2.993301972952017e-05	9.309440e-03
2.997208222952017e-05	9.309440e-03
3.000100000000000e-05	9.309440e-03
3.000200000000000e-05	-1.067684e-02
3.001316778686993e-05	-1.054568e-02
3.001523507585530e-05	-7.677418e-03
3.001730312190460e-05	-2.450587e-03
3.001955998985610e-05	-4.418543e-04
3.002107550081033e-05	-1.518983e-04
3.002299709080540e-05	-3.513798e-05
3.002548576707952e-05	-3.674911e-06
3.003046311962775e-05	8.692268e-07
3.003867426733079e-05	-4.004832e-07
3.005509656273687e-05	2.696871e-07
3.008794115354904e-05	-2.282811e-07
3.012700365354904e-05	1.903407e-07
3.016606615354904e-05	-1.673172e-07
3.020512865354904e-05	1.382596e-07
3.024419115354903e-05	-1.228190e-07
3.028325365354903e-05	1.002419e-07
3.032231615354903e-05	-9.033685e-08
3.036137865354903e-05	7.249010e-08
3.040044115354903e-05	-6.662601e-08
3.043950365354903e-05	5.223220e-08
3.047856615354902e-05	-4.931793e-08
3.051762865354902e-05	3.744460e-08
3.055669115354902e-05	-3.668361e-08
3.059575365354902e-05	2.665014e-08
3.063481615354902e-05	-2.746099e-08
3.067387865354902e-05	1.877053e-08
3.071294115354902e-05	-2.072879e-08
3.075200365354901e-05	1.301868e-08
3.079106615354901e-05	-1.581451e-08
3.083012865354901e-05	8.820021e-09
3.086919115354901e-05	-1.222724e-08
3.090825365354901e-05	5.755140e-09
3.094731615354901e-05	-9.608664e-09
3.098637865354900e-05	3.517875e-09
3.102544115354900e-05	-7.697189e-09
3.106450365354900e-05	1.884749e-09
3.110356615354900e-05	-6.301873e-09
3.114262865354900e-05	6.926197e-10
3.118169115354900e-05	-5.283342e-09
3.122075365354899e-05	-1.775982e-10
3.125981615354899e-05	-4.539849e-09
3.129887865354899e-05	-8.128209e-10
3.133794115354899e-05	-3.997122e-09
3.137700365354899e-05	-1.276519e-09
3.141606615354899e-05	-3.600947e-09
3.145512865354899e-05	-1.614996e-09
3.149419115354898e-05	-3.311758e-09
3.153325365354898e-05	-1.862082e-09
3.157231615354898e-05	-3.100656e-09
3.161137865354898e-05	-2.042441e-09
3.165044115354898e-05	-2.946560e-09
3.168950365354898e-05	-2.174095e-09
3.172856615354897e-05	-2.834074e-09
3.176762865354897e-05	-2.270200e-09
3.180669115354897e-05	-2.751961e-09
3.184575365354897e-05	-2.340356e-09
3.188481615354897e-05	-2.692028e-09
3.192387865354897e-05	-2.391564e-09
3.196294115354896e-05	-2.648276e-09
3.200200365354896e-05	-2.428946e-09
3.204106615354896e-05	-2.616336e-09
3.208012865354896e-05	-2.456232e-09
3.211919115354896e-05	-2.593021e-09
3.215825365354896e-05	-2.476151e-09
3.219731615354895e-05	-2.576002e-09
3.223637865354895e-05	-2.490693e-09
3.227544115354895e-05	-2.563583e-09
3.231450365354895e-05	-2.501304e-09
3.235356615354895e-05	-2.554511e-09
3.239262865354895e-05	-2.509057e-09
3.243169115354895e-05	-2.547893e-09
3.247075365354894e-05	-2.514712e-09
3.250981615354894e-05	-2.543058e-09
3.254887865354894e-05	-2.518836e-09
3.258794115354894e-05	-2.539537e-09
3.262700365354894e-05	-2.521851e-09
3.266606615354894e-05	-2.536960e-09
3.270512865354893e-05	-2.524056e-09
3.274419115354893e-05	-2.535077e-09
3.278325365354893e-05	-2.525657e-09
3.282231615354893e-05	-2.533710e-09
3.286137865354893e-05	-2.526833e-09
3.290044115354893e-05	-2.532706e-09
3.293950365354892e-05	-2.527684e-09
3.297856615354892e-05	-2.531972e-09
3.301762865354892e-05	-2.528312e-09
3.305669115354892e-05	-2.531440e-09
3.309575365354892e-05	-2.528769e-09
3.313481615354892e-05	-2.531052e-09
3.317387865354892e-05	-2.529100e-09
3.321294115354891e-05	-2.530767e-09
3.325200365354891e-05	-2.529341e-09
3.329106615354891e-05	-2.530561e-09
3.333012865354891e-05	-2.529520e-09
3.336919115354891e-05	-2.530408e-09
3.340825365354891e-05	-2.529648e-09
3.344731615354890e-05	-2.530295e-09
3.348637865354890e-05	-2.529745e-09
3.352544115354890e-05	-2.530217e-09
3.356450365354890e-05	-2.529811e-09
3.360356615354890e-05	-2.530158e-09
3.364262865354890e-05	-2.529861e-09
3.368169115354889e-05	-2.530114e-09
3.372075365354889e-05	-2.529901e-09
3.375981615354889e-05	-2.530086e-09
3.379887865354889e-05	-2.529923e-09
3.383794115354889e-05	-2.530061e-09
3.387700365354889e-05	-2.529948e-09
3.391606615354888e-05	-2.530042e-09
3.395512865354888e-05	-2.529957e-09
3.399419115354888e-05	-2.530029e-09
3.403325365354888e-05	-2.529973e-09
3.407231615354888e-05	-2.530023e-09
3.411137865354888e-05	-2.529979e-09
3.415044115354888e-05	-2.530014e-09
3.418950365354887e-05	-2.529986e-09
3.422856615354887e-05	-2.530011e-09
3.426762865354887e-05	-2.529989e-09
3.430669115354887e-05	-2.530004e-09
3.434575365354887e-05	-2.529989e-09
3.438481615354887e-05	-2.530004e-09
3.442387865354886e-05	-2.529989e-09
3.446294115354886e-05	-2.530004e-09
3.450200365354886e-05	-2.529995e-09
3.454106615354886e-05	-2.530004e-09
3.458012865354886e-05	-2.529995e-09
3.461919115354886e-05	-2.530001e-09
3.465825365354885e-05	-2.529998e-09
3.469731615354885e-05	-2.530001e-09
3.473637865354885e-05	-2.529998e-09
3.477544115354885e-05	-2.530001e-09
3.481450365354885e-05	-2.529998e-09
3.485356615354885e-05	-2.530001e-09
3.489262865354885e-05	-2.529998e-09
3.493169115354884e-05	-2.530001e-09
3.497075365354884e-05	-2.529998e-09
3.500981615354884e-05	-2.530001e-09
3.504887865354884e-05	-2.529998e-09
3.508794115354884e-05	-2.529998e-09
3.512700365354884e-05	-2.529998e-09
3.516606615354883e-05	-2.529998e-09
3.520512865354883e-05	-2.529998e-09
3.524419115354883e-05	-2.529998e-09
3.528325365354883e-05	-2.529998e-09
3.532231615354883e-05	-2.529998e-09
3.536137865354883e-05	-2.529998e-09
3.540044115354882e-05	-2.529998e-09
3.543950365354882e-05	-2.529998e-09
3.547856615354882e-05	-2.529998e-09
3.551762865354882e-05	-2.529998e-09
3.555669115354882e-05	-2.529998e-09
3.559575365354882e-05	-2.529998e-09
3.563481615354881e-05	-2.529998e-09
3.567387865354881e-05	-2.529998e-09
3.571294115354881e-05	-2.529998e-09
3.575200365354881e-05	-2.529998e-09
3.579106615354881e-05	-2.529998e-09
3.583012865354881e-05	-2.529998e-09
3.586919115354881e-05	-2.529998e-09
3.590825365354880e-05	-2.529998e-09
3.594731615354880e-05	-2.529998e-09
3.598637865354880e-05	-2.529998e-09
3.602544115354880e-05	-2.529998e-09
3.606450365354880e-05	-2.529998e-09
3.610356615354880e-05	-2.529998e-09
3.614262865354879e-05	-2.529998e-09
3.618169115354879e-05	-2.529998e-09
3.622075365354879e-05	-2.529998e-09
3.625981615354879e-05	-2.529998e-09
3.629887865354879e-05	-2.529998e-09
3.633794115354879e-05	-2.529998e-09
3.637700365354878e-05	-2.529998e-09
3.641606615354878e-05	-2.529998e-09
3.645512865354878e-05	-2.529998e-09
3.649419115354878e-05	-2.529998e-09
3.653325365354878e-05	-2.529998e-09
3.657231615354878e-05	-2.529998e-09
3.661137865354878e-05	-2.529998e-09
3.665044115354877e-05	-2.529998e-09
3.668950365354877e-05	-2.529998e-09
3.672856615354877e-05	-2.529998e-09
3.676762865354877e-05	-2.529998e-09
3.680669115354877e-05	-2.529998e-09
3.684575365354877e-05	-2.529998e-09
3.688481615354876e-05	-2.529998e-09
3.692387865354876e-05	-2.529998e-09
3.696294115354876e-05	-2.529998e-09
3.700200365354876e-05	-2.529998e-09
3.704106615354876e-05	-2.529998e-09
3.708012865354876e-05	-2.529998e-09
3.711919115354875e-05	-2.529998e-09
3.715825365354875e-05	-2.529998e-09
3.719731615354875e-05	-2.529998e-09
3.723637865354875e-05	-2.529998e-09
3.727544115354875e-05	-2.529998e-09
3.731450365354875e-05	-2.529998e-09
3.735356615354874e-05	-2.529998e-09
3.739262865354874e-05	-2.529998e-09
3.743169115354874e-05	-2.529998e-09
3.747075365354874e-05	-2.529998e-09
3.750981615354874e-05	-2.529998e-09
3.754887865354874e-05	-2.529998e-09
3.758794115354874e-05	-2.529998e-09
3.762700365354873e-05	-2.529998e-09
3.766606615354873e-05	-2.529998e-09
3.770512865354873e-05	-2.529998e-09
3.774419115354873e-05	-2.529998e-09
3.778325365354873e-05	-2.529998e-09
3.782231615354873e-05	-2.529998e-09
3.786137865354872e-05	-2.529998e-09
3.790044115354872e-05	-2.529998e-09
3.793950365354872e-05	-2.529998e-09
3.797856615354872e-05	-2.529998e-09
3.801762865354872e-05	-2.529998e-09
3.805669115354872e-05	-2.529998e-09
3.809575365354871e-05	-2.529998e-09
3.813481615354871e-05	-2.529998e-09
3.817387865354871e-05	-2.529998e-09
3.821294115354871e-05	-2.529998e-09
3.825200365354871e-05	-2.529998e-09
3.829106615354871e-05	-2.529998e-09
3.833012865354871e-05	-2.529998e-09
3.836919115354870e-05	-2.529998e-09
3.840825365354870e-05	-2.529998e-09
3.844731615354870e-05	-2.529998e-09
3.848637865354870e-05	-2.529998e-09
3.852544115354870e-05	-2.529998e-09
3.856450365354870e-05	-2.529998e-09
3.860356615354869e-05	-2.529998e-09
3.864262865354869e-05	-2.529998e-09
3.868169115354869e-05	-2.529998e-09
3.872075365354869e-05	-2.529998e-09
3.875981615354869e-05	-2.529998e-09
3.879887865354869e-05	-2.529998e-09
3.883794115354868e-05	-2.529998e-09
3.887700365354868e-05	-2.529998e-09
3.891606615354868e-05	-2.529998e-09
3.895512865354868e-05	-2.529998e-09
3.899419115354868e-05	-2.529998e-09
3.903325365354868e-05	-2.529998e-09
3.907231615354867e-05	-2.529998e-09
3.911137865354867e-05	-2.529998e-09
3.915044115354867e-05	-2.529998e-09
3.918950365354867e-05	-2.529998e-09
3.922856615354867e-05	-2.529998e-09
3.926762865354867e-05	-2.529998e-09
3.930669115354867e-05	-2.529998e-09
3.934575365354866e-05	-2.529998e-09
3.938481615354866e-05	-2.529998e-09
3.942387865354866e-05	-2.529998e-09
3.946294115354866e-05	-2.529998e-09
3.950200365354866e-05	-2.529998e-09
3.954106615354866e-05	-2.529998e-09
3.958012865354865e-05	-2.529998e-09
3.961919115354865e-05	-2.529998e-09
3.965825365354865e-05	-2.529998e-09
3.969731615354865e-05	-2.529998e-09
3.973637865354865e-05	-2.529998e-09
3.977544115354865e-05	-2.529998e-09
3.981450365354864e-05	-2.529998e-09
3.985356615354864e-05	-2.529998e-09
3.989262865354864e-05	-2.529998e-09
3.993169115354864e-05	-2.529998e-09
3.997075365354864e-05	-2.529998e-09
4.000000000000000e-05	-2.529998e-09
Step Information: F=100K  (Step: 10/10)
0.000000000000000e+00	-2.530001e-09
1.953124890551744e-13	3.901005e-06
3.906249781103488e-13	7.804043e-06
7.812499562206976e-13	1.560913e-05
1.562499912441395e-12	3.121333e-05
3.124999824882790e-12	6.239790e-05
6.249999649765581e-12	1.246718e-04
1.249999929953116e-11	2.488398e-04
2.499999859906232e-11	4.956643e-04
4.999999719812465e-11	9.833302e-04
9.999999439624929e-11	1.935247e-03
1.999999887924986e-10	3.749670e-03
3.999999775849972e-10	7.056077e-03
7.999999551699943e-10	1.268848e-02
1.000000000000000e-09	1.517350e-02
1.291436931288733e-09	1.317962e-02
1.685266246927308e-09	1.126958e-02
2.063247630269538e-09	1.005009e-02
2.645171465628086e-09	9.493947e-03
3.200152685156481e-09	9.451324e-03
4.247163826402537e-09	9.417069e-03
6.341186108894648e-09	9.386189e-03
1.052923067387887e-08	9.358410e-03
1.736298721102126e-08	9.337608e-03
2.697721358670808e-08	9.324104e-03
4.192115594270158e-08	9.315424e-03
5.663360282316731e-08	9.311790e-03
7.436006164152545e-08	9.309941e-03
9.389131164152545e-08	9.309504e-03
1.134225616415254e-07	9.309432e-03
1.329538116415255e-07	9.309435e-03
1.524850616415255e-07	9.309438e-03
1.720163116415255e-07	9.309440e-03
1.915475616415255e-07	9.309440e-03
2.110788116415255e-07	9.309440e-03
2.306100616415255e-07	9.309440e-03
2.501413116415255e-07	9.309440e-03
2.696725616415255e-07	9.309440e-03
2.892038116415255e-07	9.309440e-03
3.087350616415255e-07	9.309440e-03
3.282663116415255e-07	9.309440e-03
3.477975616415255e-07	9.309440e-03
3.673288116415255e-07	9.309440e-03
3.868600616415255e-07	9.309440e-03
4.063913116415255e-07	9.309440e-03
4.259225616415255e-07	9.309440e-03
4.454538116415255e-07	9.309440e-03
4.649850616415255e-07	9.309440e-03
4.845163116415255e-07	9.309440e-03
5.040475616415255e-07	9.309440e-03
5.235788116415256e-07	9.309440e-03
5.431100616415256e-07	9.309440e-03
5.626413116415257e-07	9.309440e-03
5.821725616415257e-07	9.309440e-03
6.017038116415258e-07	9.309440e-03
6.212350616415258e-07	9.309440e-03
6.407663116415259e-07	9.309440e-03
6.602975616415259e-07	9.309440e-03
6.798288116415260e-07	9.309440e-03
6.993600616415260e-07	9.309440e-03
7.188913116415261e-07	9.309440e-03
7.384225616415261e-07	9.309440e-03
7.579538116415262e-07	9.309440e-03
7.774850616415262e-07	9.309440e-03
7.970163116415263e-07	9.309440e-03
8.165475616415263e-07	9.309440e-03
8.360788116415264e-07	9.309440e-03
8.556100616415264e-07	9.309440e-03
8.751413116415265e-07	9.309440e-03
8.946725616415265e-07	9.309440e-03
9.142038116415266e-07	9.309440e-03
9.337350616415266e-07	9.309440e-03
9.532663116415267e-07	9.309440e-03
9.727975616415266e-07	9.309440e-03
9.923288116415267e-07	9.309440e-03
1.011860061641527e-06	9.309440e-03
1.031391311641527e-06	9.309440e-03
1.050922561641527e-06	9.309440e-03
1.070453811641527e-06	9.309440e-03
1.089985061641527e-06	9.309440e-03
1.109516311641527e-06	9.309440e-03
1.129047561641527e-06	9.309440e-03
1.148578811641527e-06	9.309440e-03
1.168110061641527e-06	9.309440e-03
1.187641311641527e-06	9.309440e-03
1.207172561641527e-06	9.309440e-03
1.226703811641527e-06	9.309440e-03
1.246235061641527e-06	9.309440e-03
1.265766311641527e-06	9.309440e-03
1.285297561641527e-06	9.309440e-03
1.304828811641528e-06	9.309440e-03
1.324360061641528e-06	9.309440e-03
1.343891311641528e-06	9.309440e-03
1.363422561641528e-06	9.309440e-03
1.382953811641528e-06	9.309440e-03
1.402485061641528e-06	9.309440e-03
1.422016311641528e-06	9.309440e-03
1.441547561641528e-06	9.309440e-03
1.461078811641528e-06	9.309440e-03
1.480610061641528e-06	9.309440e-03
1.500141311641528e-06	9.309440e-03
1.519672561641528e-06	9.309440e-03
1.539203811641528e-06	9.309440e-03
1.558735061641528e-06	9.309440e-03
1.578266311641528e-06	9.309440e-03
1.597797561641528e-06	9.309440e-03
1.617328811641528e-06	9.309440e-03
1.636860061641528e-06	9.309440e-03
1.656391311641528e-06	9.309440e-03
1.675922561641528e-06	9.309440e-03
1.695453811641529e-06	9.309440e-03
1.714985061641529e-06	9.309440e-03
1.734516311641529e-06	9.309440e-03
1.754047561641529e-06	9.309440e-03
1.773578811641529e-06	9.309440e-03
1.793110061641529e-06	9.309440e-03
1.812641311641529e-06	9.309440e-03
1.832172561641529e-06	9.309440e-03
1.851703811641529e-06	9.309440e-03
1.871235061641529e-06	9.309440e-03
1.890766311641529e-06	9.309440e-03
1.910297561641529e-06	9.309440e-03
1.929828811641529e-06	9.309440e-03
1.949360061641529e-06	9.309440e-03
1.968891311641529e-06	9.309440e-03
1.988422561641529e-06	9.309440e-03
2.007953811641529e-06	9.309440e-03
2.027485061641529e-06	9.309440e-03
2.047016311641529e-06	9.309440e-03
2.066547561641529e-06	9.309440e-03
2.086078811641529e-06	9.309440e-03
2.105610061641529e-06	9.309440e-03
2.125141311641529e-06	9.309440e-03
2.144672561641529e-06	9.309440e-03
2.164203811641530e-06	9.309440e-03
2.183735061641530e-06	9.309440e-03
2.203266311641530e-06	9.309440e-03
2.222797561641530e-06	9.309440e-03
2.242328811641530e-06	9.309440e-03
2.261860061641530e-06	9.309440e-03
2.281391311641530e-06	9.309440e-03
2.300922561641530e-06	9.309440e-03
2.320453811641530e-06	9.309440e-03
2.339985061641530e-06	9.309440e-03
2.359516311641530e-06	9.309440e-03
2.379047561641530e-06	9.309440e-03
2.398578811641530e-06	9.309440e-03
2.418110061641530e-06	9.309440e-03
2.437641311641530e-06	9.309440e-03
2.457172561641530e-06	9.309440e-03
2.476703811641530e-06	9.309440e-03
2.496235061641530e-06	9.309440e-03
2.515766311641530e-06	9.309440e-03
2.535297561641531e-06	9.309440e-03
2.554828811641531e-06	9.309440e-03
2.574360061641531e-06	9.309440e-03
2.593891311641531e-06	9.309440e-03
2.613422561641531e-06	9.309440e-03
2.632953811641531e-06	9.309440e-03
2.652485061641531e-06	9.309440e-03
2.672016311641531e-06	9.309440e-03
2.691547561641531e-06	9.309440e-03
2.711078811641531e-06	9.309440e-03
2.730610061641531e-06	9.309440e-03
2.750141311641531e-06	9.309440e-03
2.769672561641531e-06	9.309440e-03
2.789203811641531e-06	9.309440e-03
2.808735061641531e-06	9.309440e-03
2.828266311641531e-06	9.309440e-03
2.847797561641531e-06	9.309440e-03
2.867328811641531e-06	9.309440e-03
2.886860061641531e-06	9.309440e-03
2.906391311641531e-06	9.309440e-03
2.925922561641532e-06	9.309440e-03
2.945453811641532e-06	9.309440e-03
2.964985061641532e-06	9.309440e-03
2.984516311641532e-06	9.309440e-03
3.004047561641532e-06	9.309440e-03
3.023578811641532e-06	9.309440e-03
3.043110061641532e-06	9.309440e-03
3.062641311641532e-06	9.309440e-03
3.082172561641532e-06	9.309440e-03
3.101703811641532e-06	9.309440e-03
3.121235061641532e-06	9.309440e-03
3.140766311641532e-06	9.309440e-03
3.160297561641532e-06	9.309440e-03
3.179828811641532e-06	9.309440e-03
3.199360061641532e-06	9.309440e-03
3.218891311641532e-06	9.309440e-03
3.238422561641532e-06	9.309440e-03
3.257953811641532e-06	9.309440e-03
3.277485061641532e-06	9.309440e-03
3.297016311641533e-06	9.309440e-03
3.316547561641533e-06	9.309440e-03
3.336078811641533e-06	9.309440e-03
3.355610061641533e-06	9.309440e-03
3.375141311641533e-06	9.309440e-03
3.394672561641533e-06	9.309440e-03
3.414203811641533e-06	9.309440e-03
3.433735061641533e-06	9.309440e-03
3.453266311641533e-06	9.309440e-03
3.472797561641533e-06	9.309440e-03
3.492328811641533e-06	9.309440e-03
3.511860061641533e-06	9.309440e-03
3.531391311641533e-06	9.309440e-03
3.550922561641533e-06	9.309440e-03
3.570453811641533e-06	9.309440e-03
3.589985061641533e-06	9.309440e-03
3.609516311641533e-06	9.309440e-03
3.629047561641533e-06	9.309440e-03
3.648578811641533e-06	9.309440e-03
3.668110061641533e-06	9.309440e-03
3.687641311641534e-06	9.309440e-03
3.707172561641534e-06	9.309440e-03
3.726703811641534e-06	9.309440e-03
3.746235061641534e-06	9.309440e-03
3.765766311641534e-06	9.309440e-03
3.785297561641534e-06	9.309440e-03
3.804828811641534e-06	9.309440e-03
3.824360061641533e-06	9.309440e-03
3.843891311641534e-06	9.309440e-03
3.863422561641534e-06	9.309440e-03
3.882953811641534e-06	9.309440e-03
3.902485061641534e-06	9.309440e-03
3.922016311641534e-06	9.309440e-03
3.941547561641534e-06	9.309440e-03
3.961078811641534e-06	9.309440e-03
3.980610061641534e-06	9.309440e-03
4.000141311641534e-06	9.309440e-03
4.019672561641534e-06	9.309440e-03
4.039203811641534e-06	9.309440e-03
4.058735061641534e-06	9.309440e-03
4.078266311641534e-06	9.309440e-03
4.097797561641534e-06	9.309440e-03
4.117328811641534e-06	9.309440e-03
4.136860061641534e-06	9.309440e-03
4.156391311641534e-06	9.309440e-03
4.175922561641534e-06	9.309440e-03
4.195453811641534e-06	9.309440e-03
4.214985061641534e-06	9.309440e-03
4.234516311641535e-06	9.309440e-03
4.254047561641535e-06	9.309440e-03
4.273578811641535e-06	9.309440e-03
4.293110061641535e-06	9.309440e-03
4.312641311641535e-06	9.309440e-03
4.332172561641535e-06	9.309440e-03
4.351703811641535e-06	9.309440e-03
4.371235061641535e-06	9.309440e-03
4.390766311641535e-06	9.309440e-03
4.410297561641535e-06	9.309440e-03
4.429828811641535e-06	9.309440e-03
4.449360061641535e-06	9.309440e-03
4.468891311641535e-06	9.309440e-03
4.488422561641535e-06	9.309440e-03
4.507953811641535e-06	9.309440e-03
4.527485061641535e-06	9.309440e-03
4.547016311641535e-06	9.309440e-03
4.566547561641535e-06	9.309440e-03
4.586078811641535e-06	9.309440e-03
4.605610061641536e-06	9.309440e-03
4.625141311641536e-06	9.309440e-03
4.644672561641536e-06	9.309440e-03
4.664203811641536e-06	9.309440e-03
4.683735061641536e-06	9.309440e-03
4.703266311641536e-06	9.309440e-03
4.722797561641536e-06	9.309440e-03
4.742328811641536e-06	9.309440e-03
4.761860061641536e-06	9.309440e-03
4.781391311641536e-06	9.309440e-03
4.800922561641536e-06	9.309440e-03
4.820453811641536e-06	9.309440e-03
4.839985061641536e-06	9.309440e-03
4.859516311641536e-06	9.309440e-03
4.879047561641536e-06	9.309440e-03
4.898578811641536e-06	9.309440e-03
4.918110061641536e-06	9.309440e-03
4.937641311641536e-06	9.309440e-03
4.957172561641536e-06	9.309440e-03
4.976703811641536e-06	9.309440e-03
4.996235061641537e-06	9.309440e-03
5.001000000000000e-06	9.309440e-03
5.002000000000000e-06	-1.067684e-02
5.004752913733986e-06	-1.066196e-02
5.006216450107510e-06	-1.065253e-02
5.008267112355706e-06	-1.063667e-02
5.012368436852096e-06	-1.057931e-02
5.016182640552389e-06	-6.173578e-03
5.018850071505567e-06	-9.446712e-04
5.021320502892348e-06	-1.111308e-04
5.023012181349698e-06	-3.226116e-05
5.025089314622736e-06	-6.223278e-06
5.029107217875365e-06	8.316282e-07
5.037143024380624e-06	-3.757906e-07
5.053214637391142e-06	2.510567e-07
5.072745887391142e-06	-1.873063e-07
5.092277137391142e-06	1.320796e-07
5.111808387391142e-06	-1.005990e-07
5.131339637391142e-06	6.891480e-08
5.150870887391142e-06	-5.458012e-08
5.170402137391142e-06	3.538961e-08
5.189933387391142e-06	-3.015565e-08
5.209464637391142e-06	1.759596e-08
5.228995887391142e-06	-1.719236e-08
5.248527137391142e-06	8.151911e-09
5.268058387391142e-06	-1.031208e-08
5.287589637391142e-06	3.139451e-09
5.307120887391142e-06	-6.660350e-09
5.326652137391143e-06	4.790753e-10
5.346183387391143e-06	-4.722192e-09
5.365714637391143e-06	-9.329282e-10
5.385245887391143e-06	-3.693512e-09
5.404777137391143e-06	-1.682347e-09
5.424308387391143e-06	-3.147532e-09
5.443839637391143e-06	-2.080108e-09
5.463370887391143e-06	-2.857758e-09
5.482902137391143e-06	-2.291216e-09
5.502433387391143e-06	-2.703956e-09
5.521964637391143e-06	-2.403261e-09
5.541495887391143e-06	-2.622331e-09
5.561027137391143e-06	-2.462731e-09
5.580558387391143e-06	-2.578998e-09
5.600089637391143e-06	-2.494302e-09
5.619620887391143e-06	-2.556009e-09
5.639152137391143e-06	-2.511052e-09
5.658683387391143e-06	-2.543803e-09
5.678214637391143e-06	-2.519940e-09
5.697745887391144e-06	-2.537326e-09
5.717277137391144e-06	-2.524660e-09
5.736808387391144e-06	-2.533889e-09
5.756339637391144e-06	-2.527165e-09
5.775870887391144e-06	-2.532059e-09
5.795402137391144e-06	-2.528497e-09
5.814933387391144e-06	-2.531096e-09
5.834464637391144e-06	-2.529198e-09
5.853995887391144e-06	-2.530577e-09
5.873527137391144e-06	-2.529573e-09
5.893058387391144e-06	-2.530305e-09
5.912589637391144e-06	-2.529773e-09
5.932120887391144e-06	-2.530161e-09
5.951652137391144e-06	-2.529879e-09
5.971183387391144e-06	-2.530089e-09
5.990714637391144e-06	-2.529932e-09
6.010245887391144e-06	-2.530042e-09
6.029777137391144e-06	-2.529961e-09
6.049308387391144e-06	-2.530026e-09
6.068839637391144e-06	-2.529979e-09
6.088370887391145e-06	-2.530008e-09
6.107902137391145e-06	-2.529992e-09
6.127433387391145e-06	-2.530004e-09
6.146964637391145e-06	-2.529995e-09
6.166495887391145e-06	-2.530004e-09
6.186027137391145e-06	-2.529998e-09
6.205558387391145e-06	-2.530001e-09
6.225089637391145e-06	-2.529998e-09
6.244620887391145e-06	-2.530001e-09
6.264152137391145e-06	-2.529998e-09
6.283683387391145e-06	-2.530001e-09
6.303214637391145e-06	-2.530001e-09
6.322745887391145e-06	-2.530001e-09
6.342277137391145e-06	-2.530001e-09
6.361808387391145e-06	-2.530001e-09
6.381339637391145e-06	-2.530001e-09
6.400870887391145e-06	-2.530001e-09
6.420402137391145e-06	-2.530001e-09
6.439933387391145e-06	-2.530001e-09
6.459464637391146e-06	-2.530001e-09
6.478995887391146e-06	-2.530001e-09
6.498527137391146e-06	-2.530001e-09
6.518058387391146e-06	-2.530001e-09
6.537589637391146e-06	-2.530001e-09
6.557120887391146e-06	-2.530001e-09
6.576652137391146e-06	-2.530001e-09
6.596183387391146e-06	-2.530001e-09
6.615714637391146e-06	-2.530001e-09
6.635245887391146e-06	-2.530001e-09
6.654777137391146e-06	-2.530001e-09
6.674308387391146e-06	-2.530001e-09
6.693839637391146e-06	-2.530001e-09
6.713370887391146e-06	-2.530001e-09
6.732902137391146e-06	-2.530001e-09
6.752433387391146e-06	-2.530001e-09
6.771964637391146e-06	-2.530001e-09
6.791495887391146e-06	-2.530001e-09
6.811027137391146e-06	-2.530001e-09
6.830558387391146e-06	-2.530001e-09
6.850089637391147e-06	-2.530001e-09
6.869620887391147e-06	-2.530001e-09
6.889152137391147e-06	-2.530001e-09
6.908683387391147e-06	-2.530001e-09
6.928214637391147e-06	-2.530001e-09
6.947745887391147e-06	-2.530001e-09
6.967277137391147e-06	-2.530001e-09
6.986808387391147e-06	-2.530001e-09
7.006339637391147e-06	-2.530001e-09
7.025870887391147e-06	-2.530001e-09
7.045402137391147e-06	-2.530001e-09
7.064933387391147e-06	-2.530001e-09
7.084464637391147e-06	-2.530001e-09
7.103995887391147e-06	-2.530001e-09
7.123527137391147e-06	-2.530001e-09
7.143058387391147e-06	-2.530001e-09
7.162589637391147e-06	-2.530001e-09
7.182120887391147e-06	-2.530001e-09
7.201652137391147e-06	-2.530001e-09
7.221183387391148e-06	-2.530001e-09
7.240714637391148e-06	-2.530001e-09
7.260245887391148e-06	-2.530001e-09
7.279777137391148e-06	-2.530001e-09
7.299308387391148e-06	-2.530001e-09
7.318839637391148e-06	-2.530001e-09
7.338370887391148e-06	-2.530001e-09
7.357902137391148e-06	-2.530001e-09
7.377433387391148e-06	-2.530001e-09
7.396964637391148e-06	-2.530001e-09
7.416495887391148e-06	-2.530001e-09
7.436027137391148e-06	-2.530001e-09
7.455558387391148e-06	-2.530001e-09
7.475089637391148e-06	-2.530001e-09
7.494620887391148e-06	-2.530001e-09
7.514152137391148e-06	-2.530001e-09
7.533683387391148e-06	-2.530001e-09
7.553214637391148e-06	-2.530001e-09
7.572745887391148e-06	-2.530001e-09
7.592277137391148e-06	-2.530001e-09
7.611808387391149e-06	-2.530001e-09
7.631339637391149e-06	-2.530001e-09
7.650870887391148e-06	-2.530001e-09
7.670402137391147e-06	-2.530001e-09
7.689933387391146e-06	-2.530001e-09
7.709464637391145e-06	-2.530001e-09
7.728995887391145e-06	-2.530001e-09
7.748527137391144e-06	-2.530001e-09
7.768058387391143e-06	-2.530001e-09
7.787589637391142e-06	-2.530001e-09
7.807120887391141e-06	-2.530001e-09
7.826652137391141e-06	-2.530001e-09
7.846183387391140e-06	-2.530001e-09
7.865714637391139e-06	-2.530001e-09
7.885245887391138e-06	-2.530001e-09
7.904777137391137e-06	-2.530001e-09
7.924308387391137e-06	-2.530001e-09
7.943839637391136e-06	-2.530001e-09
7.963370887391135e-06	-2.530001e-09
7.982902137391134e-06	-2.530001e-09
8.002433387391133e-06	-2.530001e-09
8.021964637391133e-06	-2.530001e-09
8.041495887391132e-06	-2.530001e-09
8.061027137391131e-06	-2.530001e-09
8.080558387391130e-06	-2.530001e-09
8.100089637391129e-06	-2.530001e-09
8.119620887391129e-06	-2.530001e-09
8.139152137391128e-06	-2.530001e-09
8.158683387391127e-06	-2.530001e-09
8.178214637391126e-06	-2.530001e-09
8.197745887391126e-06	-2.530001e-09
8.217277137391125e-06	-2.530001e-09
8.236808387391124e-06	-2.530001e-09
8.256339637391123e-06	-2.530001e-09
8.275870887391122e-06	-2.530001e-09
8.295402137391122e-06	-2.530001e-09
8.314933387391121e-06	-2.530001e-09
8.334464637391120e-06	-2.530001e-09
8.353995887391119e-06	-2.530001e-09
8.373527137391118e-06	-2.530001e-09
8.393058387391118e-06	-2.530001e-09
8.412589637391117e-06	-2.530001e-09
8.432120887391116e-06	-2.530001e-09
8.451652137391115e-06	-2.530001e-09
8.471183387391114e-06	-2.530001e-09
8.490714637391114e-06	-2.530001e-09
8.510245887391113e-06	-2.530001e-09
8.529777137391112e-06	-2.530001e-09
8.549308387391111e-06	-2.530001e-09
8.568839637391110e-06	-2.530001e-09
8.588370887391110e-06	-2.530001e-09
8.607902137391109e-06	-2.530001e-09
8.627433387391108e-06	-2.530001e-09
8.646964637391107e-06	-2.530001e-09
8.666495887391106e-06	-2.530001e-09
8.686027137391106e-06	-2.530001e-09
8.705558387391105e-06	-2.530001e-09
8.725089637391104e-06	-2.530001e-09
8.744620887391103e-06	-2.530001e-09
8.764152137391102e-06	-2.530001e-09
8.783683387391102e-06	-2.530001e-09
8.803214637391101e-06	-2.530001e-09
8.822745887391100e-06	-2.530001e-09
8.842277137391099e-06	-2.530001e-09
8.861808387391098e-06	-2.530001e-09
8.881339637391098e-06	-2.530001e-09
8.900870887391097e-06	-2.530001e-09
8.920402137391096e-06	-2.530001e-09
8.939933387391095e-06	-2.530001e-09
8.959464637391094e-06	-2.530001e-09
8.978995887391094e-06	-2.530001e-09
8.998527137391093e-06	-2.530001e-09
9.018058387391092e-06	-2.530001e-09
9.037589637391091e-06	-2.530001e-09
9.057120887391090e-06	-2.530001e-09
9.076652137391090e-06	-2.530001e-09
9.096183387391089e-06	-2.530001e-09
9.115714637391088e-06	-2.530001e-09
9.135245887391087e-06	-2.530001e-09
9.154777137391087e-06	-2.530001e-09
9.174308387391086e-06	-2.530001e-09
9.193839637391085e-06	-2.530001e-09
9.213370887391084e-06	-2.530001e-09
9.232902137391083e-06	-2.530001e-09
9.252433387391083e-06	-2.530001e-09
9.271964637391082e-06	-2.530001e-09
9.291495887391081e-06	-2.530001e-09
9.311027137391080e-06	-2.530001e-09
9.330558387391079e-06	-2.530001e-09
9.350089637391079e-06	-2.530001e-09
9.369620887391078e-06	-2.530001e-09
9.389152137391077e-06	-2.530001e-09
9.408683387391076e-06	-2.530001e-09
9.428214637391075e-06	-2.530001e-09
9.447745887391075e-06	-2.530001e-09
9.467277137391074e-06	-2.530001e-09
9.486808387391073e-06	-2.530001e-09
9.506339637391072e-06	-2.530001e-09
9.525870887391071e-06	-2.530001e-09
9.545402137391071e-06	-2.530001e-09
9.564933387391070e-06	-2.530001e-09
9.584464637391069e-06	-2.530001e-09
9.603995887391068e-06	-2.530001e-09
9.623527137391067e-06	-2.530001e-09
9.643058387391067e-06	-2.530001e-09
9.662589637391066e-06	-2.530001e-09
9.682120887391065e-06	-2.530001e-09
9.701652137391064e-06	-2.530001e-09
9.721183387391063e-06	-2.530001e-09
9.740714637391063e-06	-2.530001e-09
9.760245887391062e-06	-2.530001e-09
9.779777137391061e-06	-2.530001e-09
9.799308387391060e-06	-2.530001e-09
9.818839637391059e-06	-2.530001e-09
9.838370887391059e-06	-2.530001e-09
9.857902137391058e-06	-2.530001e-09
9.877433387391057e-06	-2.530001e-09
9.896964637391056e-06	-2.530001e-09
9.916495887391055e-06	-2.530001e-09
9.936027137391055e-06	-2.530001e-09
9.955558387391054e-06	-2.530001e-09
9.975089637391053e-06	-2.530001e-09
9.994620887391052e-06	-2.530001e-09
1.000000000000000e-05	-2.530001e-09
1.000100000000000e-05	1.543010e-02
1.000431819398823e-05	9.404094e-03
1.000437842269315e-05	9.403132e-03
1.000449888010301e-05	9.401281e-03
1.000473979492272e-05	9.397833e-03
1.000522162456213e-05	9.391731e-03
1.000618528384096e-05	9.381807e-03
1.000811260239862e-05	9.367333e-03
1.001196723951394e-05	9.349819e-03
1.001959256503451e-05	9.332490e-03
1.003037275886386e-05	9.321090e-03
1.004184656972084e-05	9.315032e-03
1.005814716954915e-05	9.310929e-03
1.007767841954915e-05	9.309536e-03
1.009720966954915e-05	9.309314e-03
1.011674091954915e-05	9.309380e-03
1.013627216954915e-05	9.309418e-03
1.015580341954915e-05	9.309432e-03
1.017533466954915e-05	9.309437e-03
1.019486591954915e-05	9.309439e-03
1.021439716954915e-05	9.309440e-03
1.023392841954915e-05	9.309440e-03
1.025345966954915e-05	9.309440e-03
1.027299091954915e-05	9.309440e-03
1.029252216954915e-05	9.309440e-03
1.031205341954914e-05	9.309440e-03
1.033158466954914e-05	9.309440e-03
1.035111591954914e-05	9.309440e-03
1.037064716954914e-05	9.309440e-03
1.039017841954914e-05	9.309440e-03
1.040970966954914e-05	9.309440e-03
1.042924091954914e-05	9.309440e-03
1.044877216954914e-05	9.309440e-03
1.046830341954914e-05	9.309440e-03
1.048783466954914e-05	9.309440e-03
1.050736591954914e-05	9.309440e-03
1.052689716954914e-05	9.309440e-03
1.054642841954914e-05	9.309440e-03
1.056595966954913e-05	9.309440e-03
1.058549091954913e-05	9.309440e-03
1.060502216954913e-05	9.309440e-03
1.062455341954913e-05	9.309440e-03
1.064408466954913e-05	9.309440e-03
1.066361591954913e-05	9.309440e-03
1.068314716954913e-05	9.309440e-03
1.070267841954913e-05	9.309440e-03
1.072220966954913e-05	9.309440e-03
1.074174091954913e-05	9.309440e-03
1.076127216954913e-05	9.309440e-03
1.078080341954913e-05	9.309440e-03
1.080033466954912e-05	9.309440e-03
1.081986591954912e-05	9.309440e-03
1.083939716954912e-05	9.309440e-03
1.085892841954912e-05	9.309440e-03
1.087845966954912e-05	9.309440e-03
1.089799091954912e-05	9.309440e-03
1.091752216954912e-05	9.309440e-03
1.093705341954912e-05	9.309440e-03
1.095658466954912e-05	9.309440e-03
1.097611591954912e-05	9.309440e-03
1.099564716954912e-05	9.309440e-03
1.101517841954912e-05	9.309440e-03
1.103470966954912e-05	9.309440e-03
1.105424091954911e-05	9.309440e-03
1.107377216954911e-05	9.309440e-03
1.109330341954911e-05	9.309440e-03
1.111283466954911e-05	9.309440e-03
1.113236591954911e-05	9.309440e-03
1.115189716954911e-05	9.309440e-03
1.117142841954911e-05	9.309440e-03
1.119095966954911e-05	9.309440e-03
1.121049091954911e-05	9.309440e-03
1.123002216954911e-05	9.309440e-03
1.124955341954911e-05	9.309440e-03
1.126908466954911e-05	9.309440e-03
1.128861591954910e-05	9.309440e-03
1.130814716954910e-05	9.309440e-03
1.132767841954910e-05	9.309440e-03
1.134720966954910e-05	9.309440e-03
1.136674091954910e-05	9.309440e-03
1.138627216954910e-05	9.309440e-03
1.140580341954910e-05	9.309440e-03
1.142533466954910e-05	9.309440e-03
1.144486591954910e-05	9.309440e-03
1.146439716954910e-05	9.309440e-03
1.148392841954910e-05	9.309440e-03
1.150345966954910e-05	9.309440e-03
1.152299091954910e-05	9.309440e-03
1.154252216954909e-05	9.309440e-03
1.156205341954909e-05	9.309440e-03
1.158158466954909e-05	9.309440e-03
1.160111591954909e-05	9.309440e-03
1.162064716954909e-05	9.309440e-03
1.164017841954909e-05	9.309440e-03
1.165970966954909e-05	9.309440e-03
1.167924091954909e-05	9.309440e-03
1.169877216954909e-05	9.309440e-03
1.171830341954909e-05	9.309440e-03
1.173783466954909e-05	9.309440e-03
1.175736591954909e-05	9.309440e-03
1.177689716954908e-05	9.309440e-03
1.179642841954908e-05	9.309440e-03
1.181595966954908e-05	9.309440e-03
1.183549091954908e-05	9.309440e-03
1.185502216954908e-05	9.309440e-03
1.187455341954908e-05	9.309440e-03
1.189408466954908e-05	9.309440e-03
1.191361591954908e-05	9.309440e-03
1.193314716954908e-05	9.309440e-03
1.195267841954908e-05	9.309440e-03
1.197220966954908e-05	9.309440e-03
1.199174091954908e-05	9.309440e-03
1.201127216954908e-05	9.309440e-03
1.203080341954907e-05	9.309440e-03
1.205033466954907e-05	9.309440e-03
1.206986591954907e-05	9.309440e-03
1.208939716954907e-05	9.309440e-03
1.210892841954907e-05	9.309440e-03
1.212845966954907e-05	9.309440e-03
1.214799091954907e-05	9.309440e-03
1.216752216954907e-05	9.309440e-03
1.218705341954907e-05	9.309440e-03
1.220658466954907e-05	9.309440e-03
1.222611591954907e-05	9.309440e-03
1.224564716954907e-05	9.309440e-03
1.226517841954907e-05	9.309440e-03
1.228470966954906e-05	9.309440e-03
1.230424091954906e-05	9.309440e-03
1.232377216954906e-05	9.309440e-03
1.234330341954906e-05	9.309440e-03
1.236283466954906e-05	9.309440e-03
1.238236591954906e-05	9.309440e-03
1.240189716954906e-05	9.309440e-03
1.242142841954906e-05	9.309440e-03
1.244095966954906e-05	9.309440e-03
1.246049091954906e-05	9.309440e-03
1.248002216954906e-05	9.309440e-03
1.249955341954906e-05	9.309440e-03
1.251908466954905e-05	9.309440e-03
1.253861591954905e-05	9.309440e-03
1.255814716954905e-05	9.309440e-03
1.257767841954905e-05	9.309440e-03
1.259720966954905e-05	9.309440e-03
1.261674091954905e-05	9.309440e-03
1.263627216954905e-05	9.309440e-03
1.265580341954905e-05	9.309440e-03
1.267533466954905e-05	9.309440e-03
1.269486591954905e-05	9.309440e-03
1.271439716954905e-05	9.309440e-03
1.273392841954905e-05	9.309440e-03
1.275345966954905e-05	9.309440e-03
1.277299091954904e-05	9.309440e-03
1.279252216954904e-05	9.309440e-03
1.281205341954904e-05	9.309440e-03
1.283158466954904e-05	9.309440e-03
1.285111591954904e-05	9.309440e-03
1.287064716954904e-05	9.309440e-03
1.289017841954904e-05	9.309440e-03
1.290970966954904e-05	9.309440e-03
1.292924091954904e-05	9.309440e-03
1.294877216954904e-05	9.309440e-03
1.296830341954904e-05	9.309440e-03
1.298783466954904e-05	9.309440e-03
1.300736591954903e-05	9.309440e-03
1.302689716954903e-05	9.309440e-03
1.304642841954903e-05	9.309440e-03
1.306595966954903e-05	9.309440e-03
1.308549091954903e-05	9.309440e-03
1.310502216954903e-05	9.309440e-03
1.312455341954903e-05	9.309440e-03
1.314408466954903e-05	9.309440e-03
1.316361591954903e-05	9.309440e-03
1.318314716954903e-05	9.309440e-03
1.320267841954903e-05	9.309440e-03
1.322220966954903e-05	9.309440e-03
1.324174091954903e-05	9.309440e-03
1.326127216954902e-05	9.309440e-03
1.328080341954902e-05	9.309440e-03
1.330033466954902e-05	9.309440e-03
1.331986591954902e-05	9.309440e-03
1.333939716954902e-05	9.309440e-03
1.335892841954902e-05	9.309440e-03
1.337845966954902e-05	9.309440e-03
1.339799091954902e-05	9.309440e-03
1.341752216954902e-05	9.309440e-03
1.343705341954902e-05	9.309440e-03
1.345658466954902e-05	9.309440e-03
1.347611591954902e-05	9.309440e-03
1.349564716954901e-05	9.309440e-03
1.351517841954901e-05	9.309440e-03
1.353470966954901e-05	9.309440e-03
1.355424091954901e-05	9.309440e-03
1.357377216954901e-05	9.309440e-03
1.359330341954901e-05	9.309440e-03
1.361283466954901e-05	9.309440e-03
1.363236591954901e-05	9.309440e-03
1.365189716954901e-05	9.309440e-03
1.367142841954901e-05	9.309440e-03
1.369095966954901e-05	9.309440e-03
1.371049091954901e-05	9.309440e-03
1.373002216954901e-05	9.309440e-03
1.374955341954900e-05	9.309440e-03
1.376908466954900e-05	9.309440e-03
1.378861591954900e-05	9.309440e-03
1.380814716954900e-05	9.309440e-03
1.382767841954900e-05	9.309440e-03
1.384720966954900e-05	9.309440e-03
1.386674091954900e-05	9.309440e-03
1.388627216954900e-05	9.309440e-03
1.390580341954900e-05	9.309440e-03
1.392533466954900e-05	9.309440e-03
1.394486591954900e-05	9.309440e-03
1.396439716954900e-05	9.309440e-03
1.398392841954900e-05	9.309440e-03
1.400345966954899e-05	9.309440e-03
1.402299091954899e-05	9.309440e-03
1.404252216954899e-05	9.309440e-03
1.406205341954899e-05	9.309440e-03
1.408158466954899e-05	9.309440e-03
1.410111591954899e-05	9.309440e-03
1.412064716954899e-05	9.309440e-03
1.414017841954899e-05	9.309440e-03
1.415970966954899e-05	9.309440e-03
1.417924091954899e-05	9.309440e-03
1.419877216954899e-05	9.309440e-03
1.421830341954899e-05	9.309440e-03
1.423783466954898e-05	9.309440e-03
1.425736591954898e-05	9.309440e-03
1.427689716954898e-05	9.309440e-03
1.429642841954898e-05	9.309440e-03
1.431595966954898e-05	9.309440e-03
1.433549091954898e-05	9.309440e-03
1.435502216954898e-05	9.309440e-03
1.437455341954898e-05	9.309440e-03
1.439408466954898e-05	9.309440e-03
1.441361591954898e-05	9.309440e-03
1.443314716954898e-05	9.309440e-03
1.445267841954898e-05	9.309440e-03
1.447220966954898e-05	9.309440e-03
1.449174091954897e-05	9.309440e-03
1.451127216954897e-05	9.309440e-03
1.453080341954897e-05	9.309440e-03
1.455033466954897e-05	9.309440e-03
1.456986591954897e-05	9.309440e-03
1.458939716954897e-05	9.309440e-03
1.460892841954897e-05	9.309440e-03
1.462845966954897e-05	9.309440e-03
1.464799091954897e-05	9.309440e-03
1.466752216954897e-05	9.309440e-03
1.468705341954897e-05	9.309440e-03
1.470658466954897e-05	9.309440e-03
1.472611591954896e-05	9.309440e-03
1.474564716954896e-05	9.309440e-03
1.476517841954896e-05	9.309440e-03
1.478470966954896e-05	9.309440e-03
1.480424091954896e-05	9.309440e-03
1.482377216954896e-05	9.309440e-03
1.484330341954896e-05	9.309440e-03
1.486283466954896e-05	9.309440e-03
1.488236591954896e-05	9.309440e-03
1.490189716954896e-05	9.309440e-03
1.492142841954896e-05	9.309440e-03
1.494095966954896e-05	9.309440e-03
1.496049091954896e-05	9.309440e-03
1.498002216954895e-05	9.309440e-03
1.499955341954895e-05	9.309440e-03
1.500100000000000e-05	9.309440e-03
1.500200000000000e-05	-1.067684e-02
1.500355666910263e-05	-1.066898e-02
1.500488649756418e-05	-1.066149e-02
1.500657768168431e-05	-1.065040e-02
1.500996004992456e-05	-1.061995e-02
1.501672478640507e-05	-5.894238e-03
1.502065757830903e-05	3.448550e-04
1.502362514542779e-05	4.521265e-06
1.502546757681013e-05	1.125948e-06
1.502776449442976e-05	1.594389e-07
1.503235832966904e-05	-3.497695e-08
1.504154600014758e-05	1.364558e-08
1.505992134110467e-05	-1.407867e-08
1.507945259110467e-05	5.883475e-09
1.509898384110466e-05	-8.659458e-09
1.511851509110466e-05	1.935478e-09
1.513804634110466e-05	-5.783217e-09
1.515757759110466e-05	-1.599378e-10
1.517710884110466e-05	-4.256651e-09
1.519664009110466e-05	-1.272081e-09
1.521617134110466e-05	-3.446426e-09
1.523570259110466e-05	-1.862357e-09
1.525523384110466e-05	-3.016398e-09
1.527476509110466e-05	-2.175646e-09
1.529429634110466e-05	-2.788155e-09
1.531382759110466e-05	-2.341926e-09
1.533335884110465e-05	-2.667012e-09
1.535289009110465e-05	-2.430181e-09
1.537242134110465e-05	-2.602719e-09
1.539195259110465e-05	-2.477014e-09
1.541148384110465e-05	-2.568596e-09
1.543101509110465e-05	-2.501880e-09
1.545054634110465e-05	-2.550482e-09
1.547007759110465e-05	-2.515071e-09
1.548960884110465e-05	-2.540869e-09
1.550914009110465e-05	-2.522073e-09
1.552867134110465e-05	-2.535774e-09
1.554820259110465e-05	-2.525798e-09
1.556773384110465e-05	-2.533057e-09
1.558726509110464e-05	-2.527771e-09
1.560679634110464e-05	-2.531624e-09
1.562632759110464e-05	-2.528813e-09
1.564585884110464e-05	-2.530861e-09
1.566539009110464e-05	-2.529373e-09
1.568492134110464e-05	-2.530455e-09
1.570445259110464e-05	-2.529664e-09
1.572398384110464e-05	-2.530242e-09
1.574351509110464e-05	-2.529823e-09
1.576304634110464e-05	-2.530126e-09
1.578257759110464e-05	-2.529904e-09
1.580210884110464e-05	-2.530070e-09
1.582164009110463e-05	-2.529948e-09
1.584117134110463e-05	-2.530036e-09
1.586070259110463e-05	-2.529973e-09
1.588023384110463e-05	-2.530020e-09
1.589976509110463e-05	-2.529986e-09
1.591929634110463e-05	-2.530008e-09
1.593882759110463e-05	-2.529995e-09
1.595835884110463e-05	-2.530004e-09
1.597789009110463e-05	-2.529995e-09
1.599742134110463e-05	-2.530004e-09
1.601695259110463e-05	-2.529998e-09
1.603648384110463e-05	-2.530001e-09
1.605601509110463e-05	-2.529998e-09
1.607554634110462e-05	-2.530001e-09
1.609507759110462e-05	-2.529998e-09
1.611460884110462e-05	-2.530001e-09
1.613414009110462e-05	-2.530001e-09
1.615367134110462e-05	-2.530001e-09
1.617320259110462e-05	-2.530001e-09
1.619273384110462e-05	-2.530001e-09
1.621226509110462e-05	-2.530001e-09
1.623179634110462e-05	-2.530001e-09
1.625132759110462e-05	-2.530001e-09
1.627085884110462e-05	-2.530001e-09
1.629039009110462e-05	-2.530001e-09
1.630992134110462e-05	-2.530001e-09
1.632945259110461e-05	-2.530001e-09
1.634898384110461e-05	-2.530001e-09
1.636851509110461e-05	-2.530001e-09
1.638804634110461e-05	-2.530001e-09
1.640757759110461e-05	-2.530001e-09
1.642710884110461e-05	-2.530001e-09
1.644664009110461e-05	-2.530001e-09
1.646617134110461e-05	-2.530001e-09
1.648570259110461e-05	-2.530001e-09
1.650523384110461e-05	-2.530001e-09
1.652476509110461e-05	-2.530001e-09
1.654429634110461e-05	-2.530001e-09
1.656382759110460e-05	-2.530001e-09
1.658335884110460e-05	-2.530001e-09
1.660289009110460e-05	-2.530001e-09
1.662242134110460e-05	-2.530001e-09
1.664195259110460e-05	-2.530001e-09
1.666148384110460e-05	-2.530001e-09
1.668101509110460e-05	-2.530001e-09
1.670054634110460e-05	-2.530001e-09
1.672007759110460e-05	-2.530001e-09
1.673960884110460e-05	-2.530001e-09
1.675914009110460e-05	-2.530001e-09
1.677867134110460e-05	-2.530001e-09
1.679820259110460e-05	-2.530001e-09
1.681773384110459e-05	-2.530001e-09
1.683726509110459e-05	-2.530001e-09
1.685679634110459e-05	-2.530001e-09
1.687632759110459e-05	-2.530001e-09
1.689585884110459e-05	-2.530001e-09
1.691539009110459e-05	-2.530001e-09
1.693492134110459e-05	-2.530001e-09
1.695445259110459e-05	-2.530001e-09
1.697398384110459e-05	-2.530001e-09
1.699351509110459e-05	-2.530001e-09
1.701304634110459e-05	-2.530001e-09
1.703257759110459e-05	-2.530001e-09
1.705210884110458e-05	-2.530001e-09
1.707164009110458e-05	-2.530001e-09
1.709117134110458e-05	-2.530001e-09
1.711070259110458e-05	-2.530001e-09
1.713023384110458e-05	-2.530001e-09
1.714976509110458e-05	-2.530001e-09
1.716929634110458e-05	-2.530001e-09
1.718882759110458e-05	-2.530001e-09
1.720835884110458e-05	-2.530001e-09
1.722789009110458e-05	-2.530001e-09
1.724742134110458e-05	-2.530001e-09
1.726695259110458e-05	-2.530001e-09
1.728648384110458e-05	-2.530001e-09
1.730601509110457e-05	-2.530001e-09
1.732554634110457e-05	-2.530001e-09
1.734507759110457e-05	-2.530001e-09
1.736460884110457e-05	-2.530001e-09
1.738414009110457e-05	-2.530001e-09
1.740367134110457e-05	-2.530001e-09
1.742320259110457e-05	-2.530001e-09
1.744273384110457e-05	-2.530001e-09
1.746226509110457e-05	-2.530001e-09
1.748179634110457e-05	-2.530001e-09
1.750132759110457e-05	-2.530001e-09
1.752085884110457e-05	-2.530001e-09
1.754039009110456e-05	-2.530001e-09
1.755992134110456e-05	-2.530001e-09
1.757945259110456e-05	-2.530001e-09
1.759898384110456e-05	-2.530001e-09
1.761851509110456e-05	-2.530001e-09
1.763804634110456e-05	-2.530001e-09
1.765757759110456e-05	-2.530001e-09
1.767710884110456e-05	-2.530001e-09
1.769664009110456e-05	-2.530001e-09
1.771617134110456e-05	-2.530001e-09
1.773570259110456e-05	-2.530001e-09
1.775523384110456e-05	-2.530001e-09
1.777476509110456e-05	-2.530001e-09
1.779429634110455e-05	-2.530001e-09
1.781382759110455e-05	-2.530001e-09
1.783335884110455e-05	-2.530001e-09
1.785289009110455e-05	-2.530001e-09
1.787242134110455e-05	-2.530001e-09
1.789195259110455e-05	-2.530001e-09
1.791148384110455e-05	-2.530001e-09
1.793101509110455e-05	-2.530001e-09
1.795054634110455e-05	-2.530001e-09
1.797007759110455e-05	-2.530001e-09
1.798960884110455e-05	-2.530001e-09
1.800914009110455e-05	-2.530001e-09
1.802867134110455e-05	-2.530001e-09
1.804820259110454e-05	-2.530001e-09
1.806773384110454e-05	-2.530001e-09
1.808726509110454e-05	-2.530001e-09
1.810679634110454e-05	-2.530001e-09
1.812632759110454e-05	-2.530001e-09
1.814585884110454e-05	-2.530001e-09
1.816539009110454e-05	-2.530001e-09
1.818492134110454e-05	-2.530001e-09
1.820445259110454e-05	-2.530001e-09
1.822398384110454e-05	-2.530001e-09
1.824351509110454e-05	-2.530001e-09
1.826304634110454e-05	-2.530001e-09
1.828257759110453e-05	-2.530001e-09
1.830210884110453e-05	-2.530001e-09
1.832164009110453e-05	-2.530001e-09
1.834117134110453e-05	-2.530001e-09
1.836070259110453e-05	-2.530001e-09
1.838023384110453e-05	-2.530001e-09
1.839976509110453e-05	-2.530001e-09
1.841929634110453e-05	-2.530001e-09
1.843882759110453e-05	-2.530001e-09
1.845835884110453e-05	-2.530001e-09
1.847789009110453e-05	-2.530001e-09
1.849742134110453e-05	-2.530001e-09
1.851695259110453e-05	-2.530001e-09
1.853648384110452e-05	-2.530001e-09
1.855601509110452e-05	-2.530001e-09
1.857554634110452e-05	-2.530001e-09
1.859507759110452e-05	-2.530001e-09
1.861460884110452e-05	-2.530001e-09
1.863414009110452e-05	-2.530001e-09
1.865367134110452e-05	-2.530001e-09
1.867320259110452e-05	-2.530001e-09
1.869273384110452e-05	-2.530001e-09
1.871226509110452e-05	-2.530001e-09
1.873179634110452e-05	-2.530001e-09
1.875132759110452e-05	-2.530001e-09
1.877085884110451e-05	-2.530001e-09
1.879039009110451e-05	-2.530001e-09
1.880992134110451e-05	-2.530001e-09
1.882945259110451e-05	-2.530001e-09
1.884898384110451e-05	-2.530001e-09
1.886851509110451e-05	-2.530001e-09
1.888804634110451e-05	-2.530001e-09
1.890757759110451e-05	-2.530001e-09
1.892710884110451e-05	-2.530001e-09
1.894664009110451e-05	-2.530001e-09
1.896617134110451e-05	-2.530001e-09
1.898570259110451e-05	-2.530001e-09
1.900523384110451e-05	-2.530001e-09
1.902476509110450e-05	-2.530001e-09
1.904429634110450e-05	-2.530001e-09
1.906382759110450e-05	-2.530001e-09
1.908335884110450e-05	-2.530001e-09
1.910289009110450e-05	-2.530001e-09
1.912242134110450e-05	-2.530001e-09
1.914195259110450e-05	-2.530001e-09
1.916148384110450e-05	-2.530001e-09
1.918101509110450e-05	-2.530001e-09
1.920054634110450e-05	-2.530001e-09
1.922007759110450e-05	-2.530001e-09
1.923960884110450e-05	-2.530001e-09
1.925914009110449e-05	-2.530001e-09
1.927867134110449e-05	-2.530001e-09
1.929820259110449e-05	-2.530001e-09
1.931773384110449e-05	-2.530001e-09
1.933726509110449e-05	-2.530001e-09
1.935679634110449e-05	-2.530001e-09
1.937632759110449e-05	-2.530001e-09
1.939585884110449e-05	-2.530001e-09
1.941539009110449e-05	-2.530001e-09
1.943492134110449e-05	-2.530001e-09
1.945445259110449e-05	-2.530001e-09
1.947398384110449e-05	-2.530001e-09
1.949351509110449e-05	-2.530001e-09
1.951304634110448e-05	-2.530001e-09
1.953257759110448e-05	-2.530001e-09
1.955210884110448e-05	-2.530001e-09
1.957164009110448e-05	-2.530001e-09
1.959117134110448e-05	-2.530001e-09
1.961070259110448e-05	-2.530001e-09
1.963023384110448e-05	-2.530001e-09
1.964976509110448e-05	-2.530001e-09
1.966929634110448e-05	-2.530001e-09
1.968882759110448e-05	-2.530001e-09
1.970835884110448e-05	-2.530001e-09
1.972789009110448e-05	-2.530001e-09
1.974742134110447e-05	-2.530001e-09
1.976695259110447e-05	-2.530001e-09
1.978648384110447e-05	-2.530001e-09
1.980601509110447e-05	-2.530001e-09
1.982554634110447e-05	-2.530001e-09
1.984507759110447e-05	-2.530001e-09
1.986460884110447e-05	-2.530001e-09
1.988414009110447e-05	-2.530001e-09
1.990367134110447e-05	-2.530001e-09
1.992320259110447e-05	-2.530001e-09
1.994273384110447e-05	-2.530001e-09
1.996226509110447e-05	-2.530001e-09
1.998179634110447e-05	-2.530001e-09
2.000000000000000e-05	-2.530001e-09
