time	V(vin1)	V(vin2)	V(vout)
0.000000000000000e+00	-1.000000e+00	-1.500000e+00	2.506301e+00
1.010980223358799e-10	-7.978039e-01	-1.196706e+00	2.506303e+00
1.079815647251987e-10	-7.840369e-01	-1.176055e+00	2.506303e+00
1.217486495038363e-10	-7.565027e-01	-1.134754e+00	2.506303e+00
1.492828190611115e-10	-7.014344e-01	-1.052152e+00	2.506304e+00
2.043511581756619e-10	-5.912977e-01	-8.869465e-01	2.506306e+00
3.144878364047628e-10	-3.710243e-01	-5.565365e-01	2.506313e+00
5.347611928629646e-10	6.952239e-02	1.042836e-01	2.506349e+00
9.753079057793680e-10	9.506158e-01	1.425924e+00	2.506566e+00
1.000000000000000e-09	1.000000e+00	1.500000e+00	2.506584e+00
1.307442571509134e-09	1.000000e+00	1.500000e+00	2.506891e+00
1.624559634713197e-09	1.000000e+00	1.500000e+00	2.507341e+00
2.258793761121323e-09	1.000000e+00	1.500000e+00	2.508598e+00
3.527262013937574e-09	1.000000e+00	1.500000e+00	2.512241e+00
6.064198519570077e-09	1.000000e+00	1.500000e+00	2.522273e+00
9.276461650194833e-09	1.000000e+00	1.500000e+00	2.536998e+00
1.570098791144435e-08	1.000000e+00	1.500000e+00	2.563429e+00
2.187319673124816e-08	1.000000e+00	1.500000e+00	2.581256e+00
2.953443412410005e-08	1.000000e+00	1.500000e+00	2.593868e+00
3.751105649283870e-08	1.000000e+00	1.500000e+00	2.599914e+00
4.880597160519952e-08	1.000000e+00	1.500000e+00	2.602530e+00
6.236126063622233e-08	1.000000e+00	1.500000e+00	2.601658e+00
8.294065381097888e-08	1.000000e+00	1.500000e+00	2.597392e+00
1.120502082409274e-07	1.000000e+00	1.500000e+00	2.588619e+00
1.689769806713600e-07	1.000000e+00	1.500000e+00	2.566390e+00
2.828305255322251e-07	1.000000e+00	1.500000e+00	2.513057e+00
5.105376152539553e-07	1.000000e+00	1.500000e+00	2.399604e+00
8.996006368878040e-07	1.000000e+00	1.500000e+00	2.205875e+00
1.612007107824997e-06	1.000000e+00	1.500000e+00	1.851187e+00
2.588569607824997e-06	1.000000e+00	1.500000e+00	1.365032e+00
3.565132107824997e-06	1.000000e+00	1.500000e+00	8.789869e-01
3.637227352910374e-06	1.000000e+00	1.500000e+00	8.431019e-01
4.033751200879948e-06	1.000000e+00	1.500000e+00	6.457692e-01
4.170947829961603e-06	1.000000e+00	1.500000e+00	5.895593e-01
4.324480542109280e-06	1.000000e+00	1.500000e+00	5.635253e-01
4.481740394145755e-06	1.000000e+00	1.500000e+00	5.642959e-01
4.617165517384317e-06	1.000000e+00	1.500000e+00	5.654135e-01
4.779976154940804e-06	1.000000e+00	1.500000e+00	5.648714e-01
5.105597430053779e-06	1.000000e+00	1.500000e+00	5.651569e-01
5.511123123288246e-06	1.000000e+00	1.500000e+00	5.650397e-01
7.995408747019773e-06	1.000000e+00	1.500000e+00	5.653993e-01
9.878315709814251e-06	1.000000e+00	1.500000e+00	5.655600e-01
9.947452076873556e-06	1.000000e+00	1.500000e+00	5.624576e-01
1.006874557631864e-05	1.000000e+00	1.500000e+00	5.322081e-01
1.019057527986837e-05	1.000000e+00	1.500000e+00	4.752107e-01
1.034517923899585e-05	1.000000e+00	1.500000e+00	3.967416e-01
1.051430888781349e-05	1.000000e+00	1.500000e+00	3.131032e-01
1.085256818544877e-05	1.000000e+00	1.500000e+00	1.445841e-01
1.140267374792392e-05	1.000000e+00	1.500000e+00	-1.289653e-01
1.204842068555470e-05	1.000000e+00	1.500000e+00	-4.503076e-01
1.370427852849779e-05	1.000000e+00	1.500000e+00	-1.273855e+00
1.565740352849780e-05	1.000000e+00	1.500000e+00	-2.244942e+00
1.621390386645445e-05	1.000000e+00	1.500000e+00	-2.448313e+00
1.645354650231878e-05	1.000000e+00	1.500000e+00	-2.483677e+00
1.668868955581629e-05	1.000000e+00	1.500000e+00	-2.491676e+00
1.675952070165285e-05	1.000000e+00	1.500000e+00	-2.492174e+00
1.687309968614314e-05	1.000000e+00	1.500000e+00	-2.492763e+00
1.699361709059727e-05	1.000000e+00	1.500000e+00	-2.493068e+00
1.723465189950554e-05	1.000000e+00	1.500000e+00	-2.493299e+00
1.753152507273226e-05	1.000000e+00	1.500000e+00	-2.493344e+00
1.806619704294267e-05	1.000000e+00	1.500000e+00	-2.493347e+00
1.876062671336202e-05	1.000000e+00	1.500000e+00	-2.493346e+00
1.973718921336202e-05	1.000000e+00	1.500000e+00	-2.493347e+00
2.071375171336202e-05	1.000000e+00	1.500000e+00	-2.493347e+00
2.169031421336202e-05	1.000000e+00	1.500000e+00	-2.493347e+00
2.266687671336202e-05	1.000000e+00	1.500000e+00	-2.493347e+00
2.364343921336202e-05	1.000000e+00	1.500000e+00	-2.493347e+00
2.462000171336202e-05	1.000000e+00	1.500000e+00	-2.493347e+00
2.559656421336202e-05	1.000000e+00	1.500000e+00	-2.493347e+00
2.657312671336202e-05	1.000000e+00	1.500000e+00	-2.493347e+00
2.754968921336202e-05	1.000000e+00	1.500000e+00	-2.493347e+00
2.852625171336202e-05	1.000000e+00	1.500000e+00	-2.493347e+00
2.950281421336203e-05	1.000000e+00	1.500000e+00	-2.493347e+00
3.047937671336203e-05	1.000000e+00	1.500000e+00	-2.493347e+00
3.145593921336203e-05	1.000000e+00	1.500000e+00	-2.493347e+00
3.243250171336203e-05	1.000000e+00	1.500000e+00	-2.493347e+00
3.340906421336203e-05	1.000000e+00	1.500000e+00	-2.493347e+00
3.438562671336203e-05	1.000000e+00	1.500000e+00	-2.493347e+00
3.536218921336203e-05	1.000000e+00	1.500000e+00	-2.493347e+00
3.633875171336203e-05	1.000000e+00	1.500000e+00	-2.493347e+00
3.731531421336203e-05	1.000000e+00	1.500000e+00	-2.493347e+00
3.829187671336203e-05	1.000000e+00	1.500000e+00	-2.493347e+00
3.926843921336203e-05	1.000000e+00	1.500000e+00	-2.493347e+00
4.024500171336204e-05	1.000000e+00	1.500000e+00	-2.493347e+00
4.122156421336204e-05	1.000000e+00	1.500000e+00	-2.493347e+00
4.219812671336204e-05	1.000000e+00	1.500000e+00	-2.493347e+00
4.317468921336204e-05	1.000000e+00	1.500000e+00	-2.493347e+00
4.415125171336204e-05	1.000000e+00	1.500000e+00	-2.493348e+00
4.512781421336204e-05	1.000000e+00	1.500000e+00	-2.493347e+00
4.610437671336204e-05	1.000000e+00	1.500000e+00	-2.493348e+00
4.708093921336204e-05	1.000000e+00	1.500000e+00	-2.493348e+00
4.805750171336204e-05	1.000000e+00	1.500000e+00	-2.493348e+00
4.903406421336204e-05	1.000000e+00	1.500000e+00	-2.493348e+00
5.000100000000000e-05	1.000000e+00	1.500000e+00	-2.493348e+00
5.000200000000000e-05	-1.000000e+00	-1.500000e+00	-2.493721e+00
5.001800000000004e-05	-1.000000e+00	-1.500000e+00	-2.547114e+00
5.002271893805598e-05	-1.000000e+00	-1.500000e+00	-2.568197e+00
5.002766720003161e-05	-1.000000e+00	-1.500000e+00	-2.579402e+00
5.003086587377711e-05	-1.000000e+00	-1.500000e+00	-2.583438e+00
5.003471886289774e-05	-1.000000e+00	-1.500000e+00	-2.586517e+00
5.003942281586606e-05	-1.000000e+00	-1.500000e+00	-2.588625e+00
5.004586417499278e-05	-1.000000e+00	-1.500000e+00	-2.589822e+00
5.005874689324623e-05	-1.000000e+00	-1.500000e+00	-2.589449e+00
5.007866344787806e-05	-1.000000e+00	-1.500000e+00	-2.585737e+00
5.011029876607878e-05	-1.000000e+00	-1.500000e+00	-2.576582e+00
5.015977800284574e-05	-1.000000e+00	-1.500000e+00	-2.557708e+00
5.025873647637964e-05	-1.000000e+00	-1.500000e+00	-2.512216e+00
5.045665342344745e-05	-1.000000e+00	-1.500000e+00	-2.413932e+00
5.078839074657453e-05	-1.000000e+00	-1.500000e+00	-2.248503e+00
5.145186539282869e-05	-1.000000e+00	-1.500000e+00	-1.918061e+00
5.189655890623455e-05	-1.000000e+00	-1.500000e+00	-1.771962e+00
5.233403161163500e-05	-1.000000e+00	-1.500000e+00	-1.754081e+00
5.255702596775673e-05	-1.000000e+00	-1.500000e+00	-1.761661e+00
5.285364619064472e-05	-1.000000e+00	-1.500000e+00	-1.759745e+00
5.333078143439401e-05	-1.000000e+00	-1.500000e+00	-1.759994e+00
5.390689621502001e-05	-1.000000e+00	-1.500000e+00	-1.759702e+00
5.477594574083575e-05	-1.000000e+00	-1.500000e+00	-1.759253e+00
5.575250824083575e-05	-1.000000e+00	-1.500000e+00	-1.759018e+00
5.672907074083575e-05	-1.000000e+00	-1.500000e+00	-1.758427e+00
5.685114105333575e-05	-1.000000e+00	-1.500000e+00	-1.758482e+00
5.709528167833575e-05	-1.000000e+00	-1.500000e+00	-1.758399e+00
5.758356292833576e-05	-1.000000e+00	-1.500000e+00	-1.758169e+00
5.762157346720090e-05	-1.000000e+00	-1.500000e+00	-1.754359e+00
5.769759454493120e-05	-1.000000e+00	-1.500000e+00	-1.738357e+00
5.784963670039179e-05	-1.000000e+00	-1.500000e+00	-1.673967e+00
5.800405294752983e-05	-1.000000e+00	-1.500000e+00	-1.595158e+00
5.846662636601742e-05	-1.000000e+00	-1.500000e+00	-1.364993e+00
5.900108620641514e-05	-1.000000e+00	-1.500000e+00	-1.098834e+00
5.997764870641514e-05	-1.000000e+00	-1.500000e+00	-6.125265e-01
6.095421120641514e-05	-1.000000e+00	-1.500000e+00	-1.263221e-01
6.193077370641514e-05	-1.000000e+00	-1.500000e+00	3.598049e-01
6.290733620641514e-05	-1.000000e+00	-1.500000e+00	8.458428e-01
6.388389870641514e-05	-1.000000e+00	-1.500000e+00	1.331794e+00
6.486046120641514e-05	-1.000000e+00	-1.500000e+00	1.817662e+00
6.583702370641514e-05	-1.000000e+00	-1.500000e+00	2.303439e+00
6.636490251796455e-05	-1.000000e+00	-1.500000e+00	2.484484e+00
6.656092520595306e-05	-1.000000e+00	-1.500000e+00	2.505435e+00
6.675210511097209e-05	-1.000000e+00	-1.500000e+00	2.507142e+00
6.682253986506115e-05	-1.000000e+00	-1.500000e+00	2.506811e+00
6.692954441599699e-05	-1.000000e+00	-1.500000e+00	2.506626e+00
6.704820901254581e-05	-1.000000e+00	-1.500000e+00	2.506482e+00
6.725444589587912e-05	-1.000000e+00	-1.500000e+00	2.506356e+00
6.766691966254571e-05	-1.000000e+00	-1.500000e+00	2.506295e+00
6.839588365224384e-05	-1.000000e+00	-1.500000e+00	2.506301e+00
6.937244615224384e-05	-1.000000e+00	-1.500000e+00	2.506299e+00
7.034900865224384e-05	-1.000000e+00	-1.500000e+00	2.506300e+00
7.132557115224384e-05	-1.000000e+00	-1.500000e+00	2.506299e+00
7.230213365224384e-05	-1.000000e+00	-1.500000e+00	2.506299e+00
7.327869615224384e-05	-1.000000e+00	-1.500000e+00	2.506299e+00
7.425525865224384e-05	-1.000000e+00	-1.500000e+00	2.506299e+00
7.523182115224384e-05	-1.000000e+00	-1.500000e+00	2.506299e+00
7.620838365224384e-05	-1.000000e+00	-1.500000e+00	2.506299e+00
7.718494615224384e-05	-1.000000e+00	-1.500000e+00	2.506299e+00
7.816150865224385e-05	-1.000000e+00	-1.500000e+00	2.506299e+00
7.913807115224385e-05	-1.000000e+00	-1.500000e+00	2.506299e+00
8.011463365224385e-05	-1.000000e+00	-1.500000e+00	2.506299e+00
8.109119615224385e-05	-1.000000e+00	-1.500000e+00	2.506299e+00
8.206775865224385e-05	-1.000000e+00	-1.500000e+00	2.506299e+00
8.304432115224385e-05	-1.000000e+00	-1.500000e+00	2.506299e+00
8.402088365224385e-05	-1.000000e+00	-1.500000e+00	2.506299e+00
8.499744615224385e-05	-1.000000e+00	-1.500000e+00	2.506299e+00
8.597400865224385e-05	-1.000000e+00	-1.500000e+00	2.506299e+00
8.695057115224385e-05	-1.000000e+00	-1.500000e+00	2.506299e+00
8.792713365224385e-05	-1.000000e+00	-1.500000e+00	2.506299e+00
8.890369615224386e-05	-1.000000e+00	-1.500000e+00	2.506299e+00
8.988025865224386e-05	-1.000000e+00	-1.500000e+00	2.506299e+00
9.085682115224386e-05	-1.000000e+00	-1.500000e+00	2.506299e+00
9.183338365224386e-05	-1.000000e+00	-1.500000e+00	2.506299e+00
9.280994615224386e-05	-1.000000e+00	-1.500000e+00	2.506299e+00
9.378650865224386e-05	-1.000000e+00	-1.500000e+00	2.506299e+00
9.476307115224386e-05	-1.000000e+00	-1.500000e+00	2.506299e+00
9.573963365224386e-05	-1.000000e+00	-1.500000e+00	2.506299e+00
9.999999999999999e-05	-1.000000e+00	-1.500000e+00	2.506299e+00
1.000010000000000e-04	1.000000e+00	1.500000e+00	2.506672e+00
1.000170000000000e-04	1.000000e+00	1.500000e+00	2.560066e+00
1.000214670825374e-04	1.000000e+00	1.500000e+00	2.580287e+00
1.000265589266375e-04	1.000000e+00	1.500000e+00	2.592177e+00
1.000297911580633e-04	1.000000e+00	1.500000e+00	2.596310e+00
1.000336621390904e-04	1.000000e+00	1.500000e+00	2.599433e+00
1.000385922248518e-04	1.000000e+00	1.500000e+00	2.601633e+00
1.000451137024535e-04	1.000000e+00	1.500000e+00	2.602797e+00
1.000581566576570e-04	1.000000e+00	1.500000e+00	2.602355e+00
1.000783500847727e-04	1.000000e+00	1.500000e+00	2.598530e+00
1.001104576165326e-04	1.000000e+00	1.500000e+00	2.589157e+00
1.001607561593600e-04	1.000000e+00	1.500000e+00	2.569847e+00
1.002613532450147e-04	1.000000e+00	1.500000e+00	2.523459e+00
1.004625474163241e-04	1.000000e+00	1.500000e+00	2.423542e+00
1.007984392088584e-04	1.000000e+00	1.500000e+00	2.256159e+00
1.014702227939270e-04	1.000000e+00	1.500000e+00	1.921760e+00
1.023402928793153e-04	1.000000e+00	1.500000e+00	1.488544e+00
1.032229991137214e-04	1.000000e+00	1.500000e+00	1.049227e+00
1.033450694262214e-04	1.000000e+00	1.500000e+00	9.884548e-01
1.040164561449714e-04	1.000000e+00	1.500000e+00	6.543174e-01
1.042298434100764e-04	1.000000e+00	1.500000e+00	5.737743e-01
1.044437041487132e-04	1.000000e+00	1.500000e+00	5.501186e-01
1.046474987676150e-04	1.000000e+00	1.500000e+00	5.550461e-01
1.048555044872885e-04	1.000000e+00	1.500000e+00	5.548905e-01
1.050455825629095e-04	1.000000e+00	1.500000e+00	5.543784e-01
1.054257387141515e-04	1.000000e+00	1.500000e+00	5.548784e-01
1.061668506617342e-04	1.000000e+00	1.500000e+00	5.545843e-01
1.069101405185383e-04	1.000000e+00	1.500000e+00	5.549744e-01
1.078867030185383e-04	1.000000e+00	1.500000e+00	5.548034e-01
1.088632655185383e-04	1.000000e+00	1.500000e+00	5.551394e-01
1.098398280185383e-04	1.000000e+00	1.500000e+00	5.550323e-01
1.099618983310383e-04	1.000000e+00	1.500000e+00	5.551193e-01
1.102060389560383e-04	1.000000e+00	1.500000e+00	5.234472e-01
1.105008816229118e-04	1.000000e+00	1.500000e+00	4.011026e-01
1.107741165472826e-04	1.000000e+00	1.500000e+00	2.563981e-01
1.110294787816649e-04	1.000000e+00	1.500000e+00	1.316400e-01
1.112948218941884e-04	1.000000e+00	1.500000e+00	-5.108429e-04
1.116123075266286e-04	1.000000e+00	1.500000e+00	-1.588278e-01
1.122472787915088e-04	1.000000e+00	1.500000e+00	-4.742946e-01
1.132238412915088e-04	1.000000e+00	1.500000e+00	-9.604193e-01
1.141227912159589e-04	1.000000e+00	1.500000e+00	-1.407115e+00
1.150993537159589e-04	1.000000e+00	1.500000e+00	-1.893018e+00
1.160759162159589e-04	1.000000e+00	1.500000e+00	-2.350273e+00
1.165819081116936e-04	1.000000e+00	1.500000e+00	-2.492546e+00
1.167427509040076e-04	1.000000e+00	1.500000e+00	-2.501551e+00
1.168981637627339e-04	1.000000e+00	1.500000e+00	-2.498896e+00
1.169676212475751e-04	1.000000e+00	1.500000e+00	-2.497283e+00
1.170655290914024e-04	1.000000e+00	1.500000e+00	-2.495789e+00
1.171780180466092e-04	1.000000e+00	1.500000e+00	-2.494703e+00
1.173733191064123e-04	1.000000e+00	1.500000e+00	-2.493775e+00
1.176238836798879e-04	1.000000e+00	1.500000e+00	-2.493422e+00
1.179331108734339e-04	1.000000e+00	1.500000e+00	-2.493352e+00
1.190144628427811e-04	1.000000e+00	1.500000e+00	-2.493348e+00
1.199910253427811e-04	1.000000e+00	1.500000e+00	-2.493348e+00
1.209675878427811e-04	1.000000e+00	1.500000e+00	-2.493348e+00
1.219441503427811e-04	1.000000e+00	1.500000e+00	-2.493348e+00
1.229207128427811e-04	1.000000e+00	1.500000e+00	-2.493348e+00
1.238972753427811e-04	1.000000e+00	1.500000e+00	-2.493348e+00
1.248738378427811e-04	1.000000e+00	1.500000e+00	-2.493349e+00
1.258504003427811e-04	1.000000e+00	1.500000e+00	-2.493349e+00
1.268269628427811e-04	1.000000e+00	1.500000e+00	-2.493349e+00
1.278035253427811e-04	1.000000e+00	1.500000e+00	-2.493349e+00
1.287800878427811e-04	1.000000e+00	1.500000e+00	-2.493349e+00
1.297566503427811e-04	1.000000e+00	1.500000e+00	-2.493349e+00
1.307332128427811e-04	1.000000e+00	1.500000e+00	-2.493349e+00
1.317097753427811e-04	1.000000e+00	1.500000e+00	-2.493349e+00
1.326863378427811e-04	1.000000e+00	1.500000e+00	-2.493349e+00
1.336629003427811e-04	1.000000e+00	1.500000e+00	-2.493349e+00
1.346394628427811e-04	1.000000e+00	1.500000e+00	-2.493349e+00
1.356160253427811e-04	1.000000e+00	1.500000e+00	-2.493349e+00
1.365925878427811e-04	1.000000e+00	1.500000e+00	-2.493349e+00
1.375691503427811e-04	1.000000e+00	1.500000e+00	-2.493349e+00
1.385457128427812e-04	1.000000e+00	1.500000e+00	-2.493349e+00
1.395222753427812e-04	1.000000e+00	1.500000e+00	-2.493349e+00
1.404988378427812e-04	1.000000e+00	1.500000e+00	-2.493349e+00
1.414754003427812e-04	1.000000e+00	1.500000e+00	-2.493349e+00
1.424519628427812e-04	1.000000e+00	1.500000e+00	-2.493349e+00
1.434285253427812e-04	1.000000e+00	1.500000e+00	-2.493349e+00
1.444050878427812e-04	1.000000e+00	1.500000e+00	-2.493349e+00
1.453816503427812e-04	1.000000e+00	1.500000e+00	-2.493349e+00
1.463582128427812e-04	1.000000e+00	1.500000e+00	-2.493349e+00
1.473347753427812e-04	1.000000e+00	1.500000e+00	-2.493349e+00
1.483113378427812e-04	1.000000e+00	1.500000e+00	-2.493349e+00
1.492879003427812e-04	1.000000e+00	1.500000e+00	-2.493349e+00
1.500010000000000e-04	1.000000e+00	1.500000e+00	-2.493349e+00
1.500020000000000e-04	-1.000000e+00	-1.500000e+00	-2.493722e+00
1.500179999999998e-04	-1.000000e+00	-1.500000e+00	-2.547116e+00
1.500230511171069e-04	-1.000000e+00	-1.500000e+00	-2.569302e+00
1.500278524690733e-04	-1.000000e+00	-1.500000e+00	-2.579715e+00
1.500310340537644e-04	-1.000000e+00	-1.500000e+00	-2.583626e+00
1.500348909497075e-04	-1.000000e+00	-1.500000e+00	-2.586631e+00
1.500393828516726e-04	-1.000000e+00	-1.500000e+00	-2.588614e+00
1.500457812689850e-04	-1.000000e+00	-1.500000e+00	-2.589816e+00
1.500585781036097e-04	-1.000000e+00	-1.500000e+00	-2.589470e+00
1.500782511071854e-04	-1.000000e+00	-1.500000e+00	-2.585835e+00
1.501098597597601e-04	-1.000000e+00	-1.500000e+00	-2.576731e+00
1.501589369525779e-04	-1.000000e+00	-1.500000e+00	-2.558062e+00
1.502570913382134e-04	-1.000000e+00	-1.500000e+00	-2.513016e+00
1.504534001094844e-04	-1.000000e+00	-1.500000e+00	-2.415562e+00
1.507839514996978e-04	-1.000000e+00	-1.500000e+00	-2.250717e+00
1.514450542801246e-04	-1.000000e+00	-1.500000e+00	-1.921463e+00
1.518890250280601e-04	-1.000000e+00	-1.500000e+00	-1.775558e+00
1.523255560602277e-04	-1.000000e+00	-1.500000e+00	-1.757668e+00
1.525482640590252e-04	-1.000000e+00	-1.500000e+00	-1.765242e+00
1.528448442063063e-04	-1.000000e+00	-1.500000e+00	-1.763335e+00
1.533224941439162e-04	-1.000000e+00	-1.500000e+00	-1.763582e+00
1.538996649205313e-04	-1.000000e+00	-1.500000e+00	-1.763293e+00
1.547677100207811e-04	-1.000000e+00	-1.500000e+00	-1.762847e+00
1.557442725207811e-04	-1.000000e+00	-1.500000e+00	-1.762617e+00
1.567208350207811e-04	-1.000000e+00	-1.500000e+00	-1.762029e+00
1.568429053332811e-04	-1.000000e+00	-1.500000e+00	-1.762085e+00
1.570870459582811e-04	-1.000000e+00	-1.500000e+00	-1.762003e+00
1.575753272082811e-04	-1.000000e+00	-1.500000e+00	-1.761775e+00
1.576136074376471e-04	-1.000000e+00	-1.500000e+00	-1.757908e+00
1.576901678963792e-04	-1.000000e+00	-1.500000e+00	-1.741694e+00
1.578432888138435e-04	-1.000000e+00	-1.500000e+00	-1.676659e+00
1.579982624920210e-04	-1.000000e+00	-1.500000e+00	-1.597535e+00
1.584647798500870e-04	-1.000000e+00	-1.500000e+00	-1.365417e+00
1.590047878102907e-04	-1.000000e+00	-1.500000e+00	-1.096503e+00
1.599813503102907e-04	-1.000000e+00	-1.500000e+00	-6.101963e-01
1.609579128102907e-04	-1.000000e+00	-1.500000e+00	-1.240002e-01
1.619344753102907e-04	-1.000000e+00	-1.500000e+00	3.621245e-01
1.629110378102907e-04	-1.000000e+00	-1.500000e+00	8.481553e-01
1.638876003102907e-04	-1.000000e+00	-1.500000e+00	1.334103e+00
1.648641628102907e-04	-1.000000e+00	-1.500000e+00	1.819965e+00
1.658407253102907e-04	-1.000000e+00	-1.500000e+00	2.305738e+00
1.663672473379308e-04	-1.000000e+00	-1.500000e+00	2.485697e+00
1.665611201203267e-04	-1.000000e+00	-1.500000e+00	2.506000e+00
1.667501661340842e-04	-1.000000e+00	-1.500000e+00	2.507386e+00
1.668200214272882e-04	-1.000000e+00	-1.500000e+00	2.506984e+00
1.669261244415160e-04	-1.000000e+00	-1.500000e+00	2.506725e+00
1.670439538740402e-04	-1.000000e+00	-1.500000e+00	2.506534e+00
1.672459147199962e-04	-1.000000e+00	-1.500000e+00	2.506371e+00
1.676498364119083e-04	-1.000000e+00	-1.500000e+00	2.506293e+00
1.682721194112000e-04	-1.000000e+00	-1.500000e+00	2.506299e+00
1.691949973719396e-04	-1.000000e+00	-1.500000e+00	2.506298e+00
1.701715598719396e-04	-1.000000e+00	-1.500000e+00	2.506298e+00
1.711481223719396e-04	-1.000000e+00	-1.500000e+00	2.506298e+00
1.721246848719396e-04	-1.000000e+00	-1.500000e+00	2.506298e+00
1.731012473719396e-04	-1.000000e+00	-1.500000e+00	2.506298e+00
1.740778098719396e-04	-1.000000e+00	-1.500000e+00	2.506298e+00
1.750543723719396e-04	-1.000000e+00	-1.500000e+00	2.506298e+00
1.760309348719396e-04	-1.000000e+00	-1.500000e+00	2.506298e+00
1.770074973719396e-04	-1.000000e+00	-1.500000e+00	2.506298e+00
1.779840598719396e-04	-1.000000e+00	-1.500000e+00	2.506298e+00
1.789606223719396e-04	-1.000000e+00	-1.500000e+00	2.506298e+00
1.799371848719396e-04	-1.000000e+00	-1.500000e+00	2.506298e+00
1.809137473719396e-04	-1.000000e+00	-1.500000e+00	2.506298e+00
1.818903098719396e-04	-1.000000e+00	-1.500000e+00	2.506298e+00
1.828668723719396e-04	-1.000000e+00	-1.500000e+00	2.506298e+00
1.838434348719396e-04	-1.000000e+00	-1.500000e+00	2.506298e+00
1.848199973719396e-04	-1.000000e+00	-1.500000e+00	2.506298e+00
1.857965598719396e-04	-1.000000e+00	-1.500000e+00	2.506298e+00
1.867731223719396e-04	-1.000000e+00	-1.500000e+00	2.506298e+00
1.877496848719396e-04	-1.000000e+00	-1.500000e+00	2.506298e+00
1.887262473719396e-04	-1.000000e+00	-1.500000e+00	2.506298e+00
1.897028098719396e-04	-1.000000e+00	-1.500000e+00	2.506298e+00
1.906793723719396e-04	-1.000000e+00	-1.500000e+00	2.506298e+00
1.916559348719396e-04	-1.000000e+00	-1.500000e+00	2.506298e+00
1.926324973719396e-04	-1.000000e+00	-1.500000e+00	2.506298e+00
1.936090598719396e-04	-1.000000e+00	-1.500000e+00	2.506298e+00
2.000000000000000e-04	-1.000000e+00	-1.500000e+00	2.506298e+00
2.000010000000000e-04	1.000000e+00	1.500000e+00	2.506671e+00
2.000169999999998e-04	1.000000e+00	1.500000e+00	2.560065e+00
2.000217865280545e-04	1.000000e+00	1.500000e+00	2.581375e+00
2.000267213247696e-04	1.000000e+00	1.500000e+00	2.592444e+00
2.000299322598246e-04	1.000000e+00	1.500000e+00	2.596461e+00
2.000338046219647e-04	1.000000e+00	1.500000e+00	2.599523e+00
2.000384926701950e-04	1.000000e+00	1.500000e+00	2.601599e+00
2.000449528634422e-04	1.000000e+00	1.500000e+00	2.602781e+00
2.000578732499368e-04	1.000000e+00	1.500000e+00	2.602386e+00
2.000777766716266e-04	1.000000e+00	1.500000e+00	2.598665e+00
2.001097081282570e-04	1.000000e+00	1.500000e+00	2.589407e+00
2.001594191219137e-04	1.000000e+00	1.500000e+00	2.570409e+00
2.002588411092272e-04	1.000000e+00	1.500000e+00	2.524676e+00
2.004576850838540e-04	1.000000e+00	1.500000e+00	2.425969e+00
2.007914252608386e-04	1.000000e+00	1.500000e+00	2.259642e+00
2.014589056148079e-04	1.000000e+00	1.500000e+00	1.927389e+00
2.024354681148079e-04	1.000000e+00	1.500000e+00	1.441151e+00
2.033402764864522e-04	1.000000e+00	1.500000e+00	9.908435e-01
2.034623467989522e-04	1.000000e+00	1.500000e+00	9.300698e-01
2.041739391696210e-04	1.000000e+00	1.500000e+00	5.759280e-01
2.043631424889544e-04	1.000000e+00	1.500000e+00	5.028419e-01
2.045411986309338e-04	1.000000e+00	1.500000e+00	4.793198e-01
2.047318560852527e-04	1.000000e+00	1.500000e+00	4.821497e-01
2.049197391370932e-04	1.000000e+00	1.500000e+00	4.826329e-01
2.051279978372147e-04	1.000000e+00	1.500000e+00	4.820087e-01
2.055445152374578e-04	1.000000e+00	1.500000e+00	4.825118e-01
2.062621605964447e-04	1.000000e+00	1.500000e+00	4.822319e-01
2.070089045574225e-04	1.000000e+00	1.500000e+00	4.826146e-01
2.079854670574225e-04	1.000000e+00	1.500000e+00	4.824668e-01
2.089620295574225e-04	1.000000e+00	1.500000e+00	4.827963e-01
2.099816380272787e-04	1.000000e+00	1.500000e+00	4.827645e-01
2.100677299669912e-04	1.000000e+00	1.500000e+00	4.778968e-01
2.102399138464162e-04	1.000000e+00	1.500000e+00	4.256922e-01
2.104004380017697e-04	1.000000e+00	1.500000e+00	3.433068e-01
2.105704321002240e-04	1.000000e+00	1.500000e+00	2.572649e-01
2.107632190027664e-04	1.000000e+00	1.500000e+00	1.623421e-01
2.111487928078512e-04	1.000000e+00	1.500000e+00	-3.007935e-02
2.115704754328913e-04	1.000000e+00	1.500000e+00	-2.394620e-01
2.121599097814237e-04	1.000000e+00	1.500000e+00	-5.329796e-01
2.131364722814237e-04	1.000000e+00	1.500000e+00	-1.018469e+00
2.141130347814237e-04	1.000000e+00	1.500000e+00	-1.504320e+00
2.150895972814237e-04	1.000000e+00	1.500000e+00	-1.989703e+00
2.160661597814237e-04	1.000000e+00	1.500000e+00	-2.394216e+00
2.165486505012196e-04	1.000000e+00	1.500000e+00	-2.492116e+00
2.167334114223787e-04	1.000000e+00	1.500000e+00	-2.498250e+00
2.168574476853307e-04	1.000000e+00	1.500000e+00	-2.496635e+00
2.169385189416855e-04	1.000000e+00	1.500000e+00	-2.495571e+00
2.170449491201885e-04	1.000000e+00	1.500000e+00	-2.494663e+00
2.172127916336672e-04	1.000000e+00	1.500000e+00	-2.493867e+00
2.174455882708874e-04	1.000000e+00	1.500000e+00	-2.493464e+00
2.178108116707673e-04	1.000000e+00	1.500000e+00	-2.493346e+00
2.181798339083885e-04	1.000000e+00	1.500000e+00	-2.493350e+00
2.188773402849502e-04	1.000000e+00	1.500000e+00	-2.493350e+00
2.198539027849502e-04	1.000000e+00	1.500000e+00	-2.493350e+00
2.208304652849502e-04	1.000000e+00	1.500000e+00	-2.493350e+00
2.218070277849502e-04	1.000000e+00	1.500000e+00	-2.493350e+00
2.227835902849502e-04	1.000000e+00	1.500000e+00	-2.493350e+00
2.237601527849502e-04	1.000000e+00	1.500000e+00	-2.493350e+00
2.247367152849502e-04	1.000000e+00	1.500000e+00	-2.493350e+00
2.257132777849502e-04	1.000000e+00	1.500000e+00	-2.493350e+00
2.266898402849502e-04	1.000000e+00	1.500000e+00	-2.493350e+00
2.276664027849502e-04	1.000000e+00	1.500000e+00	-2.493350e+00
2.286429652849502e-04	1.000000e+00	1.500000e+00	-2.493350e+00
2.296195277849502e-04	1.000000e+00	1.500000e+00	-2.493350e+00
2.305960902849502e-04	1.000000e+00	1.500000e+00	-2.493350e+00
2.315726527849502e-04	1.000000e+00	1.500000e+00	-2.493350e+00
2.325492152849502e-04	1.000000e+00	1.500000e+00	-2.493350e+00
2.335257777849502e-04	1.000000e+00	1.500000e+00	-2.493350e+00
2.345023402849502e-04	1.000000e+00	1.500000e+00	-2.493351e+00
2.354789027849502e-04	1.000000e+00	1.500000e+00	-2.493351e+00
2.364554652849502e-04	1.000000e+00	1.500000e+00	-2.493351e+00
2.374320277849502e-04	1.000000e+00	1.500000e+00	-2.493351e+00
2.384085902849502e-04	1.000000e+00	1.500000e+00	-2.493351e+00
2.393851527849502e-04	1.000000e+00	1.500000e+00	-2.493351e+00
2.403617152849502e-04	1.000000e+00	1.500000e+00	-2.493351e+00
2.413382777849502e-04	1.000000e+00	1.500000e+00	-2.493351e+00
2.423148402849502e-04	1.000000e+00	1.500000e+00	-2.493351e+00
2.432914027849502e-04	1.000000e+00	1.500000e+00	-2.493351e+00
2.442679652849502e-04	1.000000e+00	1.500000e+00	-2.493351e+00
2.452445277849502e-04	1.000000e+00	1.500000e+00	-2.493351e+00
2.462210902849502e-04	1.000000e+00	1.500000e+00	-2.493351e+00
2.471976527849502e-04	1.000000e+00	1.500000e+00	-2.493351e+00
2.481742152849502e-04	1.000000e+00	1.500000e+00	-2.493351e+00
2.491507777849502e-04	1.000000e+00	1.500000e+00	-2.493351e+00
2.500010000000000e-04	1.000000e+00	1.500000e+00	-2.493351e+00
2.500020000000000e-04	-1.000000e+00	-1.500000e+00	-2.493724e+00
2.500180000000002e-04	-1.000000e+00	-1.500000e+00	-2.547117e+00
2.500232271231276e-04	-1.000000e+00	-1.500000e+00	-2.569874e+00
2.500279577860423e-04	-1.000000e+00	-1.500000e+00	-2.579895e+00
2.500311325083753e-04	-1.000000e+00	-1.500000e+00	-2.583737e+00
2.500349926034883e-04	-1.000000e+00	-1.500000e+00	-2.586700e+00
2.500393878659176e-04	-1.000000e+00	-1.500000e+00	-2.588619e+00
2.500457717800471e-04	-1.000000e+00	-1.500000e+00	-2.589818e+00
2.500585396083060e-04	-1.000000e+00	-1.500000e+00	-2.589475e+00
2.500781048768980e-04	-1.000000e+00	-1.500000e+00	-2.585871e+00
2.501097642206217e-04	-1.000000e+00	-1.500000e+00	-2.576765e+00
2.501587069872094e-04	-1.000000e+00	-1.500000e+00	-2.558160e+00
2.502565925203847e-04	-1.000000e+00	-1.500000e+00	-2.513259e+00
2.504523635867354e-04	-1.000000e+00	-1.500000e+00	-2.416084e+00
2.507826710922896e-04	-1.000000e+00	-1.500000e+00	-2.251359e+00
2.514432861033978e-04	-1.000000e+00	-1.500000e+00	-1.922353e+00
2.518871082143304e-04	-1.000000e+00	-1.500000e+00	-1.776488e+00
2.523234454639733e-04	-1.000000e+00	-1.500000e+00	-1.758598e+00
2.525460793723072e-04	-1.000000e+00	-1.500000e+00	-1.766171e+00
2.528426590362148e-04	-1.000000e+00	-1.500000e+00	-1.764267e+00
2.533204102356149e-04	-1.000000e+00	-1.500000e+00	-1.764516e+00
2.538977200574784e-04	-1.000000e+00	-1.500000e+00	-1.764229e+00
2.547655800728317e-04	-1.000000e+00	-1.500000e+00	-1.763787e+00
2.557421425728317e-04	-1.000000e+00	-1.500000e+00	-1.763561e+00
2.567187050728317e-04	-1.000000e+00	-1.500000e+00	-1.762978e+00
2.568407753853317e-04	-1.000000e+00	-1.500000e+00	-1.763034e+00
2.570849160103316e-04	-1.000000e+00	-1.500000e+00	-1.762953e+00
2.575731972603316e-04	-1.000000e+00	-1.500000e+00	-1.762727e+00
2.576115487102992e-04	-1.000000e+00	-1.500000e+00	-1.758845e+00
2.576882516102345e-04	-1.000000e+00	-1.500000e+00	-1.742576e+00
2.578416574101050e-04	-1.000000e+00	-1.500000e+00	-1.677370e+00
2.579964248541757e-04	-1.000000e+00	-1.500000e+00	-1.598342e+00
2.584639018629347e-04	-1.000000e+00	-1.500000e+00	-1.365749e+00
2.590048384795260e-04	-1.000000e+00	-1.500000e+00	-1.096376e+00
2.599814009795260e-04	-1.000000e+00	-1.500000e+00	-6.100730e-01
2.609579634795260e-04	-1.000000e+00	-1.500000e+00	-1.238820e-01
2.619345259795260e-04	-1.000000e+00	-1.500000e+00	3.622389e-01
2.629110884795260e-04	-1.000000e+00	-1.500000e+00	8.482647e-01
2.638876509795260e-04	-1.000000e+00	-1.500000e+00	1.334208e+00
2.648642134795260e-04	-1.000000e+00	-1.500000e+00	1.820066e+00
2.658407759795260e-04	-1.000000e+00	-1.500000e+00	2.305835e+00
2.663672387331357e-04	-1.000000e+00	-1.500000e+00	2.485746e+00
2.665610239237396e-04	-1.000000e+00	-1.500000e+00	2.506023e+00
2.667499831507306e-04	-1.000000e+00	-1.500000e+00	2.507396e+00
2.668198131552162e-04	-1.000000e+00	-1.500000e+00	2.506990e+00
2.669258794866425e-04	-1.000000e+00	-1.500000e+00	2.506728e+00
2.670436740118081e-04	-1.000000e+00	-1.500000e+00	2.506535e+00
2.672454624985915e-04	-1.000000e+00	-1.500000e+00	2.506371e+00
2.676490394721584e-04	-1.000000e+00	-1.500000e+00	2.506292e+00
2.682677114843494e-04	-1.000000e+00	-1.500000e+00	2.506297e+00
2.691868378065892e-04	-1.000000e+00	-1.500000e+00	2.506296e+00
2.701634003065892e-04	-1.000000e+00	-1.500000e+00	2.506297e+00
2.711399628065892e-04	-1.000000e+00	-1.500000e+00	2.506296e+00
2.721165253065892e-04	-1.000000e+00	-1.500000e+00	2.506296e+00
2.730930878065892e-04	-1.000000e+00	-1.500000e+00	2.506296e+00
2.740696503065892e-04	-1.000000e+00	-1.500000e+00	2.506296e+00
2.750462128065892e-04	-1.000000e+00	-1.500000e+00	2.506296e+00
2.760227753065892e-04	-1.000000e+00	-1.500000e+00	2.506296e+00
2.769993378065892e-04	-1.000000e+00	-1.500000e+00	2.506296e+00
2.779759003065892e-04	-1.000000e+00	-1.500000e+00	2.506296e+00
2.789524628065892e-04	-1.000000e+00	-1.500000e+00	2.506296e+00
2.799290253065892e-04	-1.000000e+00	-1.500000e+00	2.506296e+00
2.809055878065892e-04	-1.000000e+00	-1.500000e+00	2.506296e+00
2.818821503065892e-04	-1.000000e+00	-1.500000e+00	2.506296e+00
2.828587128065892e-04	-1.000000e+00	-1.500000e+00	2.506296e+00
2.838352753065892e-04	-1.000000e+00	-1.500000e+00	2.506296e+00
2.848118378065892e-04	-1.000000e+00	-1.500000e+00	2.506296e+00
2.857884003065892e-04	-1.000000e+00	-1.500000e+00	2.506296e+00
2.867649628065892e-04	-1.000000e+00	-1.500000e+00	2.506296e+00
2.877415253065892e-04	-1.000000e+00	-1.500000e+00	2.506296e+00
2.887180878065892e-04	-1.000000e+00	-1.500000e+00	2.506296e+00
2.896946503065892e-04	-1.000000e+00	-1.500000e+00	2.506296e+00
2.906712128065892e-04	-1.000000e+00	-1.500000e+00	2.506296e+00
2.916477753065892e-04	-1.000000e+00	-1.500000e+00	2.506296e+00
2.926243378065892e-04	-1.000000e+00	-1.500000e+00	2.506296e+00
2.936009003065892e-04	-1.000000e+00	-1.500000e+00	2.506296e+00
3.000000000000000e-04	-1.000000e+00	-1.500000e+00	2.506296e+00
3.000010000000000e-04	1.000000e+00	1.500000e+00	2.506669e+00
3.000170000000002e-04	1.000000e+00	1.500000e+00	2.560063e+00
3.000217996398674e-04	1.000000e+00	1.500000e+00	2.581417e+00
3.000267284085973e-04	1.000000e+00	1.500000e+00	2.592454e+00
3.000299386000952e-04	1.000000e+00	1.500000e+00	2.596467e+00
3.000338110818896e-04	1.000000e+00	1.500000e+00	2.599525e+00
3.000384902282328e-04	1.000000e+00	1.500000e+00	2.601596e+00
3.000449484451332e-04	1.000000e+00	1.500000e+00	2.602779e+00
3.000578648789341e-04	1.000000e+00	1.500000e+00	2.602386e+00
3.000777578040671e-04	1.000000e+00	1.500000e+00	2.598667e+00
3.001096861122592e-04	1.000000e+00	1.500000e+00	2.589413e+00
3.001593782459261e-04	1.000000e+00	1.500000e+00	2.570424e+00
3.002587625132599e-04	1.000000e+00	1.500000e+00	2.524712e+00
3.004575310479274e-04	1.000000e+00	1.500000e+00	2.426043e+00
3.007912080108528e-04	1.000000e+00	1.500000e+00	2.259746e+00
3.014585619367035e-04	1.000000e+00	1.500000e+00	1.927553e+00
3.024351244367035e-04	1.000000e+00	1.500000e+00	1.441310e+00
3.033412809965692e-04	1.000000e+00	1.500000e+00	9.903277e-01
3.034633513090692e-04	1.000000e+00	1.500000e+00	9.295533e-01
3.041151595011081e-04	1.000000e+00	1.500000e+00	6.051587e-01
3.043437616400563e-04	1.000000e+00	1.500000e+00	5.200229e-01
3.045422988110553e-04	1.000000e+00	1.500000e+00	4.980161e-01
3.047517556407719e-04	1.000000e+00	1.500000e+00	5.019954e-01
3.049563025804292e-04	1.000000e+00	1.500000e+00	5.019488e-01
3.051751770863935e-04	1.000000e+00	1.500000e+00	5.014471e-01
3.056129260983221e-04	1.000000e+00	1.500000e+00	5.019466e-01
3.063287007605718e-04	1.000000e+00	1.500000e+00	5.016438e-01
3.071343862618855e-04	1.000000e+00	1.500000e+00	5.020498e-01
3.081109487618855e-04	1.000000e+00	1.500000e+00	5.018678e-01
3.090875112618855e-04	1.000000e+00	1.500000e+00	5.022157e-01
3.092095815743855e-04	1.000000e+00	1.500000e+00	5.021372e-01
3.094537221993855e-04	1.000000e+00	1.500000e+00	5.021221e-01
3.099420034493855e-04	1.000000e+00	1.500000e+00	5.021986e-01
3.099642879713426e-04	1.000000e+00	1.500000e+00	5.010376e-01
3.100088570152568e-04	1.000000e+00	1.500000e+00	4.955956e-01
3.100979951030853e-04	1.000000e+00	1.500000e+00	4.678890e-01
3.102410627727033e-04	1.000000e+00	1.500000e+00	4.006673e-01
3.103926383266328e-04	1.000000e+00	1.500000e+00	3.244903e-01
3.105975328707467e-04	1.000000e+00	1.500000e+00	2.227153e-01
3.109799230833241e-04	1.000000e+00	1.500000e+00	3.238205e-02
3.115558925839709e-04	1.000000e+00	1.500000e+00	-2.541247e-01
3.120791225008968e-04	1.000000e+00	1.500000e+00	-5.144444e-01
3.130556850008968e-04	1.000000e+00	1.500000e+00	-1.000160e+00
3.150088100008968e-04	1.000000e+00	1.500000e+00	-1.971382e+00
3.159853725008968e-04	1.000000e+00	1.500000e+00	-2.385859e+00
3.164753523312589e-04	1.000000e+00	1.500000e+00	-2.492409e+00
3.166531187163340e-04	1.000000e+00	1.500000e+00	-2.498956e+00
3.167813793587301e-04	1.000000e+00	1.500000e+00	-2.497159e+00
3.168581737302627e-04	1.000000e+00	1.500000e+00	-2.495988e+00
3.169618404306897e-04	1.000000e+00	1.500000e+00	-2.494942e+00
3.171169565303029e-04	1.000000e+00	1.500000e+00	-2.494037e+00
3.173624984032665e-04	1.000000e+00	1.500000e+00	-2.493488e+00
3.176661093059485e-04	1.000000e+00	1.500000e+00	-2.493360e+00
3.180471785593821e-04	1.000000e+00	1.500000e+00	-2.493351e+00
3.185940705699271e-04	1.000000e+00	1.500000e+00	-2.493351e+00
3.195706330699271e-04	1.000000e+00	1.500000e+00	-2.493351e+00
3.205471955699271e-04	1.000000e+00	1.500000e+00	-2.493351e+00
3.215237580699271e-04	1.000000e+00	1.500000e+00	-2.493351e+00
3.225003205699271e-04	1.000000e+00	1.500000e+00	-2.493351e+00
3.234768830699271e-04	1.000000e+00	1.500000e+00	-2.493352e+00
3.244534455699271e-04	1.000000e+00	1.500000e+00	-2.493351e+00
3.254300080699271e-04	1.000000e+00	1.500000e+00	-2.493352e+00
3.264065705699271e-04	1.000000e+00	1.500000e+00	-2.493352e+00
3.273831330699271e-04	1.000000e+00	1.500000e+00	-2.493352e+00
3.283596955699271e-04	1.000000e+00	1.500000e+00	-2.493352e+00
3.293362580699271e-04	1.000000e+00	1.500000e+00	-2.493352e+00
3.303128205699271e-04	1.000000e+00	1.500000e+00	-2.493352e+00
3.312893830699271e-04	1.000000e+00	1.500000e+00	-2.493352e+00
3.322659455699271e-04	1.000000e+00	1.500000e+00	-2.493352e+00
3.332425080699271e-04	1.000000e+00	1.500000e+00	-2.493352e+00
3.342190705699271e-04	1.000000e+00	1.500000e+00	-2.493352e+00
3.351956330699271e-04	1.000000e+00	1.500000e+00	-2.493352e+00
3.361721955699271e-04	1.000000e+00	1.500000e+00	-2.493352e+00
3.371487580699271e-04	1.000000e+00	1.500000e+00	-2.493352e+00
3.381253205699271e-04	1.000000e+00	1.500000e+00	-2.493352e+00
3.391018830699272e-04	1.000000e+00	1.500000e+00	-2.493352e+00
3.400784455699272e-04	1.000000e+00	1.500000e+00	-2.493352e+00
3.410550080699272e-04	1.000000e+00	1.500000e+00	-2.493352e+00
3.420315705699272e-04	1.000000e+00	1.500000e+00	-2.493352e+00
3.430081330699272e-04	1.000000e+00	1.500000e+00	-2.493352e+00
3.439846955699272e-04	1.000000e+00	1.500000e+00	-2.493352e+00
3.449612580699272e-04	1.000000e+00	1.500000e+00	-2.493352e+00
3.459378205699272e-04	1.000000e+00	1.500000e+00	-2.493352e+00
3.469143830699272e-04	1.000000e+00	1.500000e+00	-2.493352e+00
3.478909455699272e-04	1.000000e+00	1.500000e+00	-2.493352e+00
3.488675080699272e-04	1.000000e+00	1.500000e+00	-2.493352e+00
3.498440705699272e-04	1.000000e+00	1.500000e+00	-2.493352e+00
3.500010000000000e-04	1.000000e+00	1.500000e+00	-2.493352e+00
3.500020000000000e-04	-1.000000e+00	-1.500000e+00	-2.493725e+00
3.500180000000002e-04	-1.000000e+00	-1.500000e+00	-2.547119e+00
3.500219853760915e-04	-1.000000e+00	-1.500000e+00	-2.565626e+00
3.500273387588273e-04	-1.000000e+00	-1.500000e+00	-2.578876e+00
3.500306008352688e-04	-1.000000e+00	-1.500000e+00	-2.583164e+00
3.500344575427101e-04	-1.000000e+00	-1.500000e+00	-2.586357e+00
3.500398408389504e-04	-1.000000e+00	-1.500000e+00	-2.588771e+00
3.500464870495977e-04	-1.000000e+00	-1.500000e+00	-2.589881e+00
3.500597794708921e-04	-1.000000e+00	-1.500000e+00	-2.589329e+00
3.500805152438540e-04	-1.000000e+00	-1.500000e+00	-2.585297e+00
3.501130330194011e-04	-1.000000e+00	-1.500000e+00	-2.575668e+00
3.501644745130202e-04	-1.000000e+00	-1.500000e+00	-2.555727e+00
3.502673575002585e-04	-1.000000e+00	-1.500000e+00	-2.508029e+00
3.504731234747351e-04	-1.000000e+00	-1.500000e+00	-2.405706e+00
3.508129147285536e-04	-1.000000e+00	-1.500000e+00	-2.236314e+00
3.514924972361906e-04	-1.000000e+00	-1.500000e+00	-1.897833e+00
3.519420988347903e-04	-1.000000e+00	-1.500000e+00	-1.750437e+00
3.523859393027880e-04	-1.000000e+00	-1.500000e+00	-1.732644e+00
3.526106695068271e-04	-1.000000e+00	-1.500000e+00	-1.740266e+00
3.529076374376241e-04	-1.000000e+00	-1.500000e+00	-1.738311e+00
3.533809735823033e-04	-1.000000e+00	-1.500000e+00	-1.738591e+00
3.539485366095178e-04	-1.000000e+00	-1.500000e+00	-1.738302e+00
3.548246855712910e-04	-1.000000e+00	-1.500000e+00	-1.737872e+00
3.558012480712910e-04	-1.000000e+00	-1.500000e+00	-1.737648e+00
3.567778105712910e-04	-1.000000e+00	-1.500000e+00	-1.737079e+00
3.568998808837910e-04	-1.000000e+00	-1.500000e+00	-1.737135e+00
3.571440215087909e-04	-1.000000e+00	-1.500000e+00	-1.737055e+00
3.576323027587909e-04	-1.000000e+00	-1.500000e+00	-1.736834e+00
3.576687175479283e-04	-1.000000e+00	-1.500000e+00	-1.733354e+00
3.577415471262030e-04	-1.000000e+00	-1.500000e+00	-1.718592e+00
3.578872062827525e-04	-1.000000e+00	-1.500000e+00	-1.658028e+00
3.580359073183196e-04	-1.000000e+00	-1.500000e+00	-1.582328e+00
3.582256985628989e-04	-1.000000e+00	-1.500000e+00	-1.487976e+00
3.584753522661061e-04	-1.000000e+00	-1.500000e+00	-1.363619e+00
3.589746596725205e-04	-1.000000e+00	-1.500000e+00	-1.114944e+00
3.599512221725205e-04	-1.000000e+00	-1.500000e+00	-6.286687e-01
3.609277846725205e-04	-1.000000e+00	-1.500000e+00	-1.424570e-01
3.619043471725205e-04	-1.000000e+00	-1.500000e+00	3.436452e-01
3.628809096725205e-04	-1.000000e+00	-1.500000e+00	8.296844e-01
3.638574721725205e-04	-1.000000e+00	-1.500000e+00	1.315615e+00
3.648340346725205e-04	-1.000000e+00	-1.500000e+00	1.801481e+00
3.658105971725205e-04	-1.000000e+00	-1.500000e+00	2.287242e+00
3.663483086092566e-04	-1.000000e+00	-1.500000e+00	2.476056e+00
3.665595812780796e-04	-1.000000e+00	-1.500000e+00	2.501780e+00
3.667659870366600e-04	-1.000000e+00	-1.500000e+00	2.505760e+00
3.668396739498428e-04	-1.000000e+00	-1.500000e+00	2.505863e+00
3.669538582296125e-04	-1.000000e+00	-1.500000e+00	2.506103e+00
3.670757473282492e-04	-1.000000e+00	-1.500000e+00	2.506210e+00
3.673195255255226e-04	-1.000000e+00	-1.500000e+00	2.506284e+00
3.677280614519794e-04	-1.000000e+00	-1.500000e+00	2.506296e+00
3.685054941131487e-04	-1.000000e+00	-1.500000e+00	2.506294e+00
3.694820566131487e-04	-1.000000e+00	-1.500000e+00	2.506295e+00
3.704586191131487e-04	-1.000000e+00	-1.500000e+00	2.506295e+00
3.714351816131487e-04	-1.000000e+00	-1.500000e+00	2.506295e+00
3.724117441131487e-04	-1.000000e+00	-1.500000e+00	2.506295e+00
3.733883066131487e-04	-1.000000e+00	-1.500000e+00	2.506295e+00
3.743648691131487e-04	-1.000000e+00	-1.500000e+00	2.506295e+00
3.753414316131487e-04	-1.000000e+00	-1.500000e+00	2.506295e+00
3.763179941131487e-04	-1.000000e+00	-1.500000e+00	2.506295e+00
3.772945566131487e-04	-1.000000e+00	-1.500000e+00	2.506295e+00
3.782711191131487e-04	-1.000000e+00	-1.500000e+00	2.506295e+00
3.792476816131487e-04	-1.000000e+00	-1.500000e+00	2.506295e+00
3.802242441131487e-04	-1.000000e+00	-1.500000e+00	2.506295e+00
3.812008066131487e-04	-1.000000e+00	-1.500000e+00	2.506295e+00
3.821773691131487e-04	-1.000000e+00	-1.500000e+00	2.506295e+00
3.831539316131487e-04	-1.000000e+00	-1.500000e+00	2.506295e+00
3.841304941131487e-04	-1.000000e+00	-1.500000e+00	2.506295e+00
3.851070566131487e-04	-1.000000e+00	-1.500000e+00	2.506295e+00
3.860836191131487e-04	-1.000000e+00	-1.500000e+00	2.506295e+00
3.870601816131487e-04	-1.000000e+00	-1.500000e+00	2.506295e+00
3.880367441131487e-04	-1.000000e+00	-1.500000e+00	2.506295e+00
3.890133066131487e-04	-1.000000e+00	-1.500000e+00	2.506295e+00
3.899898691131487e-04	-1.000000e+00	-1.500000e+00	2.506295e+00
3.909664316131487e-04	-1.000000e+00	-1.500000e+00	2.506295e+00
3.919429941131487e-04	-1.000000e+00	-1.500000e+00	2.506295e+00
3.929195566131487e-04	-1.000000e+00	-1.500000e+00	2.506295e+00
3.938961191131487e-04	-1.000000e+00	-1.500000e+00	2.506295e+00
3.948726816131487e-04	-1.000000e+00	-1.500000e+00	2.506295e+00
3.958492441131487e-04	-1.000000e+00	-1.500000e+00	2.506295e+00
3.968258066131487e-04	-1.000000e+00	-1.500000e+00	2.506295e+00
3.978023691131487e-04	-1.000000e+00	-1.500000e+00	2.506295e+00
3.987789316131487e-04	-1.000000e+00	-1.500000e+00	2.506295e+00
3.997554941131487e-04	-1.000000e+00	-1.500000e+00	2.506295e+00
4.000000000000000e-04	-1.000000e+00	-1.500000e+00	2.506295e+00
4.000010000000000e-04	1.000000e+00	1.500000e+00	2.506668e+00
4.000170000000002e-04	1.000000e+00	1.500000e+00	2.560061e+00
4.000212237361202e-04	1.000000e+00	1.500000e+00	2.579427e+00
4.000264500922657e-04	1.000000e+00	1.500000e+00	2.591996e+00
4.000297033068277e-04	1.000000e+00	1.500000e+00	2.596213e+00
4.000335754958730e-04	1.000000e+00	1.500000e+00	2.599374e+00
4.000387298620625e-04	1.000000e+00	1.500000e+00	2.601675e+00
4.000453187973046e-04	1.000000e+00	1.500000e+00	2.602810e+00
4.000584966677888e-04	1.000000e+00	1.500000e+00	2.602309e+00
4.000789647830768e-04	1.000000e+00	1.500000e+00	2.598377e+00
4.001113617936317e-04	1.000000e+00	1.500000e+00	2.588848e+00
4.001623137527760e-04	1.000000e+00	1.500000e+00	2.569183e+00
4.002642176710645e-04	1.000000e+00	1.500000e+00	2.522059e+00
4.004680255076415e-04	1.000000e+00	1.500000e+00	2.420795e+00
4.008066022487981e-04	1.000000e+00	1.500000e+00	2.252085e+00
4.014837557311111e-04	1.000000e+00	1.500000e+00	1.914995e+00
4.023587525476146e-04	1.000000e+00	1.500000e+00	1.479322e+00
4.032592699753434e-04	1.000000e+00	1.500000e+00	1.031126e+00
4.033813402878434e-04	1.000000e+00	1.500000e+00	9.703535e-01
4.040222094284684e-04	1.000000e+00	1.500000e+00	6.513973e-01
4.041481071883869e-04	1.000000e+00	1.500000e+00	5.990515e-01
4.042920578084144e-04	1.000000e+00	1.500000e+00	5.727863e-01
4.044394059511494e-04	1.000000e+00	1.500000e+00	5.725695e-01
4.045639457172792e-04	1.000000e+00	1.500000e+00	5.737808e-01
4.047201691387344e-04	1.000000e+00	1.500000e+00	5.733327e-01
4.050326159816448e-04	1.000000e+00	1.500000e+00	5.735431e-01
4.098385618805053e-04	1.000000e+00	1.500000e+00	5.738937e-01
4.098983603176201e-04	1.000000e+00	1.500000e+00	5.716241e-01
4.100179571918497e-04	1.000000e+00	1.500000e+00	5.432331e-01
4.101289808680696e-04	1.000000e+00	1.500000e+00	4.920078e-01
4.102750345123751e-04	1.000000e+00	1.500000e+00	4.179357e-01
4.104355374534650e-04	1.000000e+00	1.500000e+00	3.384646e-01
4.107565433356447e-04	1.000000e+00	1.500000e+00	1.785905e-01
4.113424321841664e-04	1.000000e+00	1.500000e+00	-1.128216e-01
4.119312631708218e-04	1.000000e+00	1.500000e+00	-4.058286e-01
4.125627232828019e-04	1.000000e+00	1.500000e+00	-7.198877e-01
4.135392857828019e-04	1.000000e+00	1.500000e+00	-1.205635e+00
4.145158482828019e-04	1.000000e+00	1.500000e+00	-1.691221e+00
4.154924107828019e-04	1.000000e+00	1.500000e+00	-2.176784e+00
4.161031643325451e-04	1.000000e+00	1.500000e+00	-2.418298e+00
4.164054716309898e-04	1.000000e+00	1.500000e+00	-2.477874e+00
4.167050557460571e-04	1.000000e+00	1.500000e+00	-2.493145e+00
4.167868829293197e-04	1.000000e+00	1.500000e+00	-2.493229e+00
4.168803421199824e-04	1.000000e+00	1.500000e+00	-2.493258e+00
4.169961695814768e-04	1.000000e+00	1.500000e+00	-2.493296e+00
4.172278245044656e-04	1.000000e+00	1.500000e+00	-2.493337e+00
4.176911343504432e-04	1.000000e+00	1.500000e+00	-2.493355e+00
4.186177540423985e-04	1.000000e+00	1.500000e+00	-2.493352e+00
4.195943165423985e-04	1.000000e+00	1.500000e+00	-2.493353e+00
4.205708790423985e-04	1.000000e+00	1.500000e+00	-2.493353e+00
4.215474415423985e-04	1.000000e+00	1.500000e+00	-2.493353e+00
4.225240040423985e-04	1.000000e+00	1.500000e+00	-2.493353e+00
4.235005665423985e-04	1.000000e+00	1.500000e+00	-2.493353e+00
4.244771290423985e-04	1.000000e+00	1.500000e+00	-2.493353e+00
4.254536915423985e-04	1.000000e+00	1.500000e+00	-2.493353e+00
4.264302540423985e-04	1.000000e+00	1.500000e+00	-2.493353e+00
4.274068165423985e-04	1.000000e+00	1.500000e+00	-2.493353e+00
4.283833790423985e-04	1.000000e+00	1.500000e+00	-2.493353e+00
4.293599415423985e-04	1.000000e+00	1.500000e+00	-2.493353e+00
4.303365040423985e-04	1.000000e+00	1.500000e+00	-2.493353e+00
4.313130665423985e-04	1.000000e+00	1.500000e+00	-2.493353e+00
4.322896290423985e-04	1.000000e+00	1.500000e+00	-2.493353e+00
4.332661915423985e-04	1.000000e+00	1.500000e+00	-2.493353e+00
4.342427540423985e-04	1.000000e+00	1.500000e+00	-2.493353e+00
4.352193165423985e-04	1.000000e+00	1.500000e+00	-2.493353e+00
4.361958790423985e-04	1.000000e+00	1.500000e+00	-2.493353e+00
4.371724415423985e-04	1.000000e+00	1.500000e+00	-2.493354e+00
4.381490040423985e-04	1.000000e+00	1.500000e+00	-2.493353e+00
4.391255665423985e-04	1.000000e+00	1.500000e+00	-2.493354e+00
4.401021290423985e-04	1.000000e+00	1.500000e+00	-2.493354e+00
4.410786915423985e-04	1.000000e+00	1.500000e+00	-2.493354e+00
4.420552540423985e-04	1.000000e+00	1.500000e+00	-2.493354e+00
4.430318165423985e-04	1.000000e+00	1.500000e+00	-2.493354e+00
4.440083790423985e-04	1.000000e+00	1.500000e+00	-2.493354e+00
4.449849415423985e-04	1.000000e+00	1.500000e+00	-2.493354e+00
4.459615040423985e-04	1.000000e+00	1.500000e+00	-2.493354e+00
4.469380665423985e-04	1.000000e+00	1.500000e+00	-2.493354e+00
4.479146290423985e-04	1.000000e+00	1.500000e+00	-2.493354e+00
4.488911915423985e-04	1.000000e+00	1.500000e+00	-2.493354e+00
4.498677540423985e-04	1.000000e+00	1.500000e+00	-2.493354e+00
4.500010000000000e-04	1.000000e+00	1.500000e+00	-2.493354e+00
4.500020000000000e-04	-1.000000e+00	-1.500000e+00	-2.493727e+00
4.500154822197520e-04	-1.000000e+00	-1.500000e+00	-2.539014e+00
4.500190208465677e-04	-1.000000e+00	-1.500000e+00	-2.556523e+00
4.500242182180116e-04	-1.000000e+00	-1.500000e+00	-2.572271e+00
4.500275526514952e-04	-1.000000e+00	-1.500000e+00	-2.578282e+00
4.500313703582421e-04	-1.000000e+00	-1.500000e+00	-2.582902e+00
4.500378150647744e-04	-1.000000e+00	-1.500000e+00	-2.587342e+00
4.500447917473783e-04	-1.000000e+00	-1.500000e+00	-2.589297e+00
4.500587451125860e-04	-1.000000e+00	-1.500000e+00	-2.589378e+00
4.500767228923779e-04	-1.000000e+00	-1.500000e+00	-2.586176e+00
4.501073807353822e-04	-1.000000e+00	-1.500000e+00	-2.577550e+00
4.501487775998118e-04	-1.000000e+00	-1.500000e+00	-2.562227e+00
4.502315713286709e-04	-1.000000e+00	-1.500000e+00	-2.525223e+00
4.503971587863892e-04	-1.000000e+00	-1.500000e+00	-2.443681e+00
4.507016761375166e-04	-1.000000e+00	-1.500000e+00	-2.291685e+00
4.513107108397713e-04	-1.000000e+00	-1.500000e+00	-1.988431e+00
4.513623150491636e-04	-1.000000e+00	-1.500000e+00	-1.962692e+00
4.516309038498657e-04	-1.000000e+00	-1.500000e+00	-1.828865e+00
4.517921264180145e-04	-1.000000e+00	-1.500000e+00	-1.764612e+00
4.519481843849065e-04	-1.000000e+00	-1.500000e+00	-1.740358e+00
4.521386999000594e-04	-1.000000e+00	-1.500000e+00	-1.741466e+00
4.523750119764930e-04	-1.000000e+00	-1.500000e+00	-1.742247e+00
4.526270140858735e-04	-1.000000e+00	-1.500000e+00	-1.741346e+00
4.531310183046343e-04	-1.000000e+00	-1.500000e+00	-1.741757e+00
4.538458410450489e-04	-1.000000e+00	-1.500000e+00	-1.740988e+00
4.546477104683381e-04	-1.000000e+00	-1.500000e+00	-1.741099e+00
4.556242729683381e-04	-1.000000e+00	-1.500000e+00	-1.740363e+00
4.566008354683381e-04	-1.000000e+00	-1.500000e+00	-1.740303e+00
4.567229057808381e-04	-1.000000e+00	-1.500000e+00	-1.740142e+00
4.569670464058381e-04	-1.000000e+00	-1.500000e+00	-1.739997e+00
4.574553276558381e-04	-1.000000e+00	-1.500000e+00	-1.739843e+00
4.574919268258759e-04	-1.000000e+00	-1.500000e+00	-1.736308e+00
4.575651251659517e-04	-1.000000e+00	-1.500000e+00	-1.721389e+00
4.577115218461031e-04	-1.000000e+00	-1.500000e+00	-1.660387e+00
4.578609643002883e-04	-1.000000e+00	-1.500000e+00	-1.584285e+00
4.580516026614779e-04	-1.000000e+00	-1.500000e+00	-1.489527e+00
4.583033616403159e-04	-1.000000e+00	-1.500000e+00	-1.364116e+00
4.588068795979919e-04	-1.000000e+00	-1.500000e+00	-1.113350e+00
4.597834420979919e-04	-1.000000e+00	-1.500000e+00	-6.270766e-01
4.607600045979919e-04	-1.000000e+00	-1.500000e+00	-1.408711e-01
4.617365670979919e-04	-1.000000e+00	-1.500000e+00	3.452281e-01
4.627131295979919e-04	-1.000000e+00	-1.500000e+00	8.312619e-01
4.636896920979919e-04	-1.000000e+00	-1.500000e+00	1.317189e+00
4.646662545979919e-04	-1.000000e+00	-1.500000e+00	1.803050e+00
4.656428170979919e-04	-1.000000e+00	-1.500000e+00	2.288807e+00
4.661795591702418e-04	-1.000000e+00	-1.500000e+00	2.476859e+00
4.663893498773656e-04	-1.000000e+00	-1.500000e+00	2.502105e+00
4.665942693059648e-04	-1.000000e+00	-1.500000e+00	2.505866e+00
4.666677170869423e-04	-1.000000e+00	-1.500000e+00	2.505933e+00
4.667811389285839e-04	-1.000000e+00	-1.500000e+00	2.506138e+00
4.669029239900689e-04	-1.000000e+00	-1.500000e+00	2.506227e+00
4.671464941130389e-04	-1.000000e+00	-1.500000e+00	2.506287e+00
4.675725118326459e-04	-1.000000e+00	-1.500000e+00	2.506294e+00
4.684023468400237e-04	-1.000000e+00	-1.500000e+00	2.506293e+00
4.693789093400237e-04	-1.000000e+00	-1.500000e+00	2.506294e+00
4.703554718400237e-04	-1.000000e+00	-1.500000e+00	2.506294e+00
4.713320343400237e-04	-1.000000e+00	-1.500000e+00	2.506294e+00
4.723085968400237e-04	-1.000000e+00	-1.500000e+00	2.506294e+00
4.732851593400237e-04	-1.000000e+00	-1.500000e+00	2.506294e+00
4.742617218400237e-04	-1.000000e+00	-1.500000e+00	2.506294e+00
4.752382843400237e-04	-1.000000e+00	-1.500000e+00	2.506294e+00
4.762148468400237e-04	-1.000000e+00	-1.500000e+00	2.506294e+00
4.771914093400237e-04	-1.000000e+00	-1.500000e+00	2.506294e+00
4.781679718400237e-04	-1.000000e+00	-1.500000e+00	2.506294e+00
4.791445343400237e-04	-1.000000e+00	-1.500000e+00	2.506294e+00
4.801210968400237e-04	-1.000000e+00	-1.500000e+00	2.506294e+00
4.810976593400237e-04	-1.000000e+00	-1.500000e+00	2.506294e+00
4.820742218400237e-04	-1.000000e+00	-1.500000e+00	2.506294e+00
4.830507843400237e-04	-1.000000e+00	-1.500000e+00	2.506294e+00
4.840273468400237e-04	-1.000000e+00	-1.500000e+00	2.506294e+00
4.850039093400237e-04	-1.000000e+00	-1.500000e+00	2.506294e+00
4.859804718400237e-04	-1.000000e+00	-1.500000e+00	2.506294e+00
4.869570343400237e-04	-1.000000e+00	-1.500000e+00	2.506294e+00
4.879335968400237e-04	-1.000000e+00	-1.500000e+00	2.506294e+00
4.889101593400237e-04	-1.000000e+00	-1.500000e+00	2.506294e+00
4.898867218400237e-04	-1.000000e+00	-1.500000e+00	2.506294e+00
4.908632843400237e-04	-1.000000e+00	-1.500000e+00	2.506294e+00
4.918398468400237e-04	-1.000000e+00	-1.500000e+00	2.506294e+00
4.928164093400237e-04	-1.000000e+00	-1.500000e+00	2.506294e+00
4.937929718400237e-04	-1.000000e+00	-1.500000e+00	2.506294e+00
4.947695343400237e-04	-1.000000e+00	-1.500000e+00	2.506294e+00
4.957460968400237e-04	-1.000000e+00	-1.500000e+00	2.506294e+00
4.967226593400237e-04	-1.000000e+00	-1.500000e+00	2.506294e+00
4.976992218400237e-04	-1.000000e+00	-1.500000e+00	2.506294e+00
4.986757843400237e-04	-1.000000e+00	-1.500000e+00	2.506294e+00
4.996523468400237e-04	-1.000000e+00	-1.500000e+00	2.506294e+00
5.000000000000000e-04	-1.000000e+00	-1.500000e+00	2.506294e+00
5.000010000000000e-04	1.000000e+00	1.500000e+00	2.506666e+00
5.000170000000003e-04	1.000000e+00	1.500000e+00	2.560060e+00
5.000214539324113e-04	1.000000e+00	1.500000e+00	2.580235e+00
5.000265526849979e-04	1.000000e+00	1.500000e+00	2.592160e+00
5.000297859292510e-04	1.000000e+00	1.500000e+00	2.596298e+00
5.000336569139875e-04	1.000000e+00	1.500000e+00	2.599423e+00
5.000385981165479e-04	1.000000e+00	1.500000e+00	2.601629e+00
5.000451227127461e-04	1.000000e+00	1.500000e+00	2.602792e+00
5.000581719051424e-04	1.000000e+00	1.500000e+00	2.602347e+00
5.000783788305247e-04	1.000000e+00	1.500000e+00	2.598517e+00
5.001104980417924e-04	1.000000e+00	1.500000e+00	2.589137e+00
5.001608266109634e-04	1.000000e+00	1.500000e+00	2.569810e+00
5.002614837493054e-04	1.000000e+00	1.500000e+00	2.523386e+00
5.004627980259893e-04	1.000000e+00	1.500000e+00	2.423404e+00
5.007988026176857e-04	1.000000e+00	1.500000e+00	2.255960e+00
5.014708118010786e-04	1.000000e+00	1.500000e+00	1.921436e+00
5.023438124761649e-04	1.000000e+00	1.500000e+00	1.486746e+00
5.032265985457053e-04	1.000000e+00	1.500000e+00	1.047375e+00
5.033486688582053e-04	1.000000e+00	1.500000e+00	9.866002e-01
5.040200555769552e-04	1.000000e+00	1.500000e+00	6.524513e-01
5.042342235147735e-04	1.000000e+00	1.500000e+00	5.716673e-01
5.044490277885029e-04	1.000000e+00	1.500000e+00	5.480193e-01
5.046542426913994e-04	1.000000e+00	1.500000e+00	5.530009e-01
5.048622923365028e-04	1.000000e+00	1.500000e+00	5.528108e-01
5.050543126371494e-04	1.000000e+00	1.500000e+00	5.523002e-01
5.054383532384426e-04	1.000000e+00	1.500000e+00	5.527967e-01
5.061728202057350e-04	1.000000e+00	1.500000e+00	5.524856e-01
5.069166501512799e-04	1.000000e+00	1.500000e+00	5.528665e-01
5.078932126512799e-04	1.000000e+00	1.500000e+00	5.526754e-01
5.088697751512799e-04	1.000000e+00	1.500000e+00	5.529979e-01
5.098463376512799e-04	1.000000e+00	1.500000e+00	5.528712e-01
5.099684079637799e-04	1.000000e+00	1.500000e+00	5.529573e-01
5.102125485887799e-04	1.000000e+00	1.500000e+00	5.212814e-01
5.105087688776364e-04	1.000000e+00	1.500000e+00	3.982817e-01
5.107806812044749e-04	1.000000e+00	1.500000e+00	2.541974e-01
5.110346422079092e-04	1.000000e+00	1.500000e+00	1.301231e-01
5.112989040382164e-04	1.000000e+00	1.500000e+00	-1.484920e-03
5.116139789838909e-04	1.000000e+00	1.500000e+00	-1.586112e-01
5.122441288752396e-04	1.000000e+00	1.500000e+00	-4.716906e-01
5.132206913752396e-04	1.000000e+00	1.500000e+00	-9.578319e-01
5.141157820290433e-04	1.000000e+00	1.500000e+00	-1.402626e+00
5.150923445290433e-04	1.000000e+00	1.500000e+00	-1.888545e+00
5.160689070290433e-04	1.000000e+00	1.500000e+00	-2.348257e+00
5.165753143435460e-04	1.000000e+00	1.500000e+00	-2.492507e+00
5.167360213228691e-04	1.000000e+00	1.500000e+00	-2.501697e+00
5.168914283917099e-04	1.000000e+00	1.500000e+00	-2.499005e+00
5.169599420061313e-04	1.000000e+00	1.500000e+00	-2.497382e+00
5.170575571955605e-04	1.000000e+00	1.500000e+00	-2.495856e+00
5.171684815646444e-04	1.000000e+00	1.500000e+00	-2.494756e+00
5.173627893293581e-04	1.000000e+00	1.500000e+00	-2.493800e+00
5.176099977119075e-04	1.000000e+00	1.500000e+00	-2.493434e+00
5.179172618395125e-04	1.000000e+00	1.500000e+00	-2.493358e+00
5.189783465187993e-04	1.000000e+00	1.500000e+00	-2.493354e+00
5.199549090187993e-04	1.000000e+00	1.500000e+00	-2.493354e+00
5.209314715187994e-04	1.000000e+00	1.500000e+00	-2.493354e+00
5.219080340187994e-04	1.000000e+00	1.500000e+00	-2.493354e+00
5.228845965187994e-04	1.000000e+00	1.500000e+00	-2.493355e+00
5.238611590187994e-04	1.000000e+00	1.500000e+00	-2.493355e+00
5.248377215187994e-04	1.000000e+00	1.500000e+00	-2.493355e+00
5.258142840187994e-04	1.000000e+00	1.500000e+00	-2.493355e+00
5.267908465187994e-04	1.000000e+00	1.500000e+00	-2.493355e+00
5.277674090187994e-04	1.000000e+00	1.500000e+00	-2.493355e+00
5.287439715187994e-04	1.000000e+00	1.500000e+00	-2.493355e+00
5.297205340187994e-04	1.000000e+00	1.500000e+00	-2.493355e+00
5.306970965187994e-04	1.000000e+00	1.500000e+00	-2.493355e+00
5.316736590187994e-04	1.000000e+00	1.500000e+00	-2.493355e+00
5.326502215187994e-04	1.000000e+00	1.500000e+00	-2.493355e+00
5.336267840187994e-04	1.000000e+00	1.500000e+00	-2.493355e+00
5.346033465187994e-04	1.000000e+00	1.500000e+00	-2.493355e+00
5.355799090187994e-04	1.000000e+00	1.500000e+00	-2.493355e+00
5.365564715187994e-04	1.000000e+00	1.500000e+00	-2.493355e+00
5.375330340187994e-04	1.000000e+00	1.500000e+00	-2.493355e+00
5.385095965187994e-04	1.000000e+00	1.500000e+00	-2.493355e+00
5.394861590187994e-04	1.000000e+00	1.500000e+00	-2.493355e+00
5.404627215187994e-04	1.000000e+00	1.500000e+00	-2.493355e+00
5.414392840187994e-04	1.000000e+00	1.500000e+00	-2.493355e+00
5.424158465187994e-04	1.000000e+00	1.500000e+00	-2.493355e+00
5.433924090187994e-04	1.000000e+00	1.500000e+00	-2.493355e+00
5.443689715187994e-04	1.000000e+00	1.500000e+00	-2.493355e+00
5.453455340187994e-04	1.000000e+00	1.500000e+00	-2.493355e+00
5.463220965187994e-04	1.000000e+00	1.500000e+00	-2.493355e+00
5.472986590187994e-04	1.000000e+00	1.500000e+00	-2.493355e+00
5.482752215187994e-04	1.000000e+00	1.500000e+00	-2.493355e+00
5.492517840187994e-04	1.000000e+00	1.500000e+00	-2.493355e+00
5.500010000000000e-04	1.000000e+00	1.500000e+00	-2.493355e+00
5.500020000000001e-04	-1.000000e+00	-1.500000e+00	-2.493728e+00
5.500180000000003e-04	-1.000000e+00	-1.500000e+00	-2.547122e+00
5.500230993412330e-04	-1.000000e+00	-1.500000e+00	-2.569465e+00
5.500278808746740e-04	-1.000000e+00	-1.500000e+00	-2.579769e+00
5.500310604474336e-04	-1.000000e+00	-1.500000e+00	-2.583661e+00
5.500349181553969e-04	-1.000000e+00	-1.500000e+00	-2.586655e+00
5.500393826283279e-04	-1.000000e+00	-1.500000e+00	-2.588621e+00
5.500457765791725e-04	-1.000000e+00	-1.500000e+00	-2.589822e+00
5.500585644808615e-04	-1.000000e+00	-1.500000e+00	-2.589477e+00
5.500782066744699e-04	-1.000000e+00	-1.500000e+00	-2.585852e+00
5.501098252881022e-04	-1.000000e+00	-1.500000e+00	-2.576749e+00
5.501588609769393e-04	-1.000000e+00	-1.500000e+00	-2.558101e+00
5.502569323546136e-04	-1.000000e+00	-1.500000e+00	-2.513101e+00
5.504530751099622e-04	-1.000000e+00	-1.500000e+00	-2.415737e+00
5.507835418022374e-04	-1.000000e+00	-1.500000e+00	-2.250939e+00
5.514444751867877e-04	-1.000000e+00	-1.500000e+00	-1.921781e+00
5.518883943151133e-04	-1.000000e+00	-1.500000e+00	-1.775897e+00
5.523248580541639e-04	-1.000000e+00	-1.500000e+00	-1.758014e+00
5.525475396708330e-04	-1.000000e+00	-1.500000e+00	-1.765591e+00
5.528441199946176e-04	-1.000000e+00	-1.500000e+00	-1.763690e+00
5.533218256751849e-04	-1.000000e+00	-1.500000e+00	-1.763945e+00
5.538990824055005e-04	-1.000000e+00	-1.500000e+00	-1.763666e+00
5.547670647094254e-04	-1.000000e+00	-1.500000e+00	-1.763235e+00
5.557436272094254e-04	-1.000000e+00	-1.500000e+00	-1.763021e+00
5.567201897094254e-04	-1.000000e+00	-1.500000e+00	-1.762451e+00
5.568422600219254e-04	-1.000000e+00	-1.500000e+00	-1.762508e+00
5.570864006469254e-04	-1.000000e+00	-1.500000e+00	-1.762430e+00
5.575746818969253e-04	-1.000000e+00	-1.500000e+00	-1.762211e+00
5.576129947209283e-04	-1.000000e+00	-1.500000e+00	-1.758338e+00
5.576896203689343e-04	-1.000000e+00	-1.500000e+00	-1.742099e+00
5.578428716649462e-04	-1.000000e+00	-1.500000e+00	-1.676988e+00
5.579973887106271e-04	-1.000000e+00	-1.500000e+00	-1.598093e+00
5.584642579572642e-04	-1.000000e+00	-1.500000e+00	-1.365806e+00
5.590041337314239e-04	-1.000000e+00	-1.500000e+00	-1.096967e+00
5.599806962314239e-04	-1.000000e+00	-1.500000e+00	-6.106776e-01
5.609572587314239e-04	-1.000000e+00	-1.500000e+00	-1.244984e-01
5.619338212314239e-04	-1.000000e+00	-1.500000e+00	3.616098e-01
5.629103837314239e-04	-1.000000e+00	-1.500000e+00	8.476238e-01
5.638869462314239e-04	-1.000000e+00	-1.500000e+00	1.333555e+00
5.648635087314239e-04	-1.000000e+00	-1.500000e+00	1.819400e+00
5.658400712314239e-04	-1.000000e+00	-1.500000e+00	2.305157e+00
5.663669317921447e-04	-1.000000e+00	-1.500000e+00	2.485383e+00
5.665613527529026e-04	-1.000000e+00	-1.500000e+00	2.505849e+00
5.667509427073998e-04	-1.000000e+00	-1.500000e+00	2.507317e+00
5.668209467716490e-04	-1.000000e+00	-1.500000e+00	2.506933e+00
5.669272774786015e-04	-1.000000e+00	-1.500000e+00	2.506693e+00
5.670453307704661e-04	-1.000000e+00	-1.500000e+00	2.506514e+00
5.672483383447803e-04	-1.000000e+00	-1.500000e+00	2.506361e+00
5.676543534934086e-04	-1.000000e+00	-1.500000e+00	2.506288e+00
5.682997634494046e-04	-1.000000e+00	-1.500000e+00	2.506293e+00
5.692466936292373e-04	-1.000000e+00	-1.500000e+00	2.506292e+00
5.702232561292373e-04	-1.000000e+00	-1.500000e+00	2.506292e+00
5.711998186292373e-04	-1.000000e+00	-1.500000e+00	2.506292e+00
5.721763811292373e-04	-1.000000e+00	-1.500000e+00	2.506292e+00
5.731529436292373e-04	-1.000000e+00	-1.500000e+00	2.506292e+00
5.741295061292373e-04	-1.000000e+00	-1.500000e+00	2.506292e+00
5.751060686292373e-04	-1.000000e+00	-1.500000e+00	2.506292e+00
5.760826311292373e-04	-1.000000e+00	-1.500000e+00	2.506292e+00
5.770591936292373e-04	-1.000000e+00	-1.500000e+00	2.506292e+00
5.780357561292373e-04	-1.000000e+00	-1.500000e+00	2.506292e+00
5.790123186292373e-04	-1.000000e+00	-1.500000e+00	2.506292e+00
5.799888811292373e-04	-1.000000e+00	-1.500000e+00	2.506292e+00
5.809654436292373e-04	-1.000000e+00	-1.500000e+00	2.506292e+00
5.819420061292373e-04	-1.000000e+00	-1.500000e+00	2.506292e+00
5.829185686292373e-04	-1.000000e+00	-1.500000e+00	2.506292e+00
5.838951311292373e-04	-1.000000e+00	-1.500000e+00	2.506292e+00
5.848716936292373e-04	-1.000000e+00	-1.500000e+00	2.506292e+00
5.858482561292373e-04	-1.000000e+00	-1.500000e+00	2.506292e+00
5.868248186292373e-04	-1.000000e+00	-1.500000e+00	2.506292e+00
5.878013811292373e-04	-1.000000e+00	-1.500000e+00	2.506292e+00
5.887779436292373e-04	-1.000000e+00	-1.500000e+00	2.506292e+00
5.897545061292373e-04	-1.000000e+00	-1.500000e+00	2.506292e+00
5.907310686292373e-04	-1.000000e+00	-1.500000e+00	2.506292e+00
5.917076311292373e-04	-1.000000e+00	-1.500000e+00	2.506292e+00
5.926841936292373e-04	-1.000000e+00	-1.500000e+00	2.506292e+00
5.936607561292373e-04	-1.000000e+00	-1.500000e+00	2.506292e+00
6.000000000000001e-04	-1.000000e+00	-1.500000e+00	2.506292e+00
6.000010000000000e-04	1.000000e+00	1.500000e+00	2.506665e+00
6.000169999999985e-04	1.000000e+00	1.500000e+00	2.560059e+00
6.000217006275201e-04	1.000000e+00	1.500000e+00	2.581079e+00
6.000266756746215e-04	1.000000e+00	1.500000e+00	2.592362e+00
6.000298917053101e-04	1.000000e+00	1.500000e+00	2.596411e+00
6.000337633819062e-04	1.000000e+00	1.500000e+00	2.599490e+00
6.000385115765793e-04	1.000000e+00	1.500000e+00	2.601599e+00
6.000449856586117e-04	1.000000e+00	1.500000e+00	2.602778e+00
6.000579338226764e-04	1.000000e+00	1.500000e+00	2.602373e+00
6.000779085071695e-04	1.000000e+00	1.500000e+00	2.598627e+00
6.001098676740979e-04	1.000000e+00	1.500000e+00	2.589347e+00
6.001597113186417e-04	1.000000e+00	1.500000e+00	2.570279e+00
6.002593986077296e-04	1.000000e+00	1.500000e+00	2.524397e+00
6.004587731859054e-04	1.000000e+00	1.500000e+00	2.425413e+00
6.007929589585577e-04	1.000000e+00	1.500000e+00	2.258862e+00
6.014613305038623e-04	1.000000e+00	1.500000e+00	1.926152e+00
6.024378930038623e-04	1.000000e+00	1.500000e+00	1.439899e+00
6.033336532593987e-04	1.000000e+00	1.500000e+00	9.940787e-01
6.034557235718987e-04	1.000000e+00	1.500000e+00	9.333031e-01
6.041634768483030e-04	1.000000e+00	1.500000e+00	5.810596e-01
6.043518055476190e-04	1.000000e+00	1.500000e+00	5.082437e-01
6.045296890157602e-04	1.000000e+00	1.500000e+00	4.846659e-01
6.047192269997872e-04	1.000000e+00	1.500000e+00	4.874761e-01
6.049049033941627e-04	1.000000e+00	1.500000e+00	4.879713e-01
6.051110784699757e-04	1.000000e+00	1.500000e+00	4.873429e-01
6.055234286216018e-04	1.000000e+00	1.500000e+00	4.878322e-01
6.062361483870095e-04	1.000000e+00	1.500000e+00	4.875454e-01
6.069828570465428e-04	1.000000e+00	1.500000e+00	4.879086e-01
6.079594195465428e-04	1.000000e+00	1.500000e+00	4.877488e-01
6.089359820465428e-04	1.000000e+00	1.500000e+00	4.880559e-01
6.099125445465428e-04	1.000000e+00	1.500000e+00	4.879585e-01
6.099548376458625e-04	1.000000e+00	1.500000e+00	4.880087e-01
6.100394238445019e-04	1.000000e+00	1.500000e+00	4.833126e-01
6.102085962417806e-04	1.000000e+00	1.500000e+00	4.325425e-01
6.103660616426672e-04	1.000000e+00	1.500000e+00	3.520099e-01
6.105382570821132e-04	1.000000e+00	1.500000e+00	2.647962e-01
6.107301238971922e-04	1.000000e+00	1.500000e+00	1.703246e-01
6.111138575273501e-04	1.000000e+00	1.500000e+00	-2.117931e-02
6.115321215525215e-04	1.000000e+00	1.500000e+00	-2.288774e-01
6.121061539465756e-04	1.000000e+00	1.500000e+00	-5.147362e-01
6.130827164465756e-04	1.000000e+00	1.500000e+00	-1.000253e+00
6.140592789465756e-04	1.000000e+00	1.500000e+00	-1.486117e+00
6.150358414465756e-04	1.000000e+00	1.500000e+00	-1.971526e+00
6.160124039465756e-04	1.000000e+00	1.500000e+00	-2.385993e+00
6.165021267796632e-04	1.000000e+00	1.500000e+00	-2.492323e+00
6.166797928493324e-04	1.000000e+00	1.500000e+00	-2.498952e+00
6.168089452454164e-04	1.000000e+00	1.500000e+00	-2.497140e+00
6.168858906103734e-04	1.000000e+00	1.500000e+00	-2.495975e+00
6.169900248155006e-04	1.000000e+00	1.500000e+00	-2.494931e+00
6.171396752969692e-04	1.000000e+00	1.500000e+00	-2.494058e+00
6.173665220656313e-04	1.000000e+00	1.500000e+00	-2.493523e+00
6.177020281895546e-04	1.000000e+00	1.500000e+00	-2.493358e+00
6.180488886587305e-04	1.000000e+00	1.500000e+00	-2.493356e+00
6.186422781815174e-04	1.000000e+00	1.500000e+00	-2.493356e+00
6.196188406815174e-04	1.000000e+00	1.500000e+00	-2.493356e+00
6.205954031815174e-04	1.000000e+00	1.500000e+00	-2.493356e+00
6.215719656815174e-04	1.000000e+00	1.500000e+00	-2.493356e+00
6.225485281815174e-04	1.000000e+00	1.500000e+00	-2.493356e+00
6.235250906815174e-04	1.000000e+00	1.500000e+00	-2.493356e+00
6.245016531815174e-04	1.000000e+00	1.500000e+00	-2.493356e+00
6.254782156815174e-04	1.000000e+00	1.500000e+00	-2.493356e+00
6.264547781815174e-04	1.000000e+00	1.500000e+00	-2.493356e+00
6.274313406815174e-04	1.000000e+00	1.500000e+00	-2.493356e+00
6.284079031815174e-04	1.000000e+00	1.500000e+00	-2.493356e+00
6.293844656815174e-04	1.000000e+00	1.500000e+00	-2.493356e+00
6.303610281815174e-04	1.000000e+00	1.500000e+00	-2.493356e+00
6.313375906815174e-04	1.000000e+00	1.500000e+00	-2.493356e+00
6.323141531815174e-04	1.000000e+00	1.500000e+00	-2.493356e+00
6.332907156815174e-04	1.000000e+00	1.500000e+00	-2.493356e+00
6.342672781815174e-04	1.000000e+00	1.500000e+00	-2.493356e+00
6.352438406815174e-04	1.000000e+00	1.500000e+00	-2.493356e+00
6.362204031815174e-04	1.000000e+00	1.500000e+00	-2.493356e+00
6.371969656815174e-04	1.000000e+00	1.500000e+00	-2.493356e+00
6.381735281815174e-04	1.000000e+00	1.500000e+00	-2.493356e+00
6.391500906815174e-04	1.000000e+00	1.500000e+00	-2.493356e+00
6.401266531815174e-04	1.000000e+00	1.500000e+00	-2.493356e+00
6.411032156815174e-04	1.000000e+00	1.500000e+00	-2.493356e+00
6.420797781815174e-04	1.000000e+00	1.500000e+00	-2.493356e+00
6.430563406815174e-04	1.000000e+00	1.500000e+00	-2.493356e+00
6.440329031815174e-04	1.000000e+00	1.500000e+00	-2.493356e+00
6.450094656815174e-04	1.000000e+00	1.500000e+00	-2.493356e+00
6.459860281815174e-04	1.000000e+00	1.500000e+00	-2.493356e+00
6.469625906815174e-04	1.000000e+00	1.500000e+00	-2.493356e+00
6.479391531815174e-04	1.000000e+00	1.500000e+00	-2.493357e+00
6.489157156815174e-04	1.000000e+00	1.500000e+00	-2.493356e+00
6.500010000000000e-04	1.000000e+00	1.500000e+00	-2.493357e+00
6.500020000000000e-04	-1.000000e+00	-1.500000e+00	-2.493729e+00
6.500144221756847e-04	-1.000000e+00	-1.500000e+00	-2.535397e+00
6.500177225891905e-04	-1.000000e+00	-1.500000e+00	-2.552121e+00
6.500228773752741e-04	-1.000000e+00	-1.500000e+00	-2.569034e+00
6.500262630009645e-04	-1.000000e+00	-1.500000e+00	-2.575907e+00
6.500300688877854e-04	-1.000000e+00	-1.500000e+00	-2.581198e+00
6.500373759905825e-04	-1.000000e+00	-1.500000e+00	-2.586944e+00
6.500444907719776e-04	-1.000000e+00	-1.500000e+00	-2.589137e+00
6.500587203347678e-04	-1.000000e+00	-1.500000e+00	-2.589366e+00
6.500757266267212e-04	-1.000000e+00	-1.500000e+00	-2.586396e+00
6.501065308769029e-04	-1.000000e+00	-1.500000e+00	-2.577832e+00
6.501456371019452e-04	-1.000000e+00	-1.500000e+00	-2.563491e+00
6.502238495520298e-04	-1.000000e+00	-1.500000e+00	-2.528870e+00
6.503802744521990e-04	-1.000000e+00	-1.500000e+00	-2.452113e+00
6.506770586393128e-04	-1.000000e+00	-1.500000e+00	-2.303954e+00
6.512706270135405e-04	-1.000000e+00	-1.500000e+00	-2.008413e+00
6.513212474399676e-04	-1.000000e+00	-1.500000e+00	-1.983165e+00
6.515862080485431e-04	-1.000000e+00	-1.500000e+00	-1.851144e+00
6.517459529217491e-04	-1.000000e+00	-1.500000e+00	-1.787374e+00
6.519003031077808e-04	-1.000000e+00	-1.500000e+00	-1.763131e+00
6.520902555407107e-04	-1.000000e+00	-1.500000e+00	-1.764086e+00
6.523292588771508e-04	-1.000000e+00	-1.500000e+00	-1.764905e+00
6.525846966008625e-04	-1.000000e+00	-1.500000e+00	-1.763991e+00
6.530955720482859e-04	-1.000000e+00	-1.500000e+00	-1.764410e+00
6.538104203996722e-04	-1.000000e+00	-1.500000e+00	-1.763637e+00
6.546171633626468e-04	-1.000000e+00	-1.500000e+00	-1.763755e+00
6.555937258626468e-04	-1.000000e+00	-1.500000e+00	-1.763018e+00
6.565702883626468e-04	-1.000000e+00	-1.500000e+00	-1.762966e+00
6.566923586751468e-04	-1.000000e+00	-1.500000e+00	-1.762804e+00
6.569364993001468e-04	-1.000000e+00	-1.500000e+00	-1.762659e+00
6.574247805501467e-04	-1.000000e+00	-1.500000e+00	-1.762507e+00
6.574630725651896e-04	-1.000000e+00	-1.500000e+00	-1.758621e+00
6.575396565952753e-04	-1.000000e+00	-1.500000e+00	-1.742384e+00
6.576928246554467e-04	-1.000000e+00	-1.500000e+00	-1.677327e+00
6.578474676951809e-04	-1.000000e+00	-1.500000e+00	-1.598371e+00
6.583144134341827e-04	-1.000000e+00	-1.500000e+00	-1.366048e+00
6.588542727457874e-04	-1.000000e+00	-1.500000e+00	-1.097219e+00
6.598308352457874e-04	-1.000000e+00	-1.500000e+00	-6.109333e-01
6.608073977457874e-04	-1.000000e+00	-1.500000e+00	-1.247578e-01
6.617839602457874e-04	-1.000000e+00	-1.500000e+00	3.613465e-01
6.627605227457874e-04	-1.000000e+00	-1.500000e+00	8.473567e-01
6.637370852457874e-04	-1.000000e+00	-1.500000e+00	1.333284e+00
6.647136477457874e-04	-1.000000e+00	-1.500000e+00	1.819125e+00
6.656902102457874e-04	-1.000000e+00	-1.500000e+00	2.304878e+00
6.662172386097809e-04	-1.000000e+00	-1.500000e+00	2.485235e+00
6.664119163805407e-04	-1.000000e+00	-1.500000e+00	2.505779e+00
6.666017611740029e-04	-1.000000e+00	-1.500000e+00	2.507285e+00
6.666718362078538e-04	-1.000000e+00	-1.500000e+00	2.506910e+00
6.667782771245826e-04	-1.000000e+00	-1.500000e+00	2.506679e+00
6.668964237120680e-04	-1.000000e+00	-1.500000e+00	2.506506e+00
6.670999084882825e-04	-1.000000e+00	-1.500000e+00	2.506357e+00
6.675068780407116e-04	-1.000000e+00	-1.500000e+00	2.506286e+00
6.681638831435035e-04	-1.000000e+00	-1.500000e+00	2.506292e+00
6.691230792170498e-04	-1.000000e+00	-1.500000e+00	2.506290e+00
6.700996417170498e-04	-1.000000e+00	-1.500000e+00	2.506291e+00
6.710762042170498e-04	-1.000000e+00	-1.500000e+00	2.506291e+00
6.720527667170498e-04	-1.000000e+00	-1.500000e+00	2.506291e+00
6.730293292170498e-04	-1.000000e+00	-1.500000e+00	2.506291e+00
6.740058917170498e-04	-1.000000e+00	-1.500000e+00	2.506291e+00
6.749824542170498e-04	-1.000000e+00	-1.500000e+00	2.506291e+00
6.759590167170498e-04	-1.000000e+00	-1.500000e+00	2.506291e+00
6.769355792170498e-04	-1.000000e+00	-1.500000e+00	2.506291e+00
6.779121417170498e-04	-1.000000e+00	-1.500000e+00	2.506291e+00
6.788887042170498e-04	-1.000000e+00	-1.500000e+00	2.506291e+00
6.798652667170498e-04	-1.000000e+00	-1.500000e+00	2.506291e+00
6.808418292170498e-04	-1.000000e+00	-1.500000e+00	2.506291e+00
6.818183917170498e-04	-1.000000e+00	-1.500000e+00	2.506291e+00
6.827949542170498e-04	-1.000000e+00	-1.500000e+00	2.506291e+00
6.837715167170498e-04	-1.000000e+00	-1.500000e+00	2.506291e+00
6.847480792170498e-04	-1.000000e+00	-1.500000e+00	2.506291e+00
6.857246417170498e-04	-1.000000e+00	-1.500000e+00	2.506291e+00
6.867012042170498e-04	-1.000000e+00	-1.500000e+00	2.506291e+00
6.876777667170498e-04	-1.000000e+00	-1.500000e+00	2.506291e+00
6.886543292170498e-04	-1.000000e+00	-1.500000e+00	2.506291e+00
6.896308917170498e-04	-1.000000e+00	-1.500000e+00	2.506291e+00
6.906074542170498e-04	-1.000000e+00	-1.500000e+00	2.506291e+00
6.915840167170498e-04	-1.000000e+00	-1.500000e+00	2.506291e+00
6.925605792170498e-04	-1.000000e+00	-1.500000e+00	2.506291e+00
6.935371417170498e-04	-1.000000e+00	-1.500000e+00	2.506291e+00
6.999999999999999e-04	-1.000000e+00	-1.500000e+00	2.506291e+00
7.000009999999999e-04	1.000000e+00	1.500000e+00	2.506664e+00
7.000170000000002e-04	1.000000e+00	1.500000e+00	2.560057e+00
7.000218983424413e-04	1.000000e+00	1.500000e+00	2.581741e+00
7.000267827174600e-04	1.000000e+00	1.500000e+00	2.592540e+00
7.000299876227731e-04	1.000000e+00	1.500000e+00	2.596515e+00
7.000338611668308e-04	1.000000e+00	1.500000e+00	2.599552e+00
7.000384755893122e-04	1.000000e+00	1.500000e+00	2.601586e+00
7.000449201348787e-04	1.000000e+00	1.500000e+00	2.602771e+00
7.000578092260116e-04	1.000000e+00	1.500000e+00	2.602386e+00
7.000776262670454e-04	1.000000e+00	1.500000e+00	2.598692e+00
7.001095402165812e-04	1.000000e+00	1.500000e+00	2.589456e+00
7.001591020710117e-04	1.000000e+00	1.500000e+00	2.570534e+00
7.002582257798726e-04	1.000000e+00	1.500000e+00	2.524964e+00
7.004564731975944e-04	1.000000e+00	1.500000e+00	2.426560e+00
7.007897375223310e-04	1.000000e+00	1.500000e+00	2.260460e+00
7.014562661718041e-04	1.000000e+00	1.500000e+00	1.928669e+00
7.024328286718041e-04	1.000000e+00	1.500000e+00	1.442408e+00
7.033494991268887e-04	1.000000e+00	1.500000e+00	9.861787e-01
7.034715694393888e-04	1.000000e+00	1.500000e+00	9.254022e-01
7.041233942396150e-04	1.000000e+00	1.500000e+00	6.009889e-01
7.043539686594885e-04	1.000000e+00	1.500000e+00	5.152589e-01
7.045525800031603e-04	1.000000e+00	1.500000e+00	4.933633e-01
7.047625809391088e-04	1.000000e+00	1.500000e+00	4.973304e-01
7.049691803275353e-04	1.000000e+00	1.500000e+00	4.972695e-01
7.051902364169060e-04	1.000000e+00	1.500000e+00	4.967711e-01
7.056323485956473e-04	1.000000e+00	1.500000e+00	4.972644e-01
7.063480729082832e-04	1.000000e+00	1.500000e+00	4.969486e-01
7.071600955734444e-04	1.000000e+00	1.500000e+00	4.973450e-01
7.081366580734444e-04	1.000000e+00	1.500000e+00	4.971451e-01
7.091132205734444e-04	1.000000e+00	1.500000e+00	4.974805e-01
7.092352908859445e-04	1.000000e+00	1.500000e+00	4.973990e-01
7.094794315109444e-04	1.000000e+00	1.500000e+00	4.973798e-01
7.097247237704849e-04	1.000000e+00	1.500000e+00	4.974250e-01
7.099877947855057e-04	1.000000e+00	1.500000e+00	4.618378e-01
7.102645507745575e-04	1.000000e+00	1.500000e+00	3.468915e-01
7.105204403756800e-04	1.000000e+00	1.500000e+00	2.120233e-01
7.107482492577332e-04	1.000000e+00	1.500000e+00	1.003188e-01
7.109911508805331e-04	1.000000e+00	1.500000e+00	-2.041405e-02
7.113042136808319e-04	1.000000e+00	1.500000e+00	-1.765720e-01
7.119303392814295e-04	1.000000e+00	1.500000e+00	-4.876857e-01
7.129069017814295e-04	1.000000e+00	1.500000e+00	-9.737865e-01
7.138805857058203e-04	1.000000e+00	1.500000e+00	-1.457717e+00
7.148571482058203e-04	1.000000e+00	1.500000e+00	-1.943586e+00
7.158337107058203e-04	1.000000e+00	1.500000e+00	-2.373191e+00
7.163327219059447e-04	1.000000e+00	1.500000e+00	-2.492849e+00
7.164983974674179e-04	1.000000e+00	1.500000e+00	-2.499950e+00
7.166339884989903e-04	1.000000e+00	1.500000e+00	-2.497973e+00
7.167077671941165e-04	1.000000e+00	1.500000e+00	-2.496615e+00
7.168093932522917e-04	1.000000e+00	1.500000e+00	-2.495358e+00
7.169382079875856e-04	1.000000e+00	1.500000e+00	-2.494375e+00
7.171756107373702e-04	1.000000e+00	1.500000e+00	-2.493584e+00
7.174495054565574e-04	1.000000e+00	1.500000e+00	-2.493383e+00
7.178035891314931e-04	1.000000e+00	1.500000e+00	-2.493356e+00
7.182543537507440e-04	1.000000e+00	1.500000e+00	-2.493357e+00
7.191558829892457e-04	1.000000e+00	1.500000e+00	-2.493357e+00
7.201324454892457e-04	1.000000e+00	1.500000e+00	-2.493357e+00
7.211090079892457e-04	1.000000e+00	1.500000e+00	-2.493357e+00
7.220855704892457e-04	1.000000e+00	1.500000e+00	-2.493357e+00
7.230621329892457e-04	1.000000e+00	1.500000e+00	-2.493357e+00
7.240386954892457e-04	1.000000e+00	1.500000e+00	-2.493357e+00
7.250152579892457e-04	1.000000e+00	1.500000e+00	-2.493357e+00
7.259918204892457e-04	1.000000e+00	1.500000e+00	-2.493357e+00
7.269683829892457e-04	1.000000e+00	1.500000e+00	-2.493357e+00
7.279449454892457e-04	1.000000e+00	1.500000e+00	-2.493357e+00
7.289215079892457e-04	1.000000e+00	1.500000e+00	-2.493357e+00
7.298980704892457e-04	1.000000e+00	1.500000e+00	-2.493357e+00
7.308746329892457e-04	1.000000e+00	1.500000e+00	-2.493357e+00
7.318511954892457e-04	1.000000e+00	1.500000e+00	-2.493357e+00
7.328277579892457e-04	1.000000e+00	1.500000e+00	-2.493357e+00
7.338043204892457e-04	1.000000e+00	1.500000e+00	-2.493357e+00
7.347808829892457e-04	1.000000e+00	1.500000e+00	-2.493357e+00
7.357574454892457e-04	1.000000e+00	1.500000e+00	-2.493358e+00
7.367340079892457e-04	1.000000e+00	1.500000e+00	-2.493358e+00
7.377105704892457e-04	1.000000e+00	1.500000e+00	-2.493358e+00
7.386871329892457e-04	1.000000e+00	1.500000e+00	-2.493358e+00
7.396636954892457e-04	1.000000e+00	1.500000e+00	-2.493358e+00
7.406402579892457e-04	1.000000e+00	1.500000e+00	-2.493358e+00
7.416168204892457e-04	1.000000e+00	1.500000e+00	-2.493358e+00
7.425933829892457e-04	1.000000e+00	1.500000e+00	-2.493358e+00
7.435699454892457e-04	1.000000e+00	1.500000e+00	-2.493358e+00
7.445465079892457e-04	1.000000e+00	1.500000e+00	-2.493358e+00
7.455230704892457e-04	1.000000e+00	1.500000e+00	-2.493358e+00
7.464996329892457e-04	1.000000e+00	1.500000e+00	-2.493358e+00
7.474761954892457e-04	1.000000e+00	1.500000e+00	-2.493358e+00
7.484527579892457e-04	1.000000e+00	1.500000e+00	-2.493358e+00
7.494293204892457e-04	1.000000e+00	1.500000e+00	-2.493358e+00
7.500009999999999e-04	1.000000e+00	1.500000e+00	-2.493358e+00
7.500019999999999e-04	-1.000000e+00	-1.500000e+00	-2.493731e+00
7.500180000000002e-04	-1.000000e+00	-1.500000e+00	-2.547124e+00
7.500228467365759e-04	-1.000000e+00	-1.500000e+00	-2.568636e+00
7.500277362491075e-04	-1.000000e+00	-1.500000e+00	-2.579529e+00
7.500309276658955e-04	-1.000000e+00	-1.500000e+00	-2.583517e+00
7.500347818208375e-04	-1.000000e+00	-1.500000e+00	-2.586568e+00
7.500393990801492e-04	-1.000000e+00	-1.500000e+00	-2.588628e+00
7.500458212447052e-04	-1.000000e+00	-1.500000e+00	-2.589828e+00
7.500586655738173e-04	-1.000000e+00	-1.500000e+00	-2.589469e+00
7.500784815040089e-04	-1.000000e+00	-1.500000e+00	-2.585791e+00
7.501100860289498e-04	-1.000000e+00	-1.500000e+00	-2.576665e+00
7.501593850872653e-04	-1.000000e+00	-1.500000e+00	-2.557885e+00
7.502579832038962e-04	-1.000000e+00	-1.500000e+00	-2.512596e+00
7.504551794371581e-04	-1.000000e+00	-1.500000e+00	-2.414690e+00
7.507863436141989e-04	-1.000000e+00	-1.500000e+00	-2.249553e+00
7.514486719682804e-04	-1.000000e+00	-1.500000e+00	-1.919703e+00
7.518930161802383e-04	-1.000000e+00	-1.500000e+00	-1.773710e+00
7.523300339172901e-04	-1.000000e+00	-1.500000e+00	-1.755837e+00
7.525528900804759e-04	-1.000000e+00	-1.500000e+00	-1.763420e+00
7.528494909849453e-04	-1.000000e+00	-1.500000e+00	-1.761516e+00
7.533269133897769e-04	-1.000000e+00	-1.500000e+00	-1.761778e+00
7.539036135939518e-04	-1.000000e+00	-1.500000e+00	-1.761503e+00
7.547721788991751e-04	-1.000000e+00	-1.500000e+00	-1.761079e+00
7.557487413991751e-04	-1.000000e+00	-1.500000e+00	-1.760873e+00
7.567253038991751e-04	-1.000000e+00	-1.500000e+00	-1.760311e+00
7.568473742116752e-04	-1.000000e+00	-1.500000e+00	-1.760369e+00
7.570915148366751e-04	-1.000000e+00	-1.500000e+00	-1.760293e+00
7.575797960866751e-04	-1.000000e+00	-1.500000e+00	-1.760078e+00
7.576179493930720e-04	-1.000000e+00	-1.500000e+00	-1.756239e+00
7.576942560058659e-04	-1.000000e+00	-1.500000e+00	-1.740127e+00
7.578468692314536e-04	-1.000000e+00	-1.500000e+00	-1.675399e+00
7.580008898472321e-04	-1.000000e+00	-1.500000e+00	-1.596775e+00
7.584653825955668e-04	-1.000000e+00	-1.500000e+00	-1.365670e+00
7.590017137512420e-04	-1.000000e+00	-1.500000e+00	-1.098597e+00
7.599782762512420e-04	-1.000000e+00	-1.500000e+00	-6.123167e-01
7.609548387512420e-04	-1.000000e+00	-1.500000e+00	-1.261428e-01
7.619314012512420e-04	-1.000000e+00	-1.500000e+00	3.599564e-01
7.629079637512420e-04	-1.000000e+00	-1.500000e+00	8.459643e-01
7.638845262512420e-04	-1.000000e+00	-1.500000e+00	1.331887e+00
7.648610887512420e-04	-1.000000e+00	-1.500000e+00	1.817726e+00
7.658376512512420e-04	-1.000000e+00	-1.500000e+00	2.303474e+00
7.663655045332238e-04	-1.000000e+00	-1.500000e+00	2.484491e+00
7.665615009654887e-04	-1.000000e+00	-1.500000e+00	2.505432e+00
7.667526549829390e-04	-1.000000e+00	-1.500000e+00	2.507135e+00
7.668230811756459e-04	-1.000000e+00	-1.500000e+00	2.506803e+00
7.669300752090563e-04	-1.000000e+00	-1.500000e+00	2.506617e+00
7.670487340350405e-04	-1.000000e+00	-1.500000e+00	2.506472e+00
7.672549048900883e-04	-1.000000e+00	-1.500000e+00	2.506346e+00
7.676672466001838e-04	-1.000000e+00	-1.500000e+00	2.506285e+00
7.683943002313569e-04	-1.000000e+00	-1.500000e+00	2.506291e+00
7.693708627313569e-04	-1.000000e+00	-1.500000e+00	2.506289e+00
7.703474252313569e-04	-1.000000e+00	-1.500000e+00	2.506289e+00
7.713239877313569e-04	-1.000000e+00	-1.500000e+00	2.506289e+00
7.723005502313569e-04	-1.000000e+00	-1.500000e+00	2.506289e+00
7.732771127313569e-04	-1.000000e+00	-1.500000e+00	2.506289e+00
7.742536752313569e-04	-1.000000e+00	-1.500000e+00	2.506289e+00
7.752302377313569e-04	-1.000000e+00	-1.500000e+00	2.506289e+00
7.762068002313569e-04	-1.000000e+00	-1.500000e+00	2.506289e+00
7.771833627313569e-04	-1.000000e+00	-1.500000e+00	2.506289e+00
7.781599252313569e-04	-1.000000e+00	-1.500000e+00	2.506289e+00
7.791364877313569e-04	-1.000000e+00	-1.500000e+00	2.506289e+00
7.801130502313569e-04	-1.000000e+00	-1.500000e+00	2.506289e+00
7.810896127313569e-04	-1.000000e+00	-1.500000e+00	2.506289e+00
7.820661752313569e-04	-1.000000e+00	-1.500000e+00	2.506289e+00
7.830427377313569e-04	-1.000000e+00	-1.500000e+00	2.506289e+00
7.840193002313569e-04	-1.000000e+00	-1.500000e+00	2.506289e+00
7.849958627313569e-04	-1.000000e+00	-1.500000e+00	2.506289e+00
7.859724252313569e-04	-1.000000e+00	-1.500000e+00	2.506289e+00
7.869489877313569e-04	-1.000000e+00	-1.500000e+00	2.506289e+00
7.879255502313569e-04	-1.000000e+00	-1.500000e+00	2.506289e+00
7.889021127313569e-04	-1.000000e+00	-1.500000e+00	2.506289e+00
7.898786752313569e-04	-1.000000e+00	-1.500000e+00	2.506289e+00
7.908552377313569e-04	-1.000000e+00	-1.500000e+00	2.506289e+00
7.918318002313569e-04	-1.000000e+00	-1.500000e+00	2.506289e+00
7.928083627313569e-04	-1.000000e+00	-1.500000e+00	2.506289e+00
7.937849252313569e-04	-1.000000e+00	-1.500000e+00	2.506289e+00
7.967146127313569e-04	-1.000000e+00	-1.500000e+00	2.506289e+00
7.999999999999999e-04	-1.000000e+00	-1.500000e+00	2.506289e+00
8.000009999999999e-04	1.000000e+00	1.500000e+00	2.506662e+00
8.000170000000002e-04	1.000000e+00	1.500000e+00	2.560056e+00
8.000214702822459e-04	1.000000e+00	1.500000e+00	2.580287e+00
8.000265604344045e-04	1.000000e+00	1.500000e+00	2.592169e+00
8.000297924064546e-04	1.000000e+00	1.500000e+00	2.596301e+00
8.000336633704170e-04	1.000000e+00	1.500000e+00	2.599423e+00
8.000385907372870e-04	1.000000e+00	1.500000e+00	2.601623e+00
8.000451114365414e-04	1.000000e+00	1.500000e+00	2.602787e+00
8.000581528350501e-04	1.000000e+00	1.500000e+00	2.602345e+00
8.000783429542240e-04	1.000000e+00	1.500000e+00	2.598521e+00
8.001104474121880e-04	1.000000e+00	1.500000e+00	2.589150e+00
8.001607384216524e-04	1.000000e+00	1.500000e+00	2.569843e+00
8.002613204405814e-04	1.000000e+00	1.500000e+00	2.523460e+00
8.004624844784393e-04	1.000000e+00	1.500000e+00	2.423553e+00
8.007983375289722e-04	1.000000e+00	1.500000e+00	2.256179e+00
8.014700436300380e-04	1.000000e+00	1.500000e+00	1.921799e+00
8.023404201583393e-04	1.000000e+00	1.500000e+00	1.488405e+00
8.032228762519867e-04	1.000000e+00	1.500000e+00	1.049187e+00
8.033449465644867e-04	1.000000e+00	1.500000e+00	9.884107e-01
8.040163332832367e-04	1.000000e+00	1.500000e+00	6.542536e-01
8.042297530394852e-04	1.000000e+00	1.500000e+00	5.736945e-01
8.044436484436246e-04	1.000000e+00	1.500000e+00	5.500331e-01
8.046475017651221e-04	1.000000e+00	1.500000e+00	5.549569e-01
8.048555081201824e-04	1.000000e+00	1.500000e+00	5.547939e-01
8.050456709860188e-04	1.000000e+00	1.500000e+00	5.542764e-01
8.054259967176917e-04	1.000000e+00	1.500000e+00	5.547655e-01
8.061668261461878e-04	1.000000e+00	1.500000e+00	5.544496e-01
8.069101391204547e-04	1.000000e+00	1.500000e+00	5.548180e-01
8.078867016204547e-04	1.000000e+00	1.500000e+00	5.546184e-01
8.088632641204547e-04	1.000000e+00	1.500000e+00	5.549260e-01
8.098398266204547e-04	1.000000e+00	1.500000e+00	5.547903e-01
8.099618969329548e-04	1.000000e+00	1.500000e+00	5.548738e-01
8.102060375579547e-04	1.000000e+00	1.500000e+00	5.231946e-01
8.105010422846419e-04	1.000000e+00	1.500000e+00	4.007650e-01
8.107741190517153e-04	1.000000e+00	1.500000e+00	2.561273e-01
8.110293094076627e-04	1.000000e+00	1.500000e+00	1.314462e-01
8.112945199622172e-04	1.000000e+00	1.500000e+00	-6.453128e-04
8.116117226932687e-04	1.000000e+00	1.500000e+00	-1.588311e-01
8.122461281553716e-04	1.000000e+00	1.500000e+00	-4.740351e-01
8.132226906553716e-04	1.000000e+00	1.500000e+00	-9.601882e-01
8.141212605181918e-04	1.000000e+00	1.500000e+00	-1.406721e+00
8.150978230181918e-04	1.000000e+00	1.500000e+00	-1.892652e+00
8.160743855181918e-04	1.000000e+00	1.500000e+00	-2.350121e+00
8.165804070741541e-04	1.000000e+00	1.500000e+00	-2.492553e+00
8.167412419538914e-04	1.000000e+00	1.500000e+00	-2.501572e+00
8.168966570668520e-04	1.000000e+00	1.500000e+00	-2.498914e+00
8.169660402556951e-04	1.000000e+00	1.500000e+00	-2.497301e+00
8.170639229903339e-04	1.000000e+00	1.500000e+00	-2.495803e+00
8.171762908317216e-04	1.000000e+00	1.500000e+00	-2.494717e+00
8.173715061944785e-04	1.000000e+00	1.500000e+00	-2.493787e+00
8.176218087599720e-04	1.000000e+00	1.500000e+00	-2.493432e+00
8.179308732301564e-04	1.000000e+00	1.500000e+00	-2.493362e+00
8.190105990237519e-04	1.000000e+00	1.500000e+00	-2.493358e+00
8.199871615237519e-04	1.000000e+00	1.500000e+00	-2.493358e+00
8.209637240237519e-04	1.000000e+00	1.500000e+00	-2.493358e+00
8.219402865237519e-04	1.000000e+00	1.500000e+00	-2.493358e+00
8.229168490237519e-04	1.000000e+00	1.500000e+00	-2.493358e+00
8.238934115237519e-04	1.000000e+00	1.500000e+00	-2.493359e+00
8.248699740237519e-04	1.000000e+00	1.500000e+00	-2.493359e+00
8.258465365237519e-04	1.000000e+00	1.500000e+00	-2.493359e+00
8.268230990237519e-04	1.000000e+00	1.500000e+00	-2.493359e+00
8.277996615237519e-04	1.000000e+00	1.500000e+00	-2.493359e+00
8.287762240237519e-04	1.000000e+00	1.500000e+00	-2.493359e+00
8.297527865237520e-04	1.000000e+00	1.500000e+00	-2.493359e+00
8.307293490237520e-04	1.000000e+00	1.500000e+00	-2.493359e+00
8.317059115237520e-04	1.000000e+00	1.500000e+00	-2.493359e+00
8.326824740237520e-04	1.000000e+00	1.500000e+00	-2.493359e+00
8.336590365237520e-04	1.000000e+00	1.500000e+00	-2.493359e+00
8.346355990237520e-04	1.000000e+00	1.500000e+00	-2.493359e+00
8.356121615237520e-04	1.000000e+00	1.500000e+00	-2.493359e+00
8.365887240237520e-04	1.000000e+00	1.500000e+00	-2.493359e+00
8.375652865237520e-04	1.000000e+00	1.500000e+00	-2.493359e+00
8.385418490237520e-04	1.000000e+00	1.500000e+00	-2.493359e+00
8.395184115237520e-04	1.000000e+00	1.500000e+00	-2.493359e+00
8.404949740237520e-04	1.000000e+00	1.500000e+00	-2.493359e+00
8.414715365237520e-04	1.000000e+00	1.500000e+00	-2.493359e+00
8.424480990237520e-04	1.000000e+00	1.500000e+00	-2.493359e+00
8.434246615237520e-04	1.000000e+00	1.500000e+00	-2.493359e+00
8.444012240237520e-04	1.000000e+00	1.500000e+00	-2.493359e+00
8.453777865237520e-04	1.000000e+00	1.500000e+00	-2.493359e+00
8.463543490237520e-04	1.000000e+00	1.500000e+00	-2.493359e+00
8.473309115237520e-04	1.000000e+00	1.500000e+00	-2.493359e+00
8.483074740237520e-04	1.000000e+00	1.500000e+00	-2.493359e+00
8.492840365237520e-04	1.000000e+00	1.500000e+00	-2.493359e+00
8.500010000000000e-04	1.000000e+00	1.500000e+00	-2.493359e+00
8.500020000000000e-04	-1.000000e+00	-1.500000e+00	-2.493732e+00
8.500180000000002e-04	-1.000000e+00	-1.500000e+00	-2.547126e+00
8.500230563481365e-04	-1.000000e+00	-1.500000e+00	-2.569329e+00
8.500278555458799e-04	-1.000000e+00	-1.500000e+00	-2.579731e+00
8.500310369188860e-04	-1.000000e+00	-1.500000e+00	-2.583639e+00
8.500348939139288e-04	-1.000000e+00	-1.500000e+00	-2.586643e+00
8.500393828253273e-04	-1.000000e+00	-1.500000e+00	-2.588624e+00
8.500457807598996e-04	-1.000000e+00	-1.500000e+00	-2.589826e+00
8.500585766290439e-04	-1.000000e+00	-1.500000e+00	-2.589480e+00
8.500782462677177e-04	-1.000000e+00	-1.500000e+00	-2.585847e+00
8.501098560747847e-04	-1.000000e+00	-1.500000e+00	-2.576743e+00
8.501589288088442e-04	-1.000000e+00	-1.500000e+00	-2.558078e+00
8.502570742769635e-04	-1.000000e+00	-1.500000e+00	-2.513038e+00
8.504533652132018e-04	-1.000000e+00	-1.500000e+00	-2.415600e+00
8.507839157272247e-04	-1.000000e+00	-1.500000e+00	-2.250765e+00
8.514450167552703e-04	-1.000000e+00	-1.500000e+00	-1.921531e+00
8.518889869692071e-04	-1.000000e+00	-1.500000e+00	-1.775638e+00
8.523255173052623e-04	-1.000000e+00	-1.500000e+00	-1.757761e+00
8.525482199856866e-04	-1.000000e+00	-1.500000e+00	-1.765341e+00
8.528448027596978e-04	-1.000000e+00	-1.500000e+00	-1.763443e+00
8.533224888265468e-04	-1.000000e+00	-1.500000e+00	-1.763704e+00
8.538997075130503e-04	-1.000000e+00	-1.500000e+00	-1.763431e+00
8.547677601478425e-04	-1.000000e+00	-1.500000e+00	-1.763011e+00
8.557443226478426e-04	-1.000000e+00	-1.500000e+00	-1.762808e+00
8.567208851478426e-04	-1.000000e+00	-1.500000e+00	-1.762249e+00
8.568429554603426e-04	-1.000000e+00	-1.500000e+00	-1.762308e+00
8.570870960853426e-04	-1.000000e+00	-1.500000e+00	-1.762233e+00
8.575753773353425e-04	-1.000000e+00	-1.500000e+00	-1.762019e+00
8.576136758195088e-04	-1.000000e+00	-1.500000e+00	-1.758149e+00
8.576902727878413e-04	-1.000000e+00	-1.500000e+00	-1.741923e+00
8.578434667245063e-04	-1.000000e+00	-1.500000e+00	-1.676848e+00
8.579979396171347e-04	-1.000000e+00	-1.500000e+00	-1.597979e+00
8.584645970032660e-04	-1.000000e+00	-1.500000e+00	-1.365803e+00
8.590041569507126e-04	-1.000000e+00	-1.500000e+00	-1.097127e+00
8.599807194507126e-04	-1.000000e+00	-1.500000e+00	-6.108484e-01
8.609572819507126e-04	-1.000000e+00	-1.500000e+00	-1.246803e-01
8.619338444507126e-04	-1.000000e+00	-1.500000e+00	3.614165e-01
8.629104069507126e-04	-1.000000e+00	-1.500000e+00	8.474193e-01
8.638869694507126e-04	-1.000000e+00	-1.500000e+00	1.333339e+00
8.648635319507126e-04	-1.000000e+00	-1.500000e+00	1.819173e+00
8.658400944507126e-04	-1.000000e+00	-1.500000e+00	2.304919e+00
8.663670953014017e-04	-1.000000e+00	-1.500000e+00	2.485253e+00
8.665617400100247e-04	-1.000000e+00	-1.500000e+00	2.505786e+00
8.667515520003708e-04	-1.000000e+00	-1.500000e+00	2.507287e+00
8.668216171349964e-04	-1.000000e+00	-1.500000e+00	2.506911e+00
8.669280419760206e-04	-1.000000e+00	-1.500000e+00	2.506678e+00
8.670461851893798e-04	-1.000000e+00	-1.500000e+00	2.506505e+00
8.672496304109858e-04	-1.000000e+00	-1.500000e+00	2.506355e+00
8.676565208541978e-04	-1.000000e+00	-1.500000e+00	2.506284e+00
8.683120668159869e-04	-1.000000e+00	-1.500000e+00	2.506289e+00
8.692693738339268e-04	-1.000000e+00	-1.500000e+00	2.506288e+00
8.702459363339268e-04	-1.000000e+00	-1.500000e+00	2.506288e+00
8.712224988339268e-04	-1.000000e+00	-1.500000e+00	2.506288e+00
8.721990613339268e-04	-1.000000e+00	-1.500000e+00	2.506288e+00
8.731756238339268e-04	-1.000000e+00	-1.500000e+00	2.506288e+00
8.741521863339268e-04	-1.000000e+00	-1.500000e+00	2.506288e+00
8.751287488339268e-04	-1.000000e+00	-1.500000e+00	2.506288e+00
8.761053113339268e-04	-1.000000e+00	-1.500000e+00	2.506288e+00
8.770818738339268e-04	-1.000000e+00	-1.500000e+00	2.506288e+00
8.780584363339268e-04	-1.000000e+00	-1.500000e+00	2.506288e+00
8.790349988339268e-04	-1.000000e+00	-1.500000e+00	2.506288e+00
8.800115613339268e-04	-1.000000e+00	-1.500000e+00	2.506288e+00
8.809881238339268e-04	-1.000000e+00	-1.500000e+00	2.506288e+00
8.819646863339268e-04	-1.000000e+00	-1.500000e+00	2.506288e+00
8.829412488339268e-04	-1.000000e+00	-1.500000e+00	2.506288e+00
8.839178113339268e-04	-1.000000e+00	-1.500000e+00	2.506288e+00
8.848943738339268e-04	-1.000000e+00	-1.500000e+00	2.506288e+00
8.858709363339268e-04	-1.000000e+00	-1.500000e+00	2.506288e+00
8.868474988339268e-04	-1.000000e+00	-1.500000e+00	2.506288e+00
8.878240613339268e-04	-1.000000e+00	-1.500000e+00	2.506288e+00
8.888006238339268e-04	-1.000000e+00	-1.500000e+00	2.506288e+00
8.897771863339268e-04	-1.000000e+00	-1.500000e+00	2.506288e+00
8.907537488339268e-04	-1.000000e+00	-1.500000e+00	2.506288e+00
8.917303113339268e-04	-1.000000e+00	-1.500000e+00	2.506288e+00
8.927068738339268e-04	-1.000000e+00	-1.500000e+00	2.506288e+00
9.000000000000000e-04	-1.000000e+00	-1.500000e+00	2.506288e+00
9.000010000000000e-04	1.000000e+00	1.500000e+00	2.506661e+00
9.000170000000002e-04	1.000000e+00	1.500000e+00	2.560055e+00
9.000216612767177e-04	1.000000e+00	1.500000e+00	2.580942e+00
9.000266552259298e-04	1.000000e+00	1.500000e+00	2.592324e+00
9.000298737355639e-04	1.000000e+00	1.500000e+00	2.596387e+00
9.000337451686146e-04	1.000000e+00	1.500000e+00	2.599474e+00
9.000385220439440e-04	1.000000e+00	1.500000e+00	2.601598e+00
9.000450030779704e-04	1.000000e+00	1.500000e+00	2.602776e+00
9.000579651460231e-04	1.000000e+00	1.500000e+00	2.602366e+00
9.000779740143038e-04	1.000000e+00	1.500000e+00	2.598608e+00
9.001099503526954e-04	1.000000e+00	1.500000e+00	2.589315e+00
9.001598604978262e-04	1.000000e+00	1.500000e+00	2.570211e+00
9.002596807880878e-04	1.000000e+00	1.500000e+00	2.524254e+00
9.004593213686110e-04	1.000000e+00	1.500000e+00	2.425131e+00
9.007937388527107e-04	1.000000e+00	1.500000e+00	2.258462e+00
9.014625738209100e-04	1.000000e+00	1.500000e+00	1.925514e+00
9.024391363209100e-04	1.000000e+00	1.500000e+00	1.439250e+00
9.033306624005333e-04	1.000000e+00	1.500000e+00	9.955263e-01
9.034527327130334e-04	1.000000e+00	1.500000e+00	9.347495e-01
9.041598587676336e-04	1.000000e+00	1.500000e+00	5.828099e-01
9.043481889861006e-04	1.000000e+00	1.500000e+00	5.099913e-01
9.045261338636066e-04	1.000000e+00	1.500000e+00	4.864080e-01
9.047154104016629e-04	1.000000e+00	1.500000e+00	4.892179e-01
9.049004983206402e-04	1.000000e+00	1.500000e+00	4.897128e-01
9.051060976285071e-04	1.000000e+00	1.500000e+00	4.890825e-01
9.055172962442407e-04	1.000000e+00	1.500000e+00	4.895650e-01
9.062255521197892e-04	1.000000e+00	1.500000e+00	4.892716e-01
9.069723963450603e-04	1.000000e+00	1.500000e+00	4.896241e-01
9.079489588450603e-04	1.000000e+00	1.500000e+00	4.894547e-01
9.089255213450603e-04	1.000000e+00	1.500000e+00	4.897488e-01
9.099020838450603e-04	1.000000e+00	1.500000e+00	4.896414e-01
9.099441355948538e-04	1.000000e+00	1.500000e+00	4.896905e-01
9.100282390944408e-04	1.000000e+00	1.500000e+00	4.850484e-01
9.101964460936147e-04	1.000000e+00	1.500000e+00	4.347358e-01
9.103529374973845e-04	1.000000e+00	1.500000e+00	3.547941e-01
9.105267065754861e-04	1.000000e+00	1.500000e+00	2.667713e-01
9.107179434109455e-04	1.000000e+00	1.500000e+00	1.726121e-01
9.111004170818642e-04	1.000000e+00	1.500000e+00	-1.826779e-02
9.115177956588973e-04	1.000000e+00	1.500000e+00	-2.255322e-01
9.120872505482357e-04	1.000000e+00	1.500000e+00	-5.091188e-01
9.130638130482357e-04	1.000000e+00	1.500000e+00	-9.946496e-01
9.140403755482357e-04	1.000000e+00	1.500000e+00	-1.480524e+00
9.150169380482357e-04	1.000000e+00	1.500000e+00	-1.965946e+00
9.159935005482357e-04	1.000000e+00	1.500000e+00	-2.383472e+00
9.164841683057193e-04	1.000000e+00	1.500000e+00	-2.492261e+00
9.166603970659545e-04	1.000000e+00	1.500000e+00	-2.499115e+00
9.167910448017242e-04	1.000000e+00	1.500000e+00	-2.497262e+00
9.168668356502104e-04	1.000000e+00	1.500000e+00	-2.496077e+00
9.169703720425314e-04	1.000000e+00	1.500000e+00	-2.495001e+00
9.171156076298559e-04	1.000000e+00	1.500000e+00	-2.494112e+00
9.173405481855317e-04	1.000000e+00	1.500000e+00	-2.493542e+00
9.176699565293078e-04	1.000000e+00	1.500000e+00	-2.493365e+00
9.180118232535856e-04	1.000000e+00	1.500000e+00	-2.493359e+00
9.185843282558039e-04	1.000000e+00	1.500000e+00	-2.493360e+00
9.195424970206640e-04	1.000000e+00	1.500000e+00	-2.493360e+00
9.205190595206640e-04	1.000000e+00	1.500000e+00	-2.493360e+00
9.214956220206640e-04	1.000000e+00	1.500000e+00	-2.493360e+00
9.224721845206640e-04	1.000000e+00	1.500000e+00	-2.493360e+00
9.234487470206640e-04	1.000000e+00	1.500000e+00	-2.493360e+00
9.244253095206640e-04	1.000000e+00	1.500000e+00	-2.493360e+00
9.254018720206640e-04	1.000000e+00	1.500000e+00	-2.493360e+00
9.263784345206640e-04	1.000000e+00	1.500000e+00	-2.493360e+00
9.273549970206640e-04	1.000000e+00	1.500000e+00	-2.493360e+00
9.283315595206640e-04	1.000000e+00	1.500000e+00	-2.493360e+00
9.293081220206640e-04	1.000000e+00	1.500000e+00	-2.493360e+00
9.302846845206640e-04	1.000000e+00	1.500000e+00	-2.493360e+00
9.312612470206640e-04	1.000000e+00	1.500000e+00	-2.493360e+00
9.322378095206640e-04	1.000000e+00	1.500000e+00	-2.493360e+00
9.332143720206640e-04	1.000000e+00	1.500000e+00	-2.493360e+00
9.341909345206640e-04	1.000000e+00	1.500000e+00	-2.493360e+00
9.351674970206640e-04	1.000000e+00	1.500000e+00	-2.493360e+00
9.361440595206640e-04	1.000000e+00	1.500000e+00	-2.493360e+00
9.371206220206640e-04	1.000000e+00	1.500000e+00	-2.493360e+00
9.380971845206640e-04	1.000000e+00	1.500000e+00	-2.493360e+00
9.390737470206640e-04	1.000000e+00	1.500000e+00	-2.493360e+00
9.400503095206640e-04	1.000000e+00	1.500000e+00	-2.493360e+00
9.410268720206640e-04	1.000000e+00	1.500000e+00	-2.493360e+00
9.420034345206640e-04	1.000000e+00	1.500000e+00	-2.493360e+00
9.429799970206640e-04	1.000000e+00	1.500000e+00	-2.493360e+00
9.439565595206640e-04	1.000000e+00	1.500000e+00	-2.493360e+00
9.449331220206640e-04	1.000000e+00	1.500000e+00	-2.493360e+00
9.459096845206640e-04	1.000000e+00	1.500000e+00	-2.493361e+00
9.468862470206640e-04	1.000000e+00	1.500000e+00	-2.493360e+00
9.478628095206640e-04	1.000000e+00	1.500000e+00	-2.493361e+00
9.488393720206640e-04	1.000000e+00	1.500000e+00	-2.493361e+00
9.498159345206640e-04	1.000000e+00	1.500000e+00	-2.493361e+00
9.500010000000000e-04	1.000000e+00	1.500000e+00	-2.493361e+00
9.500020000000000e-04	-1.000000e+00	-1.500000e+00	-2.493733e+00
9.500180000000003e-04	-1.000000e+00	-1.500000e+00	-2.547127e+00
9.500220665408682e-04	-1.000000e+00	-1.500000e+00	-2.565929e+00
9.500273684069916e-04	-1.000000e+00	-1.500000e+00	-2.578929e+00
9.500306212937383e-04	-1.000000e+00	-1.500000e+00	-2.583191e+00
9.500344766089814e-04	-1.000000e+00	-1.500000e+00	-2.586376e+00
9.500397645356834e-04	-1.000000e+00	-1.500000e+00	-2.588754e+00
9.500463776829656e-04	-1.000000e+00	-1.500000e+00	-2.589880e+00
9.500596039775300e-04	-1.000000e+00	-1.500000e+00	-2.589359e+00
9.500802228156820e-04	-1.000000e+00	-1.500000e+00	-2.585377e+00
9.501125660642405e-04	-1.000000e+00	-1.500000e+00	-2.575835e+00
9.501636859030479e-04	-1.000000e+00	-1.500000e+00	-2.556072e+00
9.502659255806624e-04	-1.000000e+00	-1.500000e+00	-2.508739e+00
9.504704049358916e-04	-1.000000e+00	-1.500000e+00	-2.407083e+00
9.508087689106397e-04	-1.000000e+00	-1.500000e+00	-2.238402e+00
9.514854968601360e-04	-1.000000e+00	-1.500000e+00	-1.901363e+00
9.519342287183513e-04	-1.000000e+00	-1.500000e+00	-1.754208e+00
9.523769441705617e-04	-1.000000e+00	-1.500000e+00	-1.736411e+00
9.526013680207026e-04	-1.000000e+00	-1.500000e+00	-1.744032e+00
9.528982778572668e-04	-1.000000e+00	-1.500000e+00	-1.742091e+00
9.533723542950701e-04	-1.000000e+00	-1.500000e+00	-1.742378e+00
9.539415451083046e-04	-1.000000e+00	-1.500000e+00	-1.742103e+00
9.548164376942127e-04	-1.000000e+00	-1.500000e+00	-1.741692e+00
9.557930001942127e-04	-1.000000e+00	-1.500000e+00	-1.741492e+00
9.567695626942127e-04	-1.000000e+00	-1.500000e+00	-1.740944e+00
9.568916330067128e-04	-1.000000e+00	-1.500000e+00	-1.741003e+00
9.571357736317127e-04	-1.000000e+00	-1.500000e+00	-1.740929e+00
9.576240548817127e-04	-1.000000e+00	-1.500000e+00	-1.740719e+00
9.576607602594122e-04	-1.000000e+00	-1.500000e+00	-1.737181e+00
9.577341710148112e-04	-1.000000e+00	-1.500000e+00	-1.722197e+00
9.578809925256090e-04	-1.000000e+00	-1.500000e+00	-1.660941e+00
9.580305713202739e-04	-1.000000e+00	-1.500000e+00	-1.584756e+00
9.582214490999782e-04	-1.000000e+00	-1.500000e+00	-1.489889e+00
9.584740990382628e-04	-1.000000e+00	-1.500000e+00	-1.364037e+00
9.589793989148318e-04	-1.000000e+00	-1.500000e+00	-1.112394e+00
9.599559614148318e-04	-1.000000e+00	-1.500000e+00	-6.261389e-01
9.609325239148318e-04	-1.000000e+00	-1.500000e+00	-1.399534e-01
9.619090864148318e-04	-1.000000e+00	-1.500000e+00	3.461278e-01
9.628856489148318e-04	-1.000000e+00	-1.500000e+00	8.321419e-01
9.638622114148318e-04	-1.000000e+00	-1.500000e+00	1.318051e+00
9.648387739148318e-04	-1.000000e+00	-1.500000e+00	1.803892e+00
9.658153364148318e-04	-1.000000e+00	-1.500000e+00	2.289630e+00
9.663515653289394e-04	-1.000000e+00	-1.500000e+00	2.477275e+00
9.665605840931874e-04	-1.000000e+00	-1.500000e+00	2.502272e+00
9.667647298818914e-04	-1.000000e+00	-1.500000e+00	2.505918e+00
9.668380448313557e-04	-1.000000e+00	-1.500000e+00	2.505965e+00
9.669510730075231e-04	-1.000000e+00	-1.500000e+00	2.506152e+00
9.670727995905107e-04	-1.000000e+00	-1.500000e+00	2.506231e+00
9.673141349622666e-04	-1.000000e+00	-1.500000e+00	2.506282e+00
9.677521405057802e-04	-1.000000e+00	-1.500000e+00	2.506288e+00
9.686132784188718e-04	-1.000000e+00	-1.500000e+00	2.506287e+00
9.695898409188718e-04	-1.000000e+00	-1.500000e+00	2.506287e+00
9.705664034188718e-04	-1.000000e+00	-1.500000e+00	2.506287e+00
9.715429659188718e-04	-1.000000e+00	-1.500000e+00	2.506287e+00
9.725195284188718e-04	-1.000000e+00	-1.500000e+00	2.506287e+00
9.734960909188718e-04	-1.000000e+00	-1.500000e+00	2.506287e+00
9.744726534188718e-04	-1.000000e+00	-1.500000e+00	2.506287e+00
9.754492159188718e-04	-1.000000e+00	-1.500000e+00	2.506287e+00
9.764257784188718e-04	-1.000000e+00	-1.500000e+00	2.506287e+00
9.774023409188717e-04	-1.000000e+00	-1.500000e+00	2.506287e+00
9.783789034188716e-04	-1.000000e+00	-1.500000e+00	2.506287e+00
9.793554659188715e-04	-1.000000e+00	-1.500000e+00	2.506287e+00
9.803320284188714e-04	-1.000000e+00	-1.500000e+00	2.506287e+00
9.813085909188713e-04	-1.000000e+00	-1.500000e+00	2.506287e+00
9.822851534188712e-04	-1.000000e+00	-1.500000e+00	2.506287e+00
9.832617159188711e-04	-1.000000e+00	-1.500000e+00	2.506287e+00
9.842382784188710e-04	-1.000000e+00	-1.500000e+00	2.506287e+00
9.852148409188709e-04	-1.000000e+00	-1.500000e+00	2.506287e+00
9.861914034188708e-04	-1.000000e+00	-1.500000e+00	2.506287e+00
9.871679659188707e-04	-1.000000e+00	-1.500000e+00	2.506287e+00
9.881445284188706e-04	-1.000000e+00	-1.500000e+00	2.506287e+00
9.891210909188704e-04	-1.000000e+00	-1.500000e+00	2.506287e+00
9.900976534188703e-04	-1.000000e+00	-1.500000e+00	2.506287e+00
9.910742159188702e-04	-1.000000e+00	-1.500000e+00	2.506287e+00
9.920507784188701e-04	-1.000000e+00	-1.500000e+00	2.506287e+00
9.930273409188700e-04	-1.000000e+00	-1.500000e+00	2.506287e+00
9.940039034188699e-04	-1.000000e+00	-1.500000e+00	2.506287e+00
9.949804659188698e-04	-1.000000e+00	-1.500000e+00	2.506287e+00
9.959570284188697e-04	-1.000000e+00	-1.500000e+00	2.506287e+00
9.969335909188696e-04	-1.000000e+00	-1.500000e+00	2.506287e+00
9.979101534188695e-04	-1.000000e+00	-1.500000e+00	2.506287e+00
9.988867159188694e-04	-1.000000e+00	-1.500000e+00	2.506287e+00
1.000000000000000e-03	-1.000000e+00	-1.500000e+00	2.506287e+00
